Liczba wypadków,Liczba zabitych,Liczba rannych,Rok,Warunki atmosferyczne,Rodzaj zdarzenia,Warunki atmosferyczne,Oświetlenie,Charakterystyka miejsca zdarzenia,IDKSIP zdarzenia,Godzina,Dzień,Ranny,GPS x,GPS y,Numer drogi,Obszar,Geometria drogi,Kategoria drogi 1,Rodzaj drogi,Czy w zdarzeniu był sprawca nietrzeźwy,Powiat,Gmina
1,0,1,2014,Dobre warunki atmosferyczne,Najechanie na drzewo,Dobre warunki atmosferyczne,Noc - droga nieoświetlona,"Skarpa, rów",EWK-98168428M,21,2014-03-09,Ciężko,22*18'276,52*26'567,36157W,Obszar zabudowany,Odcinek prosty,Droga powiatowa,Jednojezdniowa dwukierunkowa,N,POWIAT SOKOŁOWSKI,SABNIE - OBSZAR WIEJSKI
1,0,0,2014,Dobre warunki atmosferyczne,Najechanie na drzewo,Dobre warunki atmosferyczne,Noc - droga nieoświetlona,"Skarpa, rów",EWK-98168428M,21,2014-03-09,Nieokreślone (puste pole),22*18'276,52*26'567,36157W,Obszar zabudowany,Odcinek prosty,Droga powiatowa,Jednojezdniowa dwukierunkowa,N,POWIAT SOKOŁOWSKI,SABNIE - OBSZAR WIEJSKI
1,0,2,2014,Dobre warunki atmosferyczne,Najechanie na drzewo,Dobre warunki atmosferyczne,Noc - droga nieoświetlona,"Skarpa, rów",EWK-98258080F,23,2014-05-30,Ciężko,20*09'395,52*23'563,62,Obszar niezabudowany,Odcinek prosty,Droga krajowa,Jednojezdniowa dwukierunkowa,N,POWIAT PŁOCKI,WYSZOGRÓD - OBSZAR WIEJSKI
1,1,0,2014,Dobre warunki atmosferyczne,Najechanie na drzewo,Dobre warunki atmosferyczne,Noc - droga nieoświetlona,"Skarpa, rów",EWK-98258080F,23,2014-05-30,Nieokreślone (puste pole),20*09'395,52*23'563,62,Obszar niezabudowany,Odcinek prosty,Droga krajowa,Jednojezdniowa dwukierunkowa,N,POWIAT PŁOCKI,WYSZOGRÓD - OBSZAR WIEJSKI
1,0,2,2014,Dobre warunki atmosferyczne,Najechanie na drzewo,Dobre warunki atmosferyczne,Noc - droga nieoświetlona,"Skarpa, rów",EWK-98381510E,1,2014-08-24,Lekko,21*42'427,52*35'535,G361030S,Obszar niezabudowany,Odcinek prosty,Droga gminna,Jednojezdniowa dwukierunkowa,N,POWIAT WĘGROWSKI,ŁOCHÓW - OBSZAR WIEJSKI
1,1,0,2014,Dobre warunki atmosferyczne,Najechanie na drzewo,Dobre warunki atmosferyczne,Noc - droga nieoświetlona,"Skarpa, rów",EWK-98398562R,20,2014-09-07,Nieokreślone (puste pole),19*41'422,52*39'510,P3704W,Obszar niezabudowany,Odcinek prosty,Droga powiatowa,Jednojezdniowa dwukierunkowa,T,POWIAT PŁOCKI,STARA BIAŁA - OBSZAR WIEJSKI
1,0,1,2014,Dobre warunki atmosferyczne,Najechanie na drzewo,Dobre warunki atmosferyczne,Noc - droga nieoświetlona,"Skarpa, rów",EWK-98647544U,21,2014-11-16,Ciężko,20*31'427,51*58'529,GMINNA,Obszar niezabudowany,"Zakręt, łuk",Droga gminna,Jednojezdniowa dwukierunkowa,N,POWIAT ŻYRARDOWSKI,MSZCZONÓW - OBSZAR WIEJSKI
1,1,0,2014,Dobre warunki atmosferyczne,Najechanie na drzewo,Dobre warunki atmosferyczne,Noc - droga nieoświetlona,"Skarpa, rów",EWK-98647544U,21,2014-11-16,Nieokreślone (puste pole),20*31'427,51*58'529,GMINNA,Obszar niezabudowany,"Zakręt, łuk",Droga gminna,Jednojezdniowa dwukierunkowa,N,POWIAT ŻYRARDOWSKI,MSZCZONÓW - OBSZAR WIEJSKI
1,1,0,2014,Dobre warunki atmosferyczne,Najechanie na drzewo,Dobre warunki atmosferyczne,Noc - droga nieoświetlona,"Skarpa, rów",EWK-98669959H,3,2014-12-05,Nieokreślone (puste pole),22*04'153,52*19'525,696,Obszar niezabudowany,"Zakręt, łuk",Droga wojewódzka,Jednojezdniowa dwukierunkowa,N,POWIAT WĘGROWSKI,LIW - OBSZAR WIEJSKI
1,0,1,2014,Dobre warunki atmosferyczne,Najechanie na drzewo,Dobre warunki atmosferyczne,Noc - droga oświetlona,Pobocze,EWK-98209299L,0,2014-04-18,Ciężko,21*36'335,52*42'159,G440124W,Obszar zabudowany,Odcinek prosty,Droga gminna,Jednojezdniowa dwukierunkowa,T,POWIAT WYSZKOWSKI,BRAŃSZCZYK - OBSZAR WIEJSKI
1,0,1,2014,Dobre warunki atmosferyczne,Najechanie na drzewo,Dobre warunki atmosferyczne,Noc - droga oświetlona,Pobocze,EWK-98364291F,23,2014-08-14,Lekko,21*14'029,51*25'441,737,Obszar zabudowany,Odcinek prosty,Droga wojewódzka,Jednojezdniowa dwukierunkowa,T,POWIAT RADOMSKI,JEDLNIA-LETNISKO - OBSZAR WIEJSKI
1,0,0,2014,Dobre warunki atmosferyczne,Najechanie na drzewo,Dobre warunki atmosferyczne,Noc - droga oświetlona,Pobocze,EWK-98364291F,23,2014-08-14,Nieokreślone (puste pole),21*14'029,51*25'441,737,Obszar zabudowany,Odcinek prosty,Droga wojewódzka,Jednojezdniowa dwukierunkowa,T,POWIAT RADOMSKI,JEDLNIA-LETNISKO - OBSZAR WIEJSKI
1,0,1,2014,Dobre warunki atmosferyczne,Najechanie na drzewo,Dobre warunki atmosferyczne,Noc - droga oświetlona,"Wjazd, wyjazd z posesji, pola",EWK-98143440J,23,2014-02-23,Lekko,20*22'243,52*37'519,I,Obszar zabudowany,,Nieokreślone (puste pole),Jednojezdniowa dwukierunkowa,N,POWIAT PŁOŃSKI,PŁOŃSK - OBSZAR MIEJSKI
1,0,0,2014,Dobre warunki atmosferyczne,Najechanie na drzewo,Dobre warunki atmosferyczne,Noc - droga oświetlona,"Wjazd, wyjazd z posesji, pola",EWK-98143440J,23,2014-02-23,Nieokreślone (puste pole),20*22'243,52*37'519,I,Obszar zabudowany,,Nieokreślone (puste pole),Jednojezdniowa dwukierunkowa,N,POWIAT PŁOŃSKI,PŁOŃSK - OBSZAR MIEJSKI
1,0,1,2014,Dobre warunki atmosferyczne,Najechanie na drzewo,Dobre warunki atmosferyczne,"Zmrok, świt",Jezdnia,EWK-98358937N,6,2014-08-04,Ciężko,21*39'448,52*41'544,8,Obszar niezabudowany,Odcinek prosty,Droga krajowa,Jednojezdniowa dwukierunkowa,N,POWIAT WYSZKOWSKI,BRAŃSZCZYK - OBSZAR WIEJSKI
1,0,2,2014,Dobre warunki atmosferyczne,Najechanie na drzewo,Dobre warunki atmosferyczne,"Zmrok, świt",Jezdnia,EWK-98358937N,6,2014-08-04,Lekko,21*39'448,52*41'544,8,Obszar niezabudowany,Odcinek prosty,Droga krajowa,Jednojezdniowa dwukierunkowa,N,POWIAT WYSZKOWSKI,BRAŃSZCZYK - OBSZAR WIEJSKI
1,2,0,2014,Dobre warunki atmosferyczne,Najechanie na drzewo,Dobre warunki atmosferyczne,"Zmrok, świt",Jezdnia,EWK-98635071K,17,2014-11-06,Nieokreślone (puste pole),20*26'089,52*37'286,P3040W,Obszar niezabudowany,"Zakręt, łuk",Droga powiatowa,Jednojezdniowa dwukierunkowa,N,POWIAT PŁOŃSKI,PŁOŃSK - OBSZAR WIEJSKI
1,0,1,2014,Dobre warunki atmosferyczne,Najechanie na drzewo,Dobre warunki atmosferyczne,"Zmrok, świt",Pobocze,EWK-98290867H,3,2014-06-25,Ciężko,20*26'143,52*25'519,G300216W,Obszar zabudowany,"Zakręt, łuk",Droga gminna,Jednojezdniowa dwukierunkowa,N,POWIAT PŁOŃSKI,CZERWIŃSK NAD WISŁĄ - OBSZAR WIEJSKI
1,1,0,2014,Dobre warunki atmosferyczne,Najechanie na drzewo,Dobre warunki atmosferyczne,"Zmrok, świt",Pobocze,EWK-98290867H,3,2014-06-25,Nieokreślone (puste pole),20*26'143,52*25'519,G300216W,Obszar zabudowany,"Zakręt, łuk",Droga gminna,Jednojezdniowa dwukierunkowa,N,POWIAT PŁOŃSKI,CZERWIŃSK NAD WISŁĄ - OBSZAR WIEJSKI
1,0,4,2014,Dobre warunki atmosferyczne,Najechanie na drzewo,Dobre warunki atmosferyczne,"Zmrok, świt",Pobocze,EWK-98663276M,17,2014-11-30,Lekko,20*06'015,52*30'270,P2948W,Obszar niezabudowany,Odcinek prosty,Droga powiatowa,Jednojezdniowa dwukierunkowa,N,POWIAT PŁOCKI,BODZANÓW - OBSZAR WIEJSKI
1,0,1,2014,Dobre warunki atmosferyczne,Najechanie na drzewo,Dobre warunki atmosferyczne,Światło dzienne,Jezdnia,EWK-98152103M,15,2014-03-08,Ciężko,20.160000,52.152840,GMINNA,Obszar zabudowany,Odcinek prosty,Droga gminna,Jednojezdniowa dwukierunkowa,N,POWIAT SOCHACZEWSKI,NOWA SUCHA - OBSZAR WIEJSKI
1,0,1,2014,Dobre warunki atmosferyczne,Najechanie na drzewo,Dobre warunki atmosferyczne,Światło dzienne,Jezdnia,EWK-98152103M,15,2014-03-08,Lekko,20.160000,52.152840,GMINNA,Obszar zabudowany,Odcinek prosty,Droga gminna,Jednojezdniowa dwukierunkowa,N,POWIAT SOCHACZEWSKI,NOWA SUCHA - OBSZAR WIEJSKI
1,0,2,2014,Dobre warunki atmosferyczne,Najechanie na drzewo,Dobre warunki atmosferyczne,Światło dzienne,Jezdnia,EWK-98176409H,8,2014-03-09,Ciężko,21*34'312,52*45'407,2648W,Obszar niezabudowany,Odcinek prosty,Droga powiatowa,Jednojezdniowa dwukierunkowa,T,POWIAT WYSZKOWSKI,DŁUGOSIODŁO - OBSZAR WIEJSKI
1,0,0,2014,Dobre warunki atmosferyczne,Najechanie na drzewo,Dobre warunki atmosferyczne,Światło dzienne,Jezdnia,EWK-98176409H,8,2014-03-09,Nieokreślone (puste pole),21*34'312,52*45'407,2648W,Obszar niezabudowany,Odcinek prosty,Droga powiatowa,Jednojezdniowa dwukierunkowa,T,POWIAT WYSZKOWSKI,DŁUGOSIODŁO - OBSZAR WIEJSKI
1,1,0,2014,Dobre warunki atmosferyczne,Najechanie na drzewo,Dobre warunki atmosferyczne,Światło dzienne,Jezdnia,EWK-98177083D,11,2014-03-29,Nieokreślone (puste pole),20*19'254,52*32'062,P3065W,Obszar zabudowany,Odcinek prosty,Droga powiatowa,Jednojezdniowa dwukierunkowa,T,POWIAT PŁOŃSKI,NARUSZEWO - OBSZAR WIEJSKI
1,0,1,2014,Dobre warunki atmosferyczne,Najechanie na drzewo,Dobre warunki atmosferyczne,Światło dzienne,Jezdnia,EWK-98184174E,7,2014-04-03,Lekko,20*51'173,52*40'045,G340539W,Obszar niezabudowany,Odcinek prosty,Droga gminna,Jednojezdniowa dwukierunkowa,N,POWIAT PUŁTUSKI,ŚWIERCZE - OBSZAR WIEJSKI
1,0,1,2014,Dobre warunki atmosferyczne,Najechanie na drzewo,Dobre warunki atmosferyczne,Światło dzienne,Jezdnia,EWK-98192815K,9,2014-04-08,Lekko,21*21'220,53*10'515,G250119W,Obszar zabudowany,"Zakręt, łuk",Droga gminna,Jednojezdniowa dwukierunkowa,N,POWIAT OSTROŁĘCKI,BARANOWO - OBSZAR WIEJSKI
1,1,0,2014,Dobre warunki atmosferyczne,Najechanie na drzewo,Dobre warunki atmosferyczne,Światło dzienne,Jezdnia,EWK-98196885A,14,2014-04-11,Nieokreślone (puste pole),20*20'564,52*37'146,P3076W,Obszar zabudowany,Odcinek prosty,Droga powiatowa,Jednojezdniowa dwukierunkowa,N,POWIAT PŁOŃSKI,PŁOŃSK - OBSZAR MIEJSKI
1,0,1,2014,Dobre warunki atmosferyczne,Najechanie na drzewo,Dobre warunki atmosferyczne,Światło dzienne,Jezdnia,EWK-98207560G,18,2014-04-19,Lekko,19*53'369,52*25'296,P6915W,Obszar niezabudowany,Odcinek prosty,Droga powiatowa,Jednojezdniowa dwukierunkowa,T,POWIAT PŁOCKI,SŁUBICE - OBSZAR WIEJSKI
1,0,0,2014,Dobre warunki atmosferyczne,Najechanie na drzewo,Dobre warunki atmosferyczne,Światło dzienne,Jezdnia,EWK-98207560G,18,2014-04-19,Nieokreślone (puste pole),19*53'369,52*25'296,P6915W,Obszar niezabudowany,Odcinek prosty,Droga powiatowa,Jednojezdniowa dwukierunkowa,T,POWIAT PŁOCKI,SŁUBICE - OBSZAR WIEJSKI
1,0,1,2014,Dobre warunki atmosferyczne,Najechanie na drzewo,Dobre warunki atmosferyczne,Światło dzienne,Jezdnia,EWK-98216233T,14,2014-04-29,Lekko,19*30'300,52*26'522,G140209W,Obszar niezabudowany,Odcinek prosty,Droga gminna,Jednojezdniowa dwukierunkowa,N,POWIAT GOSTYNIŃSKI,GOSTYNIN - OBSZAR WIEJSKI
1,0,1,2014,Dobre warunki atmosferyczne,Najechanie na drzewo,Dobre warunki atmosferyczne,Światło dzienne,Jezdnia,EWK-98217653L,18,2014-04-30,Lekko,21*45'053,51*46'016,17,Obszar niezabudowany,Odcinek prosty,Droga krajowa,Jednojezdniowa dwukierunkowa,N,POWIAT GARWOLIŃSKI,SOBOLEW - OBSZAR WIEJSKI
1,0,2,2014,Dobre warunki atmosferyczne,Najechanie na drzewo,Dobre warunki atmosferyczne,Światło dzienne,Jezdnia,EWK-98227190P,16,2014-05-08,Ciężko,21*53'086,52*46'367,GMINNA,Obszar zabudowany,"Zakręt, łuk",Droga gminna,Jednojezdniowa dwukierunkowa,N,POWIAT OSTROWSKI,OSTRÓW MAZOWIECKA - OBSZAR WIEJSKI
1,0,2,2014,Dobre warunki atmosferyczne,Najechanie na drzewo,Dobre warunki atmosferyczne,Światło dzienne,Jezdnia,EWK-98230931E,13,2014-05-11,Ciężko,21*31'561,52*34'514,62,Obszar niezabudowany,Odcinek prosty,Droga krajowa,Jednojezdniowa dwukierunkowa,N,POWIAT WYSZKOWSKI,WYSZKÓW - OBSZAR WIEJSKI
1,0,1,2014,Dobre warunki atmosferyczne,Najechanie na drzewo,Dobre warunki atmosferyczne,Światło dzienne,Jezdnia,EWK-98230931E,13,2014-05-11,Lekko,21*31'561,52*34'514,62,Obszar niezabudowany,Odcinek prosty,Droga krajowa,Jednojezdniowa dwukierunkowa,N,POWIAT WYSZKOWSKI,WYSZKÓW - OBSZAR WIEJSKI
1,1,0,2014,Dobre warunki atmosferyczne,Najechanie na drzewo,Dobre warunki atmosferyczne,Światło dzienne,Jezdnia,EWK-98230931E,13,2014-05-11,Nieokreślone (puste pole),21*31'561,52*34'514,62,Obszar niezabudowany,Odcinek prosty,Droga krajowa,Jednojezdniowa dwukierunkowa,N,POWIAT WYSZKOWSKI,WYSZKÓW - OBSZAR WIEJSKI
1,0,2,2014,Dobre warunki atmosferyczne,Najechanie na drzewo,Dobre warunki atmosferyczne,Światło dzienne,Jezdnia,EWK-98237800Q,12,2014-05-17,Ciężko,20*11'438,52*59'311,P3015W,Obszar niezabudowany,Odcinek prosty,Droga powiatowa,Jednojezdniowa dwukierunkowa,N,POWIAT MŁAWSKI,SZREŃSK - OBSZAR WIEJSKI
1,0,1,2014,Dobre warunki atmosferyczne,Najechanie na drzewo,Dobre warunki atmosferyczne,Światło dzienne,Jezdnia,EWK-98237800Q,12,2014-05-17,Lekko,20*11'438,52*59'311,P3015W,Obszar niezabudowany,Odcinek prosty,Droga powiatowa,Jednojezdniowa dwukierunkowa,N,POWIAT MŁAWSKI,SZREŃSK - OBSZAR WIEJSKI
1,1,0,2014,Dobre warunki atmosferyczne,Najechanie na drzewo,Dobre warunki atmosferyczne,Światło dzienne,Jezdnia,EWK-98237800Q,12,2014-05-17,Nieokreślone (puste pole),20*11'438,52*59'311,P3015W,Obszar niezabudowany,Odcinek prosty,Droga powiatowa,Jednojezdniowa dwukierunkowa,N,POWIAT MŁAWSKI,SZREŃSK - OBSZAR WIEJSKI
1,0,1,2014,Dobre warunki atmosferyczne,Najechanie na drzewo,Dobre warunki atmosferyczne,Światło dzienne,Jezdnia,EWK-98255589L,7,2014-05-25,Lekko,21*35'136,53*21'033,645,Obszar niezabudowany,"Zakręt, łuk",Droga wojewódzka,Jednojezdniowa dwukierunkowa,N,POWIAT OSTROŁĘCKI,ŁYSE - OBSZAR WIEJSKI
1,1,0,2014,Dobre warunki atmosferyczne,Najechanie na drzewo,Dobre warunki atmosferyczne,Światło dzienne,Jezdnia,EWK-98267840X,18,2014-06-06,Nieokreślone (puste pole),19*54'139,52*49'289,P3743W,Obszar zabudowany,Odcinek prosty,Droga powiatowa,Jednojezdniowa dwukierunkowa,N,POWIAT SIERPECKI,ZAWIDZ - OBSZAR WIEJSKI
1,0,1,2014,Dobre warunki atmosferyczne,Najechanie na drzewo,Dobre warunki atmosferyczne,Światło dzienne,Jezdnia,EWK-98274165G,15,2014-06-11,Ciężko,21*07'569,51*49'317,P,Obszar zabudowany,Odcinek prosty,Droga powiatowa,Jednojezdniowa dwukierunkowa,N,POWIAT GRÓJECKI,WARKA - OBSZAR MIEJSKI
1,0,2,2014,Dobre warunki atmosferyczne,Najechanie na drzewo,Dobre warunki atmosferyczne,Światło dzienne,Jezdnia,EWK-98283625J,13,2014-06-22,Ciężko,20*46'535,53*09'266,,Obszar niezabudowany,Odcinek prosty,Nieokreślone (puste pole),Jednojezdniowa dwukierunkowa,N,POWIAT PRZASNYSKI,KRZYNOWŁOGA MAŁA - OBSZAR WIEJSKI
1,0,1,2014,Dobre warunki atmosferyczne,Najechanie na drzewo,Dobre warunki atmosferyczne,Światło dzienne,Jezdnia,EWK-98283625J,13,2014-06-22,Lekko,20*46'535,53*09'266,,Obszar niezabudowany,Odcinek prosty,Nieokreślone (puste pole),Jednojezdniowa dwukierunkowa,N,POWIAT PRZASNYSKI,KRZYNOWŁOGA MAŁA - OBSZAR WIEJSKI
1,0,0,2014,Dobre warunki atmosferyczne,Najechanie na drzewo,Dobre warunki atmosferyczne,Światło dzienne,Jezdnia,EWK-98283625J,13,2014-06-22,Nieokreślone (puste pole),20*46'535,53*09'266,,Obszar niezabudowany,Odcinek prosty,Nieokreślone (puste pole),Jednojezdniowa dwukierunkowa,N,POWIAT PRZASNYSKI,KRZYNOWŁOGA MAŁA - OBSZAR WIEJSKI
1,0,1,2014,Dobre warunki atmosferyczne,Najechanie na drzewo,Dobre warunki atmosferyczne,Światło dzienne,Jezdnia,EWK-98294675G,9,2014-06-28,Ciężko,20*52'463,52*45'201,P1230W,Obszar niezabudowany,"Zakręt, łuk",Droga powiatowa,Jednojezdniowa dwukierunkowa,N,POWIAT PUŁTUSKI,GZY - OBSZAR WIEJSKI
1,0,1,2014,Dobre warunki atmosferyczne,Najechanie na drzewo,Dobre warunki atmosferyczne,Światło dzienne,Jezdnia,EWK-98294675G,9,2014-06-28,Lekko,20*52'463,52*45'201,P1230W,Obszar niezabudowany,"Zakręt, łuk",Droga powiatowa,Jednojezdniowa dwukierunkowa,N,POWIAT PUŁTUSKI,GZY - OBSZAR WIEJSKI
1,0,0,2014,Dobre warunki atmosferyczne,Najechanie na drzewo,Dobre warunki atmosferyczne,Światło dzienne,Jezdnia,EWK-98294675G,9,2014-06-28,Nieokreślone (puste pole),20*52'463,52*45'201,P1230W,Obszar niezabudowany,"Zakręt, łuk",Droga powiatowa,Jednojezdniowa dwukierunkowa,N,POWIAT PUŁTUSKI,GZY - OBSZAR WIEJSKI
1,0,2,2014,Dobre warunki atmosferyczne,Najechanie na drzewo,Dobre warunki atmosferyczne,Światło dzienne,Jezdnia,EWK-98297583G,6,2014-06-28,Ciężko,20*32'390,52*35'393,P3051W,Obszar zabudowany,Odcinek prosty,Droga powiatowa,Jednojezdniowa dwukierunkowa,T,POWIAT PŁOŃSKI,JONIEC - OBSZAR WIEJSKI
1,0,1,2014,Dobre warunki atmosferyczne,Najechanie na drzewo,Dobre warunki atmosferyczne,Światło dzienne,Jezdnia,EWK-98297583G,6,2014-06-28,Lekko,20*32'390,52*35'393,P3051W,Obszar zabudowany,Odcinek prosty,Droga powiatowa,Jednojezdniowa dwukierunkowa,T,POWIAT PŁOŃSKI,JONIEC - OBSZAR WIEJSKI
1,1,0,2014,Dobre warunki atmosferyczne,Najechanie na drzewo,Dobre warunki atmosferyczne,Światło dzienne,Jezdnia,EWK-98309982N,11,2014-07-07,Nieokreślone (puste pole),21*41'210,51*49'357,17,Obszar niezabudowany,Odcinek prosty,Droga krajowa,Jednojezdniowa dwukierunkowa,N,POWIAT GARWOLIŃSKI,GÓRZNO - OBSZAR WIEJSKI
1,0,1,2014,Dobre warunki atmosferyczne,Najechanie na drzewo,Dobre warunki atmosferyczne,Światło dzienne,Jezdnia,EWK-98326618G,5,2014-07-19,Ciężko,21*59'457,52*19'413,36141,Obszar zabudowany,Odcinek prosty,Droga powiatowa,Jednojezdniowa dwukierunkowa,N,POWIAT WĘGROWSKI,LIW - OBSZAR WIEJSKI
1,0,2,2014,Dobre warunki atmosferyczne,Najechanie na drzewo,Dobre warunki atmosferyczne,Światło dzienne,Jezdnia,EWK-98326646A,5,2014-07-20,Lekko,21*50'581,52*28'319,62,Obszar zabudowany,"Zakręt, łuk",Droga krajowa,Jednojezdniowa dwukierunkowa,N,POWIAT WĘGROWSKI,ŁOCHÓW - OBSZAR WIEJSKI
1,0,2,2014,Dobre warunki atmosferyczne,Najechanie na drzewo,Dobre warunki atmosferyczne,Światło dzienne,Jezdnia,EWK-98330036G,13,2014-07-20,Ciężko,21*34'354,52*39'318,8,Obszar niezabudowany,Odcinek prosty,Droga krajowa,Jednojezdniowa dwukierunkowa,N,POWIAT WYSZKOWSKI,BRAŃSZCZYK - OBSZAR WIEJSKI
1,0,3,2014,Dobre warunki atmosferyczne,Najechanie na drzewo,Dobre warunki atmosferyczne,Światło dzienne,Jezdnia,EWK-98330036G,13,2014-07-20,Lekko,21*34'354,52*39'318,8,Obszar niezabudowany,Odcinek prosty,Droga krajowa,Jednojezdniowa dwukierunkowa,N,POWIAT WYSZKOWSKI,BRAŃSZCZYK - OBSZAR WIEJSKI
1,0,1,2014,Dobre warunki atmosferyczne,Najechanie na drzewo,Dobre warunki atmosferyczne,Światło dzienne,Jezdnia,EWK-98343535F,19,2014-08-03,Lekko,19*21'165,52*23'272,G140228W,Obszar zabudowany,,Droga gminna,Jednojezdniowa dwukierunkowa,T,POWIAT GOSTYNIŃSKI,GOSTYNIN - OBSZAR WIEJSKI
1,0,1,2014,Dobre warunki atmosferyczne,Najechanie na drzewo,Dobre warunki atmosferyczne,Światło dzienne,Jezdnia,EWK-98345690M,10,2014-08-01,Lekko,21*34'259,52*33'388,62,Obszar niezabudowany,Odcinek prosty,Droga krajowa,Jednojezdniowa dwukierunkowa,N,POWIAT WYSZKOWSKI,WYSZKÓW - OBSZAR WIEJSKI
1,1,0,2014,Dobre warunki atmosferyczne,Najechanie na drzewo,Dobre warunki atmosferyczne,Światło dzienne,Jezdnia,EWK-98389694T,9,2014-08-31,Nieokreślone (puste pole),20*23'308,52*37'597,GMINNA,Obszar niezabudowany,"Zakręt, łuk",Droga gminna,Jednojezdniowa dwukierunkowa,N,POWIAT PŁOŃSKI,PŁOŃSK - OBSZAR WIEJSKI
1,0,3,2014,Dobre warunki atmosferyczne,Najechanie na drzewo,Dobre warunki atmosferyczne,Światło dzienne,Jezdnia,EWK-98392390U,18,2014-08-09,Lekko,21*21'357,51*51'532,801,Obszar niezabudowany,Odcinek prosty,Droga wojewódzka,Jednojezdniowa dwukierunkowa,N,POWIAT GARWOLIŃSKI,WILGA - OBSZAR WIEJSKI
1,0,1,2014,Dobre warunki atmosferyczne,Najechanie na drzewo,Dobre warunki atmosferyczne,Światło dzienne,Jezdnia,EWK-98415649D,7,2014-09-19,Ciężko,21*32'351,51*18'243,,Obszar zabudowany,Odcinek prosty,Nieokreślone (puste pole),Jednojezdniowa dwukierunkowa,N,POWIAT ZWOLEŃSKI,ZWOLEŃ - OBSZAR WIEJSKI
1,0,1,2014,Dobre warunki atmosferyczne,Najechanie na drzewo,Dobre warunki atmosferyczne,Światło dzienne,Jezdnia,EWK-98483400Y,14,2014-10-19,Lekko,20*29'312,51*39'196,GMINNA,Obszar niezabudowany,Odcinek prosty,Droga gminna,Jednojezdniowa dwukierunkowa,T,POWIAT GRÓJECKI,NOWE MIASTO NAD PILICĄ - OBSZAR WIEJSKI
1,0,0,2014,Dobre warunki atmosferyczne,Najechanie na drzewo,Dobre warunki atmosferyczne,Światło dzienne,Jezdnia,EWK-98483400Y,14,2014-10-19,Nieokreślone (puste pole),20*29'312,51*39'196,GMINNA,Obszar niezabudowany,Odcinek prosty,Droga gminna,Jednojezdniowa dwukierunkowa,T,POWIAT GRÓJECKI,NOWE MIASTO NAD PILICĄ - OBSZAR WIEJSKI
1,1,0,2014,Dobre warunki atmosferyczne,Najechanie na drzewo,Dobre warunki atmosferyczne,Światło dzienne,Jezdnia,EWK-98635810E,9,2014-11-06,Nieokreślone (puste pole),21*43'092,52*32'469,50,Obszar niezabudowany,Odcinek prosty,Droga krajowa,Jednojezdniowa dwukierunkowa,N,POWIAT WĘGROWSKI,ŁOCHÓW - OBSZAR WIEJSKI
1,0,1,2014,Dobre warunki atmosferyczne,Najechanie na drzewo,Dobre warunki atmosferyczne,Światło dzienne,Jezdnia,EWK-98655201E,11,2014-11-23,Lekko,21*36'322,52*46'337,GMINNA,Obszar zabudowany,Odcinek prosty,Droga gminna,Jednojezdniowa dwukierunkowa,T,POWIAT WYSZKOWSKI,DŁUGOSIODŁO - OBSZAR WIEJSKI
1,0,1,2014,Dobre warunki atmosferyczne,Najechanie na drzewo,Dobre warunki atmosferyczne,Światło dzienne,Jezdnia,EWK-98665337L,15,2014-11-29,Lekko,20*09'130,52*44'154,P3021W,Obszar niezabudowany,Odcinek prosty,Droga powiatowa,Jednojezdniowa dwukierunkowa,N,POWIAT PŁOŃSKI,RACIĄŻ - OBSZAR WIEJSKI
1,0,1,2014,Dobre warunki atmosferyczne,Najechanie na drzewo,Dobre warunki atmosferyczne,Światło dzienne,Jezdnia,EWK-98692801K,14,2014-12-17,Ciężko,21*30'382,51*06'510,GMINNA,Obszar niezabudowany,Odcinek prosty,Droga gminna,Jednojezdniowa dwukierunkowa,T,POWIAT LIPSKI,SIENNO - OBSZAR WIEJSKI
1,0,1,2014,Dobre warunki atmosferyczne,Najechanie na drzewo,Dobre warunki atmosferyczne,Światło dzienne,Jezdnia,EWK-98692801K,14,2014-12-17,Lekko,21*30'382,51*06'510,GMINNA,Obszar niezabudowany,Odcinek prosty,Droga gminna,Jednojezdniowa dwukierunkowa,T,POWIAT LIPSKI,SIENNO - OBSZAR WIEJSKI
1,2,0,2014,Dobre warunki atmosferyczne,Najechanie na drzewo,Dobre warunki atmosferyczne,Światło dzienne,Pobocze,EWK-98085850C,14,2014-01-06,Nieokreślone (puste pole),19*45'295,52*23'052,577,Obszar niezabudowany,"Zakręt, łuk",Droga wojewódzka,Jednojezdniowa dwukierunkowa,N,POWIAT PŁOCKI,GĄBIN - OBSZAR MIEJSKI
1,1,0,2014,Dobre warunki atmosferyczne,Najechanie na drzewo,Dobre warunki atmosferyczne,Światło dzienne,Pobocze,EWK-98128372N,15,2014-02-12,Nieokreślone (puste pole),19*48'059,52*24'110,P,Obszar niezabudowany,Odcinek prosty,Droga powiatowa,Jednojezdniowa dwukierunkowa,N,POWIAT PŁOCKI,GĄBIN - OBSZAR WIEJSKI