Liczba wypadków,Liczba zabitych,Liczba rannych,Rok,Warunki atmosferyczne,Rodzaj zdarzenia,Warunki atmosferyczne,Oświetlenie,Charakterystyka miejsca zdarzenia,IDKSIP zdarzenia,Godzina,Dzień,Ranny,GPS x,GPS y,Numer drogi,Obszar,Geometria drogi,Kategoria drogi 1,Rodzaj drogi,Czy w zdarzeniu był sprawca nietrzeźwy,Powiat,Gmina
1,0,1,2014,Dobre warunki atmosferyczne,Najechanie na pieszego,Dobre warunki atmosferyczne,Światło dzienne,"Wjazd, wyjazd z posesji, pola",EWK-98423253D,14,2014-09-25,Lekko,21*46'134,52*33'408,50,Obszar zabudowany,,Droga krajowa,Jednojezdniowa dwukierunkowa,N,POWIAT WĘGROWSKI,ŁOCHÓW - OBSZAR WIEJSKI
1,0,0,2014,Dobre warunki atmosferyczne,Najechanie na pieszego,Dobre warunki atmosferyczne,Światło dzienne,"Wjazd, wyjazd z posesji, pola",EWK-98423253D,14,2014-09-25,Nieokreślone (puste pole),21*46'134,52*33'408,50,Obszar zabudowany,,Droga krajowa,Jednojezdniowa dwukierunkowa,N,POWIAT WĘGROWSKI,ŁOCHÓW - OBSZAR WIEJSKI
1,0,1,2014,Dobre warunki atmosferyczne,Najechanie na pojazd unieruchomiony,Dobre warunki atmosferyczne,Noc - droga nieoświetlona,Jezdnia,EWK-98118693H,23,2014-01-09,Ciężko,21*55'110,51*48'364,807,Obszar zabudowany,Odcinek prosty,Droga wojewódzka,Jednojezdniowa dwukierunkowa,N,POWIAT GARWOLIŃSKI,ŻELECHÓW - OBSZAR WIEJSKI
1,0,2,2014,Dobre warunki atmosferyczne,Najechanie na pojazd unieruchomiony,Dobre warunki atmosferyczne,Noc - droga nieoświetlona,"Skarpa, rów",EWK-98343693L,22,2014-07-23,Ciężko,21*32'116,52*00'020,17,Obszar niezabudowany,Odcinek prosty,Droga krajowa,Jednojezdniowa dwukierunkowa,N,POWIAT GARWOLIŃSKI,PILAWA - OBSZAR WIEJSKI
1,0,0,2014,Dobre warunki atmosferyczne,Najechanie na pojazd unieruchomiony,Dobre warunki atmosferyczne,Noc - droga nieoświetlona,"Skarpa, rów",EWK-98343693L,22,2014-07-23,Nieokreślone (puste pole),21*32'116,52*00'020,17,Obszar niezabudowany,Odcinek prosty,Droga krajowa,Jednojezdniowa dwukierunkowa,N,POWIAT GARWOLIŃSKI,PILAWA - OBSZAR WIEJSKI
1,0,2,2014,Dobre warunki atmosferyczne,Najechanie na pojazd unieruchomiony,Dobre warunki atmosferyczne,Noc - droga nieoświetlona,"Skarpa, rów",EWK-98444314U,21,2014-10-05,Lekko,19*42'508,52*35'529,5205W,Obszar niezabudowany,Odcinek prosty,Droga powiatowa,Jednojezdniowa dwukierunkowa,N,POWIAT PŁOCKI,STARA BIAŁA - OBSZAR WIEJSKI
1,0,0,2014,Dobre warunki atmosferyczne,Najechanie na pojazd unieruchomiony,Dobre warunki atmosferyczne,Noc - droga nieoświetlona,"Skarpa, rów",EWK-98444314U,21,2014-10-05,Nieokreślone (puste pole),19*42'508,52*35'529,5205W,Obszar niezabudowany,Odcinek prosty,Droga powiatowa,Jednojezdniowa dwukierunkowa,N,POWIAT PŁOCKI,STARA BIAŁA - OBSZAR WIEJSKI
1,2,0,2014,Dobre warunki atmosferyczne,Najechanie na pojazd unieruchomiony,Dobre warunki atmosferyczne,Noc - droga oświetlona,Jezdnia,EWK-98413338A,20,2014-09-17,Nieokreślone (puste pole),20*39'417,51*32'566,34196W,Obszar zabudowany,Odcinek prosty,Droga powiatowa,Jednojezdniowa dwukierunkowa,N,POWIAT PRZYSUSKI,KLWÓW - OBSZAR WIEJSKI
1,0,1,2014,Dobre warunki atmosferyczne,Najechanie na pojazd unieruchomiony,Dobre warunki atmosferyczne,Noc - droga oświetlona,Pobocze,EWK-98160798J,18,2014-03-14,Lekko,21*22'070,51*27'465,P3523W,Obszar zabudowany,Odcinek prosty,Droga powiatowa,Jednojezdniowa dwukierunkowa,N,POWIAT RADOMSKI,PIONKI - OBSZAR WIEJSKI
1,0,0,2014,Dobre warunki atmosferyczne,Najechanie na pojazd unieruchomiony,Dobre warunki atmosferyczne,Noc - droga oświetlona,Pobocze,EWK-98160798J,18,2014-03-14,Nieokreślone (puste pole),21*22'070,51*27'465,P3523W,Obszar zabudowany,Odcinek prosty,Droga powiatowa,Jednojezdniowa dwukierunkowa,N,POWIAT RADOMSKI,PIONKI - OBSZAR WIEJSKI
1,0,1,2014,Dobre warunki atmosferyczne,Najechanie na pojazd unieruchomiony,Dobre warunki atmosferyczne,Światło dzienne,Jezdnia,EWK-98158905F,11,2014-03-11,Lekko,20*35'421,52*02'514,W579,Obszar niezabudowany,Odcinek prosty,Droga wojewódzka,Jednojezdniowa dwukierunkowa,N,POWIAT ŻYRARDOWSKI,RADZIEJOWICE - OBSZAR WIEJSKI
1,0,0,2014,Dobre warunki atmosferyczne,Najechanie na pojazd unieruchomiony,Dobre warunki atmosferyczne,Światło dzienne,Jezdnia,EWK-98158905F,11,2014-03-11,Nieokreślone (puste pole),20*35'421,52*02'514,W579,Obszar niezabudowany,Odcinek prosty,Droga wojewódzka,Jednojezdniowa dwukierunkowa,N,POWIAT ŻYRARDOWSKI,RADZIEJOWICE - OBSZAR WIEJSKI
1,0,1,2014,Dobre warunki atmosferyczne,Najechanie na pojazd unieruchomiony,Dobre warunki atmosferyczne,Światło dzienne,Jezdnia,EWK-98209358G,14,2014-04-24,Ciężko,20*11'479,52*21'452,50,Obszar niezabudowany,Odcinek prosty,Droga krajowa,Jednojezdniowa dwukierunkowa,N,POWIAT SOCHACZEWSKI,MŁODZIESZYN - OBSZAR WIEJSKI
1,0,1,2014,Dobre warunki atmosferyczne,Najechanie na pojazd unieruchomiony,Dobre warunki atmosferyczne,Światło dzienne,Jezdnia,EWK-98209358G,14,2014-04-24,Lekko,20*11'479,52*21'452,50,Obszar niezabudowany,Odcinek prosty,Droga krajowa,Jednojezdniowa dwukierunkowa,N,POWIAT SOCHACZEWSKI,MŁODZIESZYN - OBSZAR WIEJSKI
1,0,0,2014,Dobre warunki atmosferyczne,Najechanie na pojazd unieruchomiony,Dobre warunki atmosferyczne,Światło dzienne,Jezdnia,EWK-98209358G,14,2014-04-24,Nieokreślone (puste pole),20*11'479,52*21'452,50,Obszar niezabudowany,Odcinek prosty,Droga krajowa,Jednojezdniowa dwukierunkowa,N,POWIAT SOCHACZEWSKI,MŁODZIESZYN - OBSZAR WIEJSKI
1,0,1,2014,Dobre warunki atmosferyczne,Najechanie na pojazd unieruchomiony,Dobre warunki atmosferyczne,Światło dzienne,Jezdnia,EWK-98220825Q,14,2014-05-02,Lekko,21*14'127,51*19'518,9,Obszar niezabudowany,Odcinek prosty,Droga krajowa,Jednojezdniowa dwukierunkowa,N,POWIAT RADOMSKI,SKARYSZEW - OBSZAR MIEJSKI
1,0,0,2014,Dobre warunki atmosferyczne,Najechanie na pojazd unieruchomiony,Dobre warunki atmosferyczne,Światło dzienne,Jezdnia,EWK-98220825Q,14,2014-05-02,Nieokreślone (puste pole),21*14'127,51*19'518,9,Obszar niezabudowany,Odcinek prosty,Droga krajowa,Jednojezdniowa dwukierunkowa,N,POWIAT RADOMSKI,SKARYSZEW - OBSZAR MIEJSKI
1,0,1,2014,Dobre warunki atmosferyczne,Najechanie na pojazd unieruchomiony,Dobre warunki atmosferyczne,Światło dzienne,Jezdnia,EWK-98249282T,17,2014-05-26,Lekko,21*09'006,51*22'269,G530213W,Obszar zabudowany,Odcinek prosty,Droga gminna,Jednojezdniowa dwukierunkowa,N,POWIAT RADOM,RADOM - OBSZAR MIEJSKI
1,0,0,2014,Dobre warunki atmosferyczne,Najechanie na pojazd unieruchomiony,Dobre warunki atmosferyczne,Światło dzienne,Jezdnia,EWK-98249282T,17,2014-05-26,Nieokreślone (puste pole),21*09'006,51*22'269,G530213W,Obszar zabudowany,Odcinek prosty,Droga gminna,Jednojezdniowa dwukierunkowa,N,POWIAT RADOM,RADOM - OBSZAR MIEJSKI
1,0,1,2014,Dobre warunki atmosferyczne,Najechanie na pojazd unieruchomiony,Dobre warunki atmosferyczne,Światło dzienne,Jezdnia,EWK-98294887A,12,2014-06-27,Ciężko,21*02'023,53*18'233,P3211W,Obszar niezabudowany,Odcinek prosty,Droga powiatowa,Jednojezdniowa dwukierunkowa,N,POWIAT PRZASNYSKI,CHORZELE - OBSZAR WIEJSKI
1,0,0,2014,Dobre warunki atmosferyczne,Najechanie na pojazd unieruchomiony,Dobre warunki atmosferyczne,Światło dzienne,Jezdnia,EWK-98294887A,12,2014-06-27,Nieokreślone (puste pole),21*02'023,53*18'233,P3211W,Obszar niezabudowany,Odcinek prosty,Droga powiatowa,Jednojezdniowa dwukierunkowa,N,POWIAT PRZASNYSKI,CHORZELE - OBSZAR WIEJSKI
1,0,1,2014,Dobre warunki atmosferyczne,Najechanie na pojazd unieruchomiony,Dobre warunki atmosferyczne,Światło dzienne,Jezdnia,EWK-98295983J,7,2014-06-27,Ciężko,21*45'558,51*08'052,G,Obszar zabudowany,Odcinek prosty,Nieokreślone (puste pole),Jednojezdniowa dwukierunkowa,N,POWIAT LIPSKI,SOLEC NAD WISŁĄ - OBSZAR WIEJSKI
1,0,0,2014,Dobre warunki atmosferyczne,Najechanie na pojazd unieruchomiony,Dobre warunki atmosferyczne,Światło dzienne,Jezdnia,EWK-98295983J,7,2014-06-27,Nieokreślone (puste pole),21*45'558,51*08'052,G,Obszar zabudowany,Odcinek prosty,Nieokreślone (puste pole),Jednojezdniowa dwukierunkowa,N,POWIAT LIPSKI,SOLEC NAD WISŁĄ - OBSZAR WIEJSKI
1,0,1,2014,Dobre warunki atmosferyczne,Najechanie na pojazd unieruchomiony,Dobre warunki atmosferyczne,Światło dzienne,Jezdnia,EWK-98308063U,17,2014-07-07,Lekko,21*09'107,51*25'050,P5339W,Obszar zabudowany,Odcinek prosty,Droga powiatowa,Jednokierunkowa,N,POWIAT RADOM,RADOM - OBSZAR MIEJSKI
1,0,0,2014,Dobre warunki atmosferyczne,Najechanie na pojazd unieruchomiony,Dobre warunki atmosferyczne,Światło dzienne,Jezdnia,EWK-98308063U,17,2014-07-07,Nieokreślone (puste pole),21*09'107,51*25'050,P5339W,Obszar zabudowany,Odcinek prosty,Droga powiatowa,Jednokierunkowa,N,POWIAT RADOM,RADOM - OBSZAR MIEJSKI
1,0,1,2014,Dobre warunki atmosferyczne,Najechanie na pojazd unieruchomiony,Dobre warunki atmosferyczne,Światło dzienne,Jezdnia,EWK-98407883G,14,2014-09-15,Lekko,20*49'258,52*38'198,P2422W,Obszar niezabudowany,Odcinek prosty,Droga powiatowa,Jednojezdniowa dwukierunkowa,N,POWIAT PUŁTUSKI,ŚWIERCZE - OBSZAR WIEJSKI
1,0,0,2014,Dobre warunki atmosferyczne,Najechanie na pojazd unieruchomiony,Dobre warunki atmosferyczne,Światło dzienne,Jezdnia,EWK-98407883G,14,2014-09-15,Nieokreślone (puste pole),20*49'258,52*38'198,P2422W,Obszar niezabudowany,Odcinek prosty,Droga powiatowa,Jednojezdniowa dwukierunkowa,N,POWIAT PUŁTUSKI,ŚWIERCZE - OBSZAR WIEJSKI
1,0,1,2014,Dobre warunki atmosferyczne,Najechanie na pojazd unieruchomiony,Dobre warunki atmosferyczne,Światło dzienne,Jezdnia,EWK-98441818L,10,2014-10-03,Lekko,21*19'131,51*25'498,34429W,Obszar zabudowany,Odcinek prosty,Droga powiatowa,Jednojezdniowa dwukierunkowa,N,POWIAT RADOMSKI,JEDLNIA-LETNISKO - OBSZAR WIEJSKI
1,0,0,2014,Dobre warunki atmosferyczne,Najechanie na pojazd unieruchomiony,Dobre warunki atmosferyczne,Światło dzienne,Jezdnia,EWK-98441818L,10,2014-10-03,Nieokreślone (puste pole),21*19'131,51*25'498,34429W,Obszar zabudowany,Odcinek prosty,Droga powiatowa,Jednojezdniowa dwukierunkowa,N,POWIAT RADOMSKI,JEDLNIA-LETNISKO - OBSZAR WIEJSKI
1,1,0,2014,Dobre warunki atmosferyczne,Najechanie na pojazd unieruchomiony,Dobre warunki atmosferyczne,Światło dzienne,Pobocze,EWK-98366850P,12,2014-08-13,Nieokreślone (puste pole),21*45'361,51*45'327,17,Obszar niezabudowany,Odcinek prosty,Droga krajowa,Jednojezdniowa dwukierunkowa,N,POWIAT GARWOLIŃSKI,SOBOLEW - OBSZAR WIEJSKI
1,0,1,2014,Dobre warunki atmosferyczne,Najechanie na pojazd unieruchomiony,Dobre warunki atmosferyczne,Światło dzienne,Pobocze,EWK-98671515R,8,2014-12-06,Lekko,22*39'159,52*12'478,698,Obszar niezabudowany,Odcinek prosty,Droga wojewódzka,Jednojezdniowa dwukierunkowa,N,POWIAT ŁOSICKI,ŁOSICE - OBSZAR WIEJSKI
1,0,0,2014,Dobre warunki atmosferyczne,Najechanie na pojazd unieruchomiony,Dobre warunki atmosferyczne,Światło dzienne,Pobocze,EWK-98671515R,8,2014-12-06,Nieokreślone (puste pole),22*39'159,52*12'478,698,Obszar niezabudowany,Odcinek prosty,Droga wojewódzka,Jednojezdniowa dwukierunkowa,N,POWIAT ŁOSICKI,ŁOSICE - OBSZAR WIEJSKI
1,0,1,2014,Dobre warunki atmosferyczne,"Najechanie na słup, znak",Dobre warunki atmosferyczne,Noc - droga nieoświetlona,Pobocze,EWK-98347133Y,2,2014-08-03,Lekko,21*20'334,53*02'379,626,Obszar niezabudowany,"Zakręt, łuk",Droga wojewódzka,Jednojezdniowa dwukierunkowa,T,POWIAT MAKOWSKI,SYPNIEWO - OBSZAR WIEJSKI
1,0,1,2014,Dobre warunki atmosferyczne,"Najechanie na słup, znak",Dobre warunki atmosferyczne,Noc - droga nieoświetlona,"Skarpa, rów",EWK-98618945K,20,2014-10-24,Lekko,19*40'068,52*36'254,P2908W,Obszar niezabudowany,,Droga powiatowa,Jednojezdniowa dwukierunkowa,T,POWIAT PŁOCKI,STARA BIAŁA - OBSZAR WIEJSKI
1,0,1,2014,Dobre warunki atmosferyczne,"Najechanie na słup, znak",Dobre warunki atmosferyczne,Noc - droga nieoświetlona,"Skarpa, rów",EWK-98684611M,5,2014-12-15,Lekko,19*47'438,52*39'162,60,Obszar niezabudowany,"Zakręt, łuk",Droga krajowa,Jednojezdniowa dwukierunkowa,N,POWIAT PŁOCKI,BIELSK - OBSZAR WIEJSKI
1,0,1,2014,Dobre warunki atmosferyczne,"Najechanie na słup, znak",Dobre warunki atmosferyczne,Noc - droga oświetlona,Jezdnia,EWK-98334359A,0,2014-07-20,Ciężko,21*16'043,52*34'132,G440403W,Obszar zabudowany,Odcinek prosty,Droga gminna,Jednojezdniowa dwukierunkowa,T,POWIAT WYSZKOWSKI,SOMIANKA - OBSZAR WIEJSKI
1,0,1,2014,Dobre warunki atmosferyczne,"Najechanie na słup, znak",Dobre warunki atmosferyczne,Noc - droga oświetlona,Jezdnia,EWK-98334359A,0,2014-07-20,Lekko,21*16'043,52*34'132,G440403W,Obszar zabudowany,Odcinek prosty,Droga gminna,Jednojezdniowa dwukierunkowa,T,POWIAT WYSZKOWSKI,SOMIANKA - OBSZAR WIEJSKI
1,0,1,2014,Dobre warunki atmosferyczne,"Najechanie na słup, znak",Dobre warunki atmosferyczne,Noc - droga oświetlona,Jezdnia,EWK-98337080Y,1,2014-07-26,Ciężko,21*10'261,51*24'323,P5329W,Obszar zabudowany,,Droga powiatowa,Jednojezdniowa dwukierunkowa,T,POWIAT RADOM,RADOM - OBSZAR MIEJSKI
1,0,1,2014,Dobre warunki atmosferyczne,"Najechanie na słup, znak",Dobre warunki atmosferyczne,Noc - droga oświetlona,Jezdnia,EWK-98347375M,23,2014-08-01,Lekko,19*44'575,52*31'199,P,Obszar zabudowany,Odcinek prosty,Droga powiatowa,Jednojezdniowa dwukierunkowa,T,POWIAT PŁOCK,PŁOCK - OBSZAR MIEJSKI
1,1,0,2014,Dobre warunki atmosferyczne,"Najechanie na słup, znak",Dobre warunki atmosferyczne,Noc - droga oświetlona,Pobocze,EWK-98705653W,3,2014-12-27,Nieokreślone (puste pole),21*33'469,51*53'478,76,Obszar zabudowany,,Droga krajowa,Jednojezdniowa dwukierunkowa,N,POWIAT GARWOLIŃSKI,GARWOLIN - OBSZAR WIEJSKI
1,0,1,2014,Dobre warunki atmosferyczne,"Najechanie na słup, znak",Dobre warunki atmosferyczne,"Zmrok, świt",Jezdnia,EWK-98178148L,5,2014-03-20,Lekko,21*28'450,51*14'085,P4519W,Obszar niezabudowany,"Zakręt, łuk",Droga powiatowa,Jednojezdniowa dwukierunkowa,N,POWIAT LIPSKI,CIEPIELÓW - OBSZAR WIEJSKI
1,0,1,2014,Dobre warunki atmosferyczne,"Najechanie na słup, znak",Dobre warunki atmosferyczne,"Zmrok, świt",Pobocze,EWK-98280189W,19,2014-06-17,Lekko,20*37'193,51*38'231,728,Obszar niezabudowany,Odcinek prosty,Droga wojewódzka,Jednojezdniowa dwukierunkowa,N,POWIAT GRÓJECKI,MOGIELNICA - OBSZAR WIEJSKI
1,0,0,2014,Dobre warunki atmosferyczne,"Najechanie na słup, znak",Dobre warunki atmosferyczne,"Zmrok, świt",Pobocze,EWK-98280189W,19,2014-06-17,Nieokreślone (puste pole),20*37'193,51*38'231,728,Obszar niezabudowany,Odcinek prosty,Droga wojewódzka,Jednojezdniowa dwukierunkowa,N,POWIAT GRÓJECKI,MOGIELNICA - OBSZAR WIEJSKI
1,0,1,2014,Dobre warunki atmosferyczne,"Najechanie na słup, znak",Dobre warunki atmosferyczne,"Zmrok, świt",Pobocze,EWK-98448703Y,18,2014-10-07,Ciężko,22*50'422,52*20'127,02107W,Obszar niezabudowany,,Droga powiatowa,Jednojezdniowa dwukierunkowa,N,POWIAT ŁOSICKI,PLATERÓW - OBSZAR WIEJSKI
1,0,0,2014,Dobre warunki atmosferyczne,"Najechanie na słup, znak",Dobre warunki atmosferyczne,"Zmrok, świt",Pobocze,EWK-98448703Y,18,2014-10-07,Nieokreślone (puste pole),22*50'422,52*20'127,02107W,Obszar niezabudowany,,Droga powiatowa,Jednojezdniowa dwukierunkowa,N,POWIAT ŁOSICKI,PLATERÓW - OBSZAR WIEJSKI
1,0,2,2014,Dobre warunki atmosferyczne,"Najechanie na słup, znak",Dobre warunki atmosferyczne,"Zmrok, świt","Skarpa, rów",EWK-98137384X,6,2014-02-17,Ciężko,20*27'135,52*35'137,7,Obszar niezabudowany,"Zakręt, łuk",Droga krajowa,Dwie jezdnie jednokierunkowe,N,POWIAT PŁOŃSKI,PŁOŃSK - OBSZAR WIEJSKI
1,0,3,2014,Dobre warunki atmosferyczne,"Najechanie na słup, znak",Dobre warunki atmosferyczne,"Zmrok, świt","Skarpa, rów",EWK-98137384X,6,2014-02-17,Lekko,20*27'135,52*35'137,7,Obszar niezabudowany,"Zakręt, łuk",Droga krajowa,Dwie jezdnie jednokierunkowe,N,POWIAT PŁOŃSKI,PŁOŃSK - OBSZAR WIEJSKI
1,0,1,2014,Dobre warunki atmosferyczne,"Najechanie na słup, znak",Dobre warunki atmosferyczne,"Zmrok, świt","Skarpa, rów",EWK-98269618Q,5,2014-06-03,Ciężko,22*47'576,52*16'520,02104W,Obszar zabudowany,Odcinek prosty,Droga powiatowa,Jednojezdniowa dwukierunkowa,T,POWIAT ŁOSICKI,PLATERÓW - OBSZAR WIEJSKI
1,0,3,2014,Dobre warunki atmosferyczne,"Najechanie na słup, znak",Dobre warunki atmosferyczne,Światło dzienne,Jezdnia,EWK-98136411L,7,2014-02-19,Ciężko,19*36'058,52*52'419,10,Obszar niezabudowany,Odcinek prosty,Droga krajowa,Jednokierunkowa,N,POWIAT SIERPECKI,SIERPC - OBSZAR WIEJSKI
1,0,0,2014,Dobre warunki atmosferyczne,"Najechanie na słup, znak",Dobre warunki atmosferyczne,Światło dzienne,Jezdnia,EWK-98136411L,7,2014-02-19,Nieokreślone (puste pole),19*36'058,52*52'419,10,Obszar niezabudowany,Odcinek prosty,Droga krajowa,Jednokierunkowa,N,POWIAT SIERPECKI,SIERPC - OBSZAR WIEJSKI
1,0,1,2014,Dobre warunki atmosferyczne,"Najechanie na słup, znak",Dobre warunki atmosferyczne,Światło dzienne,Jezdnia,EWK-98213253M,20,2014-04-23,Lekko,21*34'495,53*04'305,P5101W,Obszar zabudowany,Odcinek prosty,Droga powiatowa,Dwie jezdnie jednokierunkowe,N,POWIAT OSTROŁĘKA,OSTROŁĘKA - OBSZAR MIEJSKI
1,0,1,2014,Dobre warunki atmosferyczne,"Najechanie na słup, znak",Dobre warunki atmosferyczne,Światło dzienne,Jezdnia,EWK-98280616T,5,2014-06-18,Ciężko,20*37'205,51*47'590,725,Obszar zabudowany,"Zakręt, łuk",Droga wojewódzka,Jednojezdniowa dwukierunkowa,N,POWIAT GRÓJECKI,BŁĘDÓW - OBSZAR WIEJSKI
1,0,2,2014,Dobre warunki atmosferyczne,"Najechanie na słup, znak",Dobre warunki atmosferyczne,Światło dzienne,Jezdnia,EWK-98316981R,4,2014-07-14,Lekko,19*51'403,52*47'541,10,Obszar niezabudowany,Odcinek prosty,Droga krajowa,Jednojezdniowa dwukierunkowa,N,POWIAT SIERPECKI,ZAWIDZ - OBSZAR WIEJSKI
1,1,0,2014,Dobre warunki atmosferyczne,"Najechanie na słup, znak",Dobre warunki atmosferyczne,Światło dzienne,Jezdnia,EWK-98352956P,16,2014-08-09,Nieokreślone (puste pole),20*52'253,51*14'153,7,Obszar niezabudowany,"Zakręt, łuk",Droga krajowa,Jednojezdniowa dwukierunkowa,N,POWIAT SZYDŁOWIECKI,SZYDŁOWIEC - OBSZAR MIEJSKI
1,0,1,2014,Dobre warunki atmosferyczne,"Najechanie na słup, znak",Dobre warunki atmosferyczne,Światło dzienne,Jezdnia,EWK-98355450X,17,2014-08-10,Lekko,21*14'478,52*50'104,61,Obszar niezabudowany,,Droga krajowa,Jednojezdniowa dwukierunkowa,N,POWIAT MAKOWSKI,SZELKÓW - OBSZAR WIEJSKI
1,0,0,2014,Dobre warunki atmosferyczne,"Najechanie na słup, znak",Dobre warunki atmosferyczne,Światło dzienne,Jezdnia,EWK-98355450X,17,2014-08-10,Nieokreślone (puste pole),21*14'478,52*50'104,61,Obszar niezabudowany,,Droga krajowa,Jednojezdniowa dwukierunkowa,N,POWIAT MAKOWSKI,SZELKÓW - OBSZAR WIEJSKI
1,0,1,2014,Dobre warunki atmosferyczne,"Najechanie na słup, znak",Dobre warunki atmosferyczne,Światło dzienne,Jezdnia,EWK-98358860N,15,2014-08-13,Lekko,21*08'174,51*27'558,7,Obszar zabudowany,Odcinek prosty,Droga krajowa,Dwie jezdnie jednokierunkowe,N,POWIAT RADOMSKI,JEDLIŃSK - OBSZAR WIEJSKI
1,0,0,2014,Dobre warunki atmosferyczne,"Najechanie na słup, znak",Dobre warunki atmosferyczne,Światło dzienne,Jezdnia,EWK-98358860N,15,2014-08-13,Nieokreślone (puste pole),21*08'174,51*27'558,7,Obszar zabudowany,Odcinek prosty,Droga krajowa,Dwie jezdnie jednokierunkowe,N,POWIAT RADOMSKI,JEDLIŃSK - OBSZAR WIEJSKI
1,0,2,2014,Dobre warunki atmosferyczne,"Najechanie na słup, znak",Dobre warunki atmosferyczne,Światło dzienne,Jezdnia,EWK-98377332A,14,2014-08-20,Ciężko,22*55'311,52*21'240,02108W,Obszar niezabudowany,"Zakręt, łuk",Droga powiatowa,Jednojezdniowa dwukierunkowa,T,POWIAT ŁOSICKI,SARNAKI - OBSZAR WIEJSKI
1,1,0,2014,Dobre warunki atmosferyczne,"Najechanie na słup, znak",Dobre warunki atmosferyczne,Światło dzienne,Jezdnia,EWK-98382904K,16,2014-08-26,Nieokreślone (puste pole),20*12'027,52*42'449,P3021W,Obszar niezabudowany,Odcinek prosty,Droga powiatowa,Jednojezdniowa dwukierunkowa,T,POWIAT PŁOŃSKI,BABOSZEWO - OBSZAR WIEJSKI
1,0,1,2014,Dobre warunki atmosferyczne,"Najechanie na słup, znak",Dobre warunki atmosferyczne,Światło dzienne,Jezdnia,EWK-98408900C,15,2014-09-16,Ciężko,21*39'327,51*09'146,79,Obszar niezabudowany,Odcinek prosty,Droga krajowa,Jednojezdniowa dwukierunkowa,N,POWIAT LIPSKI,LIPSKO - OBSZAR WIEJSKI
1,0,0,2014,Dobre warunki atmosferyczne,"Najechanie na słup, znak",Dobre warunki atmosferyczne,Światło dzienne,Jezdnia,EWK-98408900C,15,2014-09-16,Nieokreślone (puste pole),21*39'327,51*09'146,79,Obszar niezabudowany,Odcinek prosty,Droga krajowa,Jednojezdniowa dwukierunkowa,N,POWIAT LIPSKI,LIPSKO - OBSZAR WIEJSKI
1,0,2,2014,Dobre warunki atmosferyczne,"Najechanie na słup, znak",Dobre warunki atmosferyczne,Światło dzienne,Pobocze,EWK-98115108H,13,2014-01-04,Lekko,20*34'288,51*58'168,1527W,Obszar niezabudowany,Odcinek prosty,Droga powiatowa,Jednojezdniowa dwukierunkowa,N,POWIAT ŻYRARDOWSKI,MSZCZONÓW - OBSZAR WIEJSKI
1,0,2,2014,Dobre warunki atmosferyczne,"Najechanie na słup, znak",Dobre warunki atmosferyczne,Światło dzienne,Pobocze,EWK-98124553M,6,2014-02-07,Lekko,21*19'078,51*23'055,12,Obszar niezabudowany,Odcinek prosty,Droga krajowa,Jednojezdniowa dwukierunkowa,N,POWIAT RADOMSKI,GÓZD - OBSZAR WIEJSKI
1,0,1,2014,Dobre warunki atmosferyczne,"Najechanie na słup, znak",Dobre warunki atmosferyczne,Światło dzienne,Pobocze,EWK-98152319Y,7,2014-03-08,Lekko,20*01'095,52*26'540,62,Obszar niezabudowany,Odcinek prosty,Droga krajowa,Jednojezdniowa dwukierunkowa,N,POWIAT PŁOCKI,BODZANÓW - OBSZAR WIEJSKI
1,0,1,2014,Dobre warunki atmosferyczne,"Najechanie na słup, znak",Dobre warunki atmosferyczne,Światło dzienne,Pobocze,EWK-98189664F,10,2014-04-04,Lekko,21*10'409,51*17'141,733,Obszar zabudowany,Odcinek prosty,Droga wojewódzka,Jednojezdniowa dwukierunkowa,N,POWIAT RADOMSKI,SKARYSZEW - OBSZAR WIEJSKI
1,0,1,2014,Dobre warunki atmosferyczne,"Najechanie na słup, znak",Dobre warunki atmosferyczne,Światło dzienne,Pobocze,EWK-98305482D,12,2014-07-04,Lekko,20*51'272,51*36'544,GMINNA,Obszar zabudowany,"Zakręt, łuk; Spadek",Droga gminna,Jednojezdniowa dwukierunkowa,N,POWIAT BIAŁOBRZESKI,WYŚMIERZYCE - OBSZAR WIEJSKI
1,0,1,2014,Dobre warunki atmosferyczne,"Najechanie na słup, znak",Dobre warunki atmosferyczne,Światło dzienne,Pobocze,EWK-98418143Y,14,2014-09-23,Ciężko,19*58'260,52*37'436,567,Obszar niezabudowany,Odcinek prosty,Droga wojewódzka,Jednojezdniowa dwukierunkowa,N,POWIAT PŁOCKI,STAROŹREBY - OBSZAR WIEJSKI