Liczba wypadków,Liczba zabitych,Liczba rannych,Rok,Warunki atmosferyczne,Rodzaj zdarzenia,Warunki atmosferyczne,Oświetlenie,Charakterystyka miejsca zdarzenia,IDKSIP zdarzenia,Godzina,Dzień,Ranny,GPS x,GPS y,Numer drogi,Obszar,Geometria drogi,Kategoria drogi 1,Rodzaj drogi,Czy w zdarzeniu był sprawca nietrzeźwy,Powiat,Gmina
1,0,1,2014,Dobre warunki atmosferyczne,"Najechanie na słup, znak",Dobre warunki atmosferyczne,Światło dzienne,Pobocze,EWK-98423292C,15,2014-09-25,Lekko,19*39'486,52*33'279,GMINNA,Obszar zabudowany,Odcinek prosty,Droga gminna,Jednojezdniowa dwukierunkowa,N,POWIAT PŁOCK,PŁOCK - OBSZAR MIEJSKI
1,0,1,2014,Dobre warunki atmosferyczne,"Najechanie na słup, znak",Dobre warunki atmosferyczne,Światło dzienne,"Skarpa, rów",EWK-98206442T,12,2014-04-18,Ciężko,22*07'205,52*46'054,P,Obszar zabudowany,Odcinek prosty,Droga powiatowa,Jednojezdniowa dwukierunkowa,N,POWIAT OSTROWSKI,ZARĘBY KOŚCIELNE - OBSZAR WIEJSKI
1,0,3,2014,Dobre warunki atmosferyczne,Najechanie na zwierzę,Dobre warunki atmosferyczne,Noc - droga nieoświetlona,Jezdnia,EWK-98086134A,20,2014-01-04,Lekko,20*01'118,52*26'535,62,Obszar niezabudowany,Odcinek prosty,Droga krajowa,Jednojezdniowa dwukierunkowa,N,POWIAT PŁOCKI,BODZANÓW - OBSZAR WIEJSKI
1,0,0,2014,Dobre warunki atmosferyczne,Najechanie na zwierzę,Dobre warunki atmosferyczne,Noc - droga nieoświetlona,Jezdnia,EWK-98086134A,20,2014-01-04,Nieokreślone (puste pole),20*01'118,52*26'535,62,Obszar niezabudowany,Odcinek prosty,Droga krajowa,Jednojezdniowa dwukierunkowa,N,POWIAT PŁOCKI,BODZANÓW - OBSZAR WIEJSKI
1,0,1,2014,Dobre warunki atmosferyczne,Najechanie na zwierzę,Dobre warunki atmosferyczne,Noc - droga nieoświetlona,Jezdnia,EWK-98126270U,17,2014-02-11,Lekko,21*11'501,52*52'124,60,Obszar niezabudowany,Odcinek prosty,Droga krajowa,Jednojezdniowa dwukierunkowa,N,POWIAT MAKOWSKI,CZERWONKA - OBSZAR WIEJSKI
1,0,0,2014,Dobre warunki atmosferyczne,Najechanie na zwierzę,Dobre warunki atmosferyczne,Noc - droga nieoświetlona,Jezdnia,EWK-98126270U,17,2014-02-11,Nieokreślone (puste pole),21*11'501,52*52'124,60,Obszar niezabudowany,Odcinek prosty,Droga krajowa,Jednojezdniowa dwukierunkowa,N,POWIAT MAKOWSKI,CZERWONKA - OBSZAR WIEJSKI
1,0,1,2014,Dobre warunki atmosferyczne,Najechanie na zwierzę,Dobre warunki atmosferyczne,Noc - droga nieoświetlona,Jezdnia,EWK-98627454J,18,2014-10-15,Lekko,21*34'002,52*52'312,4403W,Obszar zabudowany,Odcinek prosty,Droga powiatowa,Jednojezdniowa dwukierunkowa,N,POWIAT OSTROŁĘCKI,GOWOROWO - OBSZAR WIEJSKI
1,0,2,2014,Dobre warunki atmosferyczne,Najechanie na zwierzę,Dobre warunki atmosferyczne,Noc - droga nieoświetlona,Pobocze,EWK-98219113D,20,2014-04-30,Ciężko,19*52'531,52*41'344,60,Obszar niezabudowany,Odcinek prosty,Droga krajowa,Jednojezdniowa dwukierunkowa,N,POWIAT PŁOCKI,DROBIN - OBSZAR WIEJSKI
1,0,3,2014,Dobre warunki atmosferyczne,Najechanie na zwierzę,Dobre warunki atmosferyczne,"Zmrok, świt",Jezdnia,EWK-98183344X,19,2014-04-03,Ciężko,21*00'009,53*05'299,2519W,Obszar niezabudowany,Odcinek prosty,Droga powiatowa,Jednojezdniowa dwukierunkowa,N,POWIAT PRZASNYSKI,JEDNOROŻEC - OBSZAR WIEJSKI
1,0,2,2014,Dobre warunki atmosferyczne,Najechanie na zwierzę,Dobre warunki atmosferyczne,"Zmrok, świt","Skarpa, rów",EWK-98130954T,19,2014-02-11,Ciężko,20*24'200,52*36'080,7,Obszar niezabudowany,Odcinek prosty,Droga krajowa,Jednojezdniowa dwukierunkowa,N,POWIAT PŁOŃSKI,PŁOŃSK - OBSZAR WIEJSKI
1,0,2,2014,Dobre warunki atmosferyczne,Najechanie na zwierzę,Dobre warunki atmosferyczne,"Zmrok, świt","Skarpa, rów",EWK-98130954T,19,2014-02-11,Lekko,20*24'200,52*36'080,7,Obszar niezabudowany,Odcinek prosty,Droga krajowa,Jednojezdniowa dwukierunkowa,N,POWIAT PŁOŃSKI,PŁOŃSK - OBSZAR WIEJSKI
1,0,1,2014,Dobre warunki atmosferyczne,Najechanie na zwierzę,Dobre warunki atmosferyczne,Światło dzienne,Jezdnia,EWK-98153149N,16,2014-03-09,Lekko,20*28'273,53*11'399,GMINNA,Obszar zabudowany,Odcinek prosty,Droga gminna,Jednojezdniowa dwukierunkowa,N,POWIAT MŁAWSKI,WIECZFNIA KOŚCIELNA - OBSZAR WIEJSKI
1,0,0,2014,Dobre warunki atmosferyczne,Najechanie na zwierzę,Dobre warunki atmosferyczne,Światło dzienne,Jezdnia,EWK-98153149N,16,2014-03-09,Nieokreślone (puste pole),20*28'273,53*11'399,GMINNA,Obszar zabudowany,Odcinek prosty,Droga gminna,Jednojezdniowa dwukierunkowa,N,POWIAT MŁAWSKI,WIECZFNIA KOŚCIELNA - OBSZAR WIEJSKI
1,0,1,2014,Dobre warunki atmosferyczne,Najechanie na zwierzę,Dobre warunki atmosferyczne,Światło dzienne,Jezdnia,EWK-98155821Y,15,2014-03-11,Lekko,20*53'326,51*26'140,34365W,Obszar zabudowany,Odcinek prosty,Droga powiatowa,Jednojezdniowa dwukierunkowa,N,POWIAT RADOMSKI,PRZYTYK - OBSZAR WIEJSKI
1,0,2,2014,Dobre warunki atmosferyczne,Najechanie na zwierzę,Dobre warunki atmosferyczne,Światło dzienne,Jezdnia,EWK-98217000R,16,2014-04-07,Lekko,21*37'356,51*52'196,G,Obszar zabudowany,Odcinek prosty,Nieokreślone (puste pole),Jednojezdniowa dwukierunkowa,N,POWIAT GARWOLIŃSKI,GARWOLIN - OBSZAR WIEJSKI
1,0,1,2014,Dobre warunki atmosferyczne,Najechanie na zwierzę,Dobre warunki atmosferyczne,Światło dzienne,Jezdnia,EWK-98229677K,16,2014-05-11,Lekko,20*06'517,52*27'172,P,Obszar zabudowany,Odcinek prosty,Droga powiatowa,Jednojezdniowa dwukierunkowa,N,POWIAT PŁOCKI,MAŁA WIEŚ - OBSZAR WIEJSKI
1,0,1,2014,Dobre warunki atmosferyczne,Najechanie na zwierzę,Dobre warunki atmosferyczne,Światło dzienne,Jezdnia,EWK-98265298C,15,2014-06-07,Lekko,21*37'451,53*02'441,G251022W,Obszar zabudowany,Odcinek prosty,Droga gminna,Jednojezdniowa dwukierunkowa,N,POWIAT OSTROŁĘCKI,RZEKUŃ - OBSZAR WIEJSKI
1,0,0,2014,Dobre warunki atmosferyczne,Najechanie na zwierzę,Dobre warunki atmosferyczne,Światło dzienne,Jezdnia,EWK-98265298C,15,2014-06-07,Nieokreślone (puste pole),21*37'451,53*02'441,G251022W,Obszar zabudowany,Odcinek prosty,Droga gminna,Jednojezdniowa dwukierunkowa,N,POWIAT OSTROŁĘCKI,RZEKUŃ - OBSZAR WIEJSKI
1,0,1,2014,Dobre warunki atmosferyczne,Najechanie na zwierzę,Dobre warunki atmosferyczne,Światło dzienne,Jezdnia,EWK-98275088J,10,2014-06-12,Ciężko,21*55'115,52*47'206,627,Obszar zabudowany,Odcinek prosty,Droga wojewódzka,Jednojezdniowa dwukierunkowa,N,POWIAT OSTROWSKI,OSTRÓW MAZOWIECKA - OBSZAR MIEJSKI
1,0,1,2014,Dobre warunki atmosferyczne,Najechanie na zwierzę,Dobre warunki atmosferyczne,Światło dzienne,Jezdnia,EWK-98462599U,14,2014-10-05,Ciężko,21*50'260,51*52'434,31330W,Obszar zabudowany,Odcinek prosty,Droga powiatowa,Jednojezdniowa dwukierunkowa,N,POWIAT GARWOLIŃSKI,MIASTKÓW KOŚCIELNY - OBSZAR WIEJSKI
1,0,1,2014,Dobre warunki atmosferyczne,Najechanie na zwierzę,Dobre warunki atmosferyczne,Światło dzienne,Jezdnia,EWK-98464505M,16,2014-10-15,Lekko,19*49'137,52*33'232,P2939W,Obszar niezabudowany,Odcinek prosty,Droga powiatowa,Jednojezdniowa dwukierunkowa,N,POWIAT PŁOCKI,RADZANOWO - OBSZAR WIEJSKI
1,0,3,2014,Dobre warunki atmosferyczne,Wywrócenie się pojazdu,Dobre warunki atmosferyczne,Noc - droga nieoświetlona,Jezdnia,EWK-98086803R,20,2014-01-12,Ciężko,20*15'035,52*12'350,K92S,Obszar niezabudowany,Wzniesienie,Droga krajowa,Jednojezdniowa dwukierunkowa,N,POWIAT SOCHACZEWSKI,SOCHACZEW - OBSZAR WIEJSKI
1,0,1,2014,Dobre warunki atmosferyczne,Wywrócenie się pojazdu,Dobre warunki atmosferyczne,Noc - droga nieoświetlona,Jezdnia,EWK-98159333J,22,2014-03-14,Lekko,20*46'118,52*42'280,P,Obszar niezabudowany,Odcinek prosty,Droga powiatowa,Jednojezdniowa dwukierunkowa,T,POWIAT PUŁTUSKI,ŚWIERCZE - OBSZAR WIEJSKI
1,1,0,2014,Dobre warunki atmosferyczne,Wywrócenie się pojazdu,Dobre warunki atmosferyczne,Noc - droga nieoświetlona,Jezdnia,EWK-98170889E,1,2014-03-23,Nieokreślone (puste pole),20*26'349,53*07'069,P,Obszar niezabudowany,Odcinek prosty,Droga powiatowa,Jednojezdniowa dwukierunkowa,T,POWIAT MŁAWSKI,SZYDŁOWO - OBSZAR WIEJSKI
1,0,1,2014,Dobre warunki atmosferyczne,Wywrócenie się pojazdu,Dobre warunki atmosferyczne,Noc - droga nieoświetlona,Jezdnia,EWK-98178166K,20,2014-03-30,Lekko,21*54'115,52*15'409,697,Obszar niezabudowany,Odcinek prosty,Droga wojewódzka,Jednojezdniowa dwukierunkowa,N,POWIAT WĘGROWSKI,GRĘBKÓW - OBSZAR WIEJSKI
1,0,0,2014,Dobre warunki atmosferyczne,Wywrócenie się pojazdu,Dobre warunki atmosferyczne,Noc - droga nieoświetlona,Jezdnia,EWK-98178166K,20,2014-03-30,Nieokreślone (puste pole),21*54'115,52*15'409,697,Obszar niezabudowany,Odcinek prosty,Droga wojewódzka,Jednojezdniowa dwukierunkowa,N,POWIAT WĘGROWSKI,GRĘBKÓW - OBSZAR WIEJSKI
1,0,5,2014,Dobre warunki atmosferyczne,Wywrócenie się pojazdu,Dobre warunki atmosferyczne,Noc - droga nieoświetlona,Jezdnia,EWK-98217639H,0,2014-04-26,Lekko,21*34'458,51*53'355,GMINNA,Obszar niezabudowany,"Zakręt, łuk",Droga gminna,Jednojezdniowa dwukierunkowa,N,POWIAT GARWOLIŃSKI,GARWOLIN - OBSZAR MIEJSKI
1,0,2,2014,Dobre warunki atmosferyczne,Wywrócenie się pojazdu,Dobre warunki atmosferyczne,Noc - droga nieoświetlona,Jezdnia,EWK-98308071A,2,2014-07-08,Ciężko,19*36'502,52*35'100,GMINNA,Obszar zabudowany,Odcinek prosty,Droga gminna,Jednojezdniowa dwukierunkowa,T,POWIAT PŁOCKI,STARA BIAŁA - OBSZAR WIEJSKI
1,0,0,2014,Dobre warunki atmosferyczne,Wywrócenie się pojazdu,Dobre warunki atmosferyczne,Noc - droga nieoświetlona,Jezdnia,EWK-98308071A,2,2014-07-08,Nieokreślone (puste pole),19*36'502,52*35'100,GMINNA,Obszar zabudowany,Odcinek prosty,Droga gminna,Jednojezdniowa dwukierunkowa,T,POWIAT PŁOCKI,STARA BIAŁA - OBSZAR WIEJSKI
1,0,1,2014,Dobre warunki atmosferyczne,Wywrócenie się pojazdu,Dobre warunki atmosferyczne,Noc - droga nieoświetlona,Jezdnia,EWK-98329731X,21,2014-07-22,Ciężko,22*23'322,52*47'211,GMINNA,Obszar niezabudowany,"Zakręt, łuk",Droga gminna,Jednojezdniowa dwukierunkowa,T,POWIAT OSTROWSKI,BOGUTY-PIANKI - OBSZAR WIEJSKI
1,0,1,2014,Dobre warunki atmosferyczne,Wywrócenie się pojazdu,Dobre warunki atmosferyczne,Noc - droga nieoświetlona,Jezdnia,EWK-98331868W,1,2014-07-10,Ciężko,21*32'454,53*15'093,2522W,Obszar niezabudowany,Odcinek prosty,Droga powiatowa,Jednojezdniowa dwukierunkowa,N,POWIAT OSTROŁĘCKI,KADZIDŁO - OBSZAR WIEJSKI
1,0,4,2014,Dobre warunki atmosferyczne,Wywrócenie się pojazdu,Dobre warunki atmosferyczne,Noc - droga nieoświetlona,Jezdnia,EWK-98344010Q,0,2014-08-01,Lekko,19*35'026,52*53'036,10,Obszar niezabudowany,Odcinek prosty,Droga krajowa,Jednojezdniowa dwukierunkowa,N,POWIAT SIERPECKI,SIERPC - OBSZAR WIEJSKI
1,0,0,2014,Dobre warunki atmosferyczne,Wywrócenie się pojazdu,Dobre warunki atmosferyczne,Noc - droga nieoświetlona,Jezdnia,EWK-98344010Q,0,2014-08-01,Nieokreślone (puste pole),19*35'026,52*53'036,10,Obszar niezabudowany,Odcinek prosty,Droga krajowa,Jednojezdniowa dwukierunkowa,N,POWIAT SIERPECKI,SIERPC - OBSZAR WIEJSKI
1,0,1,2014,Dobre warunki atmosferyczne,Wywrócenie się pojazdu,Dobre warunki atmosferyczne,Noc - droga nieoświetlona,Jezdnia,EWK-98346987C,1,2014-08-03,Lekko,19*36'300,52*50'518,P3726W,Obszar niezabudowany,Odcinek prosty,Droga powiatowa,Jednojezdniowa dwukierunkowa,N,POWIAT SIERPECKI,SIERPC - OBSZAR WIEJSKI
1,0,0,2014,Dobre warunki atmosferyczne,Wywrócenie się pojazdu,Dobre warunki atmosferyczne,Noc - droga nieoświetlona,Jezdnia,EWK-98346987C,1,2014-08-03,Nieokreślone (puste pole),19*36'300,52*50'518,P3726W,Obszar niezabudowany,Odcinek prosty,Droga powiatowa,Jednojezdniowa dwukierunkowa,N,POWIAT SIERPECKI,SIERPC - OBSZAR WIEJSKI
1,0,1,2014,Dobre warunki atmosferyczne,Wywrócenie się pojazdu,Dobre warunki atmosferyczne,Noc - droga nieoświetlona,Jezdnia,EWK-98423905D,19,2014-09-28,Lekko,21*46'360,52*21'544,W637,Obszar niezabudowany,Odcinek prosty,Droga wojewódzka,Jednojezdniowa dwukierunkowa,T,POWIAT WĘGROWSKI,KORYTNICA - OBSZAR WIEJSKI
1,0,0,2014,Dobre warunki atmosferyczne,Wywrócenie się pojazdu,Dobre warunki atmosferyczne,Noc - droga nieoświetlona,Jezdnia,EWK-98423905D,19,2014-09-28,Nieokreślone (puste pole),21*46'360,52*21'544,W637,Obszar niezabudowany,Odcinek prosty,Droga wojewódzka,Jednojezdniowa dwukierunkowa,T,POWIAT WĘGROWSKI,KORYTNICA - OBSZAR WIEJSKI
1,0,1,2014,Dobre warunki atmosferyczne,Wywrócenie się pojazdu,Dobre warunki atmosferyczne,Noc - droga nieoświetlona,Jezdnia,EWK-98443380F,21,2014-10-01,Lekko,19*31'305,52*49'470,,Obszar zabudowany,Odcinek prosty,Nieokreślone (puste pole),Jednojezdniowa dwukierunkowa,N,POWIAT SIERPECKI,MOCHOWO - OBSZAR WIEJSKI
1,0,1,2014,Dobre warunki atmosferyczne,Wywrócenie się pojazdu,Dobre warunki atmosferyczne,Noc - droga nieoświetlona,Jezdnia,EWK-98450295T,23,2014-10-04,Lekko,21*56'082,52*24'229,,Obszar niezabudowany,Odcinek prosty,Nieokreślone (puste pole),Jednojezdniowa dwukierunkowa,N,POWIAT WĘGROWSKI,LIW - OBSZAR WIEJSKI
1,1,0,2014,Dobre warunki atmosferyczne,Wywrócenie się pojazdu,Dobre warunki atmosferyczne,Noc - droga nieoświetlona,Jezdnia,EWK-98667879Q,5,2014-12-02,Nieokreślone (puste pole),22*45'412,52*13'565,19,Obszar niezabudowany,Odcinek prosty; Wzniesienie,Droga krajowa,Jednojezdniowa dwukierunkowa,N,POWIAT ŁOSICKI,ŁOSICE - OBSZAR WIEJSKI
1,0,1,2014,Dobre warunki atmosferyczne,Wywrócenie się pojazdu,Dobre warunki atmosferyczne,Noc - droga nieoświetlona,Jezdnia,EWK-98676420K,18,2014-12-10,Lekko,20*20'436,52*13'109,92,Obszar niezabudowany,Odcinek prosty,Droga krajowa,Jednojezdniowa dwukierunkowa,N,POWIAT SOCHACZEWSKI,SOCHACZEW - OBSZAR WIEJSKI
1,0,2,2014,Dobre warunki atmosferyczne,Wywrócenie się pojazdu,Dobre warunki atmosferyczne,Noc - droga nieoświetlona,Jezdnia,EWK-98696362U,3,2014-12-20,Ciężko,20*16'227,52*37'284,10,Obszar zabudowany,Odcinek prosty,Droga krajowa,Jednojezdniowa dwukierunkowa,N,POWIAT PŁOŃSKI,DZIERZĄŻNIA - OBSZAR WIEJSKI
1,0,3,2014,Dobre warunki atmosferyczne,Wywrócenie się pojazdu,Dobre warunki atmosferyczne,Noc - droga nieoświetlona,Jezdnia,EWK-98696362U,3,2014-12-20,Lekko,20*16'227,52*37'284,10,Obszar zabudowany,Odcinek prosty,Droga krajowa,Jednojezdniowa dwukierunkowa,N,POWIAT PŁOŃSKI,DZIERZĄŻNIA - OBSZAR WIEJSKI
1,0,2,2014,Dobre warunki atmosferyczne,Wywrócenie się pojazdu,Dobre warunki atmosferyczne,Noc - droga nieoświetlona,Pobocze,EWK-98238668Q,23,2014-05-18,Ciężko,21*32'401,51*33'364,79,Obszar niezabudowany,"Zakręt, łuk",Droga krajowa,Jednojezdniowa dwukierunkowa,T,POWIAT KOZIENICKI,KOZIENICE - OBSZAR WIEJSKI
1,0,1,2014,Dobre warunki atmosferyczne,Wywrócenie się pojazdu,Dobre warunki atmosferyczne,Noc - droga nieoświetlona,Pobocze,EWK-98383427H,22,2014-08-24,Lekko,21*44'583,51*30'529,691,Obszar niezabudowany,Odcinek prosty,Droga wojewódzka,Jednojezdniowa dwukierunkowa,N,POWIAT KOZIENICKI,SIECIECHÓW - OBSZAR WIEJSKI
1,0,0,2014,Dobre warunki atmosferyczne,Wywrócenie się pojazdu,Dobre warunki atmosferyczne,Noc - droga nieoświetlona,Pobocze,EWK-98383427H,22,2014-08-24,Nieokreślone (puste pole),21*44'583,51*30'529,691,Obszar niezabudowany,Odcinek prosty,Droga wojewódzka,Jednojezdniowa dwukierunkowa,N,POWIAT KOZIENICKI,SIECIECHÓW - OBSZAR WIEJSKI
1,0,1,2014,Dobre warunki atmosferyczne,Wywrócenie się pojazdu,Dobre warunki atmosferyczne,Noc - droga nieoświetlona,"Skarpa, rów",EWK-98221636J,21,2014-04-28,Lekko,22*21'325,52*30'118,36155W,Obszar niezabudowany,Odcinek prosty,Droga powiatowa,Jednojezdniowa dwukierunkowa,N,POWIAT SOKOŁOWSKI,SABNIE - OBSZAR WIEJSKI
1,0,2,2014,Dobre warunki atmosferyczne,Wywrócenie się pojazdu,Dobre warunki atmosferyczne,Noc - droga nieoświetlona,"Skarpa, rów",EWK-98397859U,4,2014-09-07,Ciężko,22*46'128,52*14'101,19,Obszar niezabudowany,Odcinek prosty,Droga krajowa,Jednojezdniowa dwukierunkowa,T,POWIAT ŁOSICKI,ŁOSICE - OBSZAR WIEJSKI
1,0,0,2014,Dobre warunki atmosferyczne,Wywrócenie się pojazdu,Dobre warunki atmosferyczne,Noc - droga nieoświetlona,"Skarpa, rów",EWK-98397859U,4,2014-09-07,Nieokreślone (puste pole),22*46'128,52*14'101,19,Obszar niezabudowany,Odcinek prosty,Droga krajowa,Jednojezdniowa dwukierunkowa,T,POWIAT ŁOSICKI,ŁOSICE - OBSZAR WIEJSKI
1,0,1,2014,Dobre warunki atmosferyczne,Wywrócenie się pojazdu,Dobre warunki atmosferyczne,Noc - droga nieoświetlona,"Skarpa, rów",EWK-98408651F,5,2014-09-13,Lekko,19*47'304,52*37'050,60,Obszar niezabudowany,Odcinek prosty,Droga krajowa,Jednojezdniowa dwukierunkowa,N,POWIAT PŁOCKI,BIELSK - OBSZAR WIEJSKI
1,1,0,2014,Dobre warunki atmosferyczne,Wywrócenie się pojazdu,Dobre warunki atmosferyczne,Noc - droga nieoświetlona,"Skarpa, rów",EWK-98483703A,23,2014-10-17,Nieokreślone (puste pole),21*39'261,52*51'160,60,Obszar niezabudowany,Odcinek prosty,Droga krajowa,Jednojezdniowa dwukierunkowa,N,POWIAT OSTROWSKI,WĄSEWO - OBSZAR WIEJSKI
1,0,3,2014,Dobre warunki atmosferyczne,Wywrócenie się pojazdu,Dobre warunki atmosferyczne,Noc - droga nieoświetlona,"Skarpa, rów",EWK-98675002N,5,2014-12-08,Ciężko,20*41'201,51*48'221,725,Obszar niezabudowany,"Zakręt, łuk",Droga wojewódzka,Jednojezdniowa dwukierunkowa,N,POWIAT GRÓJECKI,BŁĘDÓW - OBSZAR WIEJSKI
1,0,2,2014,Dobre warunki atmosferyczne,Wywrócenie się pojazdu,Dobre warunki atmosferyczne,Noc - droga nieoświetlona,"Skarpa, rów",EWK-98694772G,20,2014-12-21,Lekko,20*57'094,51*17'066,7,Obszar niezabudowany,Odcinek prosty,Droga krajowa,Jednojezdniowa dwukierunkowa,N,POWIAT SZYDŁOWIECKI,OROŃSKO - OBSZAR WIEJSKI
1,0,2,2014,Dobre warunki atmosferyczne,Wywrócenie się pojazdu,Dobre warunki atmosferyczne,Noc - droga oświetlona,Jezdnia,EWK-98080061F,4,2014-01-01,Lekko,19*52'180,52*19'437,577,Obszar zabudowany,Odcinek prosty,Droga wojewódzka,Jednojezdniowa dwukierunkowa,T,POWIAT GOSTYNIŃSKI,SANNIKI - OBSZAR WIEJSKI
1,0,1,2014,Dobre warunki atmosferyczne,Wywrócenie się pojazdu,Dobre warunki atmosferyczne,Noc - droga oświetlona,Jezdnia,EWK-98146899H,21,2014-02-27,Ciężko,21*34'172,52*38'074,4405W,Obszar zabudowany,"Zakręt, łuk",Droga powiatowa,Jednojezdniowa dwukierunkowa,N,POWIAT WYSZKOWSKI,BRAŃSZCZYK - OBSZAR WIEJSKI
1,0,0,2014,Dobre warunki atmosferyczne,Wywrócenie się pojazdu,Dobre warunki atmosferyczne,Noc - droga oświetlona,Jezdnia,EWK-98146899H,21,2014-02-27,Nieokreślone (puste pole),21*34'172,52*38'074,4405W,Obszar zabudowany,"Zakręt, łuk",Droga powiatowa,Jednojezdniowa dwukierunkowa,N,POWIAT WYSZKOWSKI,BRAŃSZCZYK - OBSZAR WIEJSKI
1,0,1,2014,Dobre warunki atmosferyczne,Wywrócenie się pojazdu,Dobre warunki atmosferyczne,Noc - droga oświetlona,Jezdnia,EWK-98204876E,3,2014-04-21,Lekko,20*23'375,53*07'438,7,Obszar niezabudowany,,Droga krajowa,Jednojezdniowa dwukierunkowa,T,POWIAT MŁAWSKI,MŁAWA - OBSZAR MIEJSKI
1,0,0,2014,Dobre warunki atmosferyczne,Wywrócenie się pojazdu,Dobre warunki atmosferyczne,Noc - droga oświetlona,Jezdnia,EWK-98204876E,3,2014-04-21,Nieokreślone (puste pole),20*23'375,53*07'438,7,Obszar niezabudowany,,Droga krajowa,Jednojezdniowa dwukierunkowa,T,POWIAT MŁAWSKI,MŁAWA - OBSZAR MIEJSKI
1,0,1,2014,Dobre warunki atmosferyczne,Wywrócenie się pojazdu,Dobre warunki atmosferyczne,Noc - droga oświetlona,Jezdnia,EWK-98236184Y,21,2014-05-12,Ciężko,21*16'411,52*44'094,G340206W,Obszar zabudowany,Odcinek prosty,Droga gminna,Jednojezdniowa dwukierunkowa,T,POWIAT PUŁTUSKI,OBRYTE - OBSZAR WIEJSKI
1,0,1,2014,Dobre warunki atmosferyczne,Wywrócenie się pojazdu,Dobre warunki atmosferyczne,Noc - droga oświetlona,Jezdnia,EWK-98269473T,23,2014-06-08,Ciężko,21*35'437,51*06'037,P1922W,Obszar zabudowany,"Zakręt, łuk",Droga powiatowa,Jednojezdniowa dwukierunkowa,N,POWIAT LIPSKI,LIPSKO - OBSZAR WIEJSKI
1,0,1,2014,Dobre warunki atmosferyczne,Wywrócenie się pojazdu,Dobre warunki atmosferyczne,Noc - droga oświetlona,Jezdnia,EWK-98269473T,23,2014-06-08,Lekko,21*35'437,51*06'037,P1922W,Obszar zabudowany,"Zakręt, łuk",Droga powiatowa,Jednojezdniowa dwukierunkowa,N,POWIAT LIPSKI,LIPSKO - OBSZAR WIEJSKI
1,0,1,2014,Dobre warunki atmosferyczne,Wywrócenie się pojazdu,Dobre warunki atmosferyczne,Noc - droga oświetlona,Jezdnia,EWK-98483397U,19,2014-10-17,Lekko,20*52'469,53*06'154,GMINNA,Obszar niezabudowany,Odcinek prosty,Droga gminna,Jednojezdniowa dwukierunkowa,T,POWIAT PRZASNYSKI,KRZYNOWŁOGA MAŁA - OBSZAR WIEJSKI
1,1,0,2014,Dobre warunki atmosferyczne,Wywrócenie się pojazdu,Dobre warunki atmosferyczne,Noc - droga oświetlona,Jezdnia,EWK-98483397U,19,2014-10-17,Nieokreślone (puste pole),20*52'469,53*06'154,GMINNA,Obszar niezabudowany,Odcinek prosty,Droga gminna,Jednojezdniowa dwukierunkowa,T,POWIAT PRZASNYSKI,KRZYNOWŁOGA MAŁA - OBSZAR WIEJSKI
1,0,1,2014,Dobre warunki atmosferyczne,Wywrócenie się pojazdu,Dobre warunki atmosferyczne,Noc - droga oświetlona,Jezdnia,EWK-98644774F,5,2014-11-13,Lekko,19*44'260,52*33'096,567,Obszar niezabudowany,,Droga wojewódzka,Jednokierunkowa,N,POWIAT PŁOCK,PŁOCK - OBSZAR MIEJSKI
1,0,1,2014,Dobre warunki atmosferyczne,Wywrócenie się pojazdu,Dobre warunki atmosferyczne,Noc - droga oświetlona,Pobocze,EWK-98317219U,21,2014-07-09,Ciężko,21*24'031,51*40'152,P1712W,Obszar niezabudowany,Odcinek prosty,Droga powiatowa,Jednojezdniowa dwukierunkowa,T,POWIAT KOZIENICKI,KOZIENICE - OBSZAR WIEJSKI
1,0,4,2014,Dobre warunki atmosferyczne,Wywrócenie się pojazdu,Dobre warunki atmosferyczne,Noc - droga oświetlona,"Skarpa, rów",EWK-98086247K,2,2014-01-02,Ciężko,21*02'469,52*50'502,60,Obszar niezabudowany,"Zakręt, łuk",Droga krajowa,Jednojezdniowa dwukierunkowa,N,POWIAT MAKOWSKI,KARNIEWO - OBSZAR WIEJSKI
1,0,1,2014,Dobre warunki atmosferyczne,Wywrócenie się pojazdu,Dobre warunki atmosferyczne,Noc - droga oświetlona,"Skarpa, rów",EWK-98086247K,2,2014-01-02,Lekko,21*02'469,52*50'502,60,Obszar niezabudowany,"Zakręt, łuk",Droga krajowa,Jednojezdniowa dwukierunkowa,N,POWIAT MAKOWSKI,KARNIEWO - OBSZAR WIEJSKI
1,0,0,2014,Dobre warunki atmosferyczne,Wywrócenie się pojazdu,Dobre warunki atmosferyczne,Noc - droga oświetlona,"Skarpa, rów",EWK-98086247K,2,2014-01-02,Nieokreślone (puste pole),21*02'469,52*50'502,60,Obszar niezabudowany,"Zakręt, łuk",Droga krajowa,Jednojezdniowa dwukierunkowa,N,POWIAT MAKOWSKI,KARNIEWO - OBSZAR WIEJSKI