Liczba wypadków,Liczba zabitych,Liczba rannych,Rok,Warunki atmosferyczne,Rodzaj zdarzenia,Warunki atmosferyczne,Oświetlenie,Charakterystyka miejsca zdarzenia,IDKSIP zdarzenia,Godzina,Dzień,Ranny,GPS x,GPS y,Numer drogi,Obszar,Geometria drogi,Kategoria drogi 1,Rodzaj drogi,Czy w zdarzeniu był sprawca nietrzeźwy,Powiat,Gmina
1,0,0,2014,Dobre warunki atmosferyczne,Zderzenie pojazdów boczne,Dobre warunki atmosferyczne,Noc - droga oświetlona,Jezdnia,EWK-98494253P,19,2014-10-19,Nieokreślone (puste pole),20*57'065,51*39'120,731,Obszar zabudowany,,Droga wojewódzka,Jednojezdniowa dwukierunkowa,N,POWIAT BIAŁOBRZESKI,BIAŁOBRZEGI - OBSZAR MIEJSKI
1,1,0,2014,Dobre warunki atmosferyczne,Zderzenie pojazdów boczne,Dobre warunki atmosferyczne,Noc - droga oświetlona,Jezdnia,EWK-98620816C,20,2014-10-24,Nieokreślone (puste pole),22*17'338,52*10'462,W628,Obszar zabudowany,,Droga wojewódzka,Jednojezdniowa dwukierunkowa,N,POWIAT SIEDLCE,SIEDLCE - OBSZAR MIEJSKI
1,0,1,2014,Dobre warunki atmosferyczne,Zderzenie pojazdów boczne,Dobre warunki atmosferyczne,Noc - droga oświetlona,Jezdnia,EWK-98628350W,14,2014-10-31,Lekko,21*10'539,51*23'540,P3528W,Obszar zabudowany,,Droga powiatowa,Jednojezdniowa dwukierunkowa,N,POWIAT RADOM,RADOM - OBSZAR MIEJSKI
1,0,0,2014,Dobre warunki atmosferyczne,Zderzenie pojazdów boczne,Dobre warunki atmosferyczne,Noc - droga oświetlona,Jezdnia,EWK-98628350W,14,2014-10-31,Nieokreślone (puste pole),21*10'539,51*23'540,P3528W,Obszar zabudowany,,Droga powiatowa,Jednojezdniowa dwukierunkowa,N,POWIAT RADOM,RADOM - OBSZAR MIEJSKI
1,0,1,2014,Dobre warunki atmosferyczne,Zderzenie pojazdów boczne,Dobre warunki atmosferyczne,Noc - droga oświetlona,Jezdnia,EWK-98628390U,17,2014-11-02,Lekko,21*27'516,51*29'167,,Obszar zabudowany,,Nieokreślone (puste pole),Jednojezdniowa dwukierunkowa,N,POWIAT RADOMSKI,PIONKI - OBSZAR MIEJSKI
1,0,0,2014,Dobre warunki atmosferyczne,Zderzenie pojazdów boczne,Dobre warunki atmosferyczne,Noc - droga oświetlona,Jezdnia,EWK-98628390U,17,2014-11-02,Nieokreślone (puste pole),21*27'516,51*29'167,,Obszar zabudowany,,Nieokreślone (puste pole),Jednojezdniowa dwukierunkowa,N,POWIAT RADOMSKI,PIONKI - OBSZAR MIEJSKI
1,0,1,2014,Dobre warunki atmosferyczne,Zderzenie pojazdów boczne,Dobre warunki atmosferyczne,Noc - droga oświetlona,Jezdnia,EWK-98642173M,16,2014-11-12,Lekko,20*36'425,51*22'274,12,Obszar zabudowany,,Droga krajowa,Jednojezdniowa dwukierunkowa,N,POWIAT PRZYSUSKI,PRZYSUCHA - OBSZAR WIEJSKI
1,0,0,2014,Dobre warunki atmosferyczne,Zderzenie pojazdów boczne,Dobre warunki atmosferyczne,Noc - droga oświetlona,Jezdnia,EWK-98642173M,16,2014-11-12,Nieokreślone (puste pole),20*36'425,51*22'274,12,Obszar zabudowany,,Droga krajowa,Jednojezdniowa dwukierunkowa,N,POWIAT PRZYSUSKI,PRZYSUCHA - OBSZAR WIEJSKI
1,0,1,2014,Dobre warunki atmosferyczne,Zderzenie pojazdów boczne,Dobre warunki atmosferyczne,Noc - droga oświetlona,Jezdnia,EWK-98664881P,18,2014-11-28,Lekko,21*07'347,51*23'157,P3564W,Obszar zabudowany,,Droga powiatowa,Jednojezdniowa dwukierunkowa,N,POWIAT RADOM,RADOM - OBSZAR MIEJSKI
1,0,0,2014,Dobre warunki atmosferyczne,Zderzenie pojazdów boczne,Dobre warunki atmosferyczne,Noc - droga oświetlona,Jezdnia,EWK-98664881P,18,2014-11-28,Nieokreślone (puste pole),21*07'347,51*23'157,P3564W,Obszar zabudowany,,Droga powiatowa,Jednojezdniowa dwukierunkowa,N,POWIAT RADOM,RADOM - OBSZAR MIEJSKI
1,0,1,2014,Dobre warunki atmosferyczne,Zderzenie pojazdów boczne,Dobre warunki atmosferyczne,Noc - droga oświetlona,Jezdnia,EWK-98666012K,16,2014-12-01,Ciężko,20*26'170,51*22'416,728,Obszar zabudowany,Odcinek prosty,Droga wojewódzka,Jednojezdniowa dwukierunkowa,N,POWIAT PRZYSUSKI,GIELNIÓW - OBSZAR WIEJSKI
1,0,0,2014,Dobre warunki atmosferyczne,Zderzenie pojazdów boczne,Dobre warunki atmosferyczne,Noc - droga oświetlona,Jezdnia,EWK-98666012K,16,2014-12-01,Nieokreślone (puste pole),20*26'170,51*22'416,728,Obszar zabudowany,Odcinek prosty,Droga wojewódzka,Jednojezdniowa dwukierunkowa,N,POWIAT PRZYSUSKI,GIELNIÓW - OBSZAR WIEJSKI
1,0,2,2014,Dobre warunki atmosferyczne,Zderzenie pojazdów boczne,Dobre warunki atmosferyczne,Noc - droga oświetlona,Jezdnia,EWK-98666151D,4,2014-11-17,Lekko,21*35'217,51*57'003,805,Obszar zabudowany,,Droga wojewódzka,Jednojezdniowa dwukierunkowa,N,POWIAT GARWOLIŃSKI,PILAWA - OBSZAR WIEJSKI
1,0,0,2014,Dobre warunki atmosferyczne,Zderzenie pojazdów boczne,Dobre warunki atmosferyczne,Noc - droga oświetlona,Jezdnia,EWK-98666151D,4,2014-11-17,Nieokreślone (puste pole),21*35'217,51*57'003,805,Obszar zabudowany,,Droga wojewódzka,Jednojezdniowa dwukierunkowa,N,POWIAT GARWOLIŃSKI,PILAWA - OBSZAR WIEJSKI
1,0,1,2014,Dobre warunki atmosferyczne,Zderzenie pojazdów boczne,Dobre warunki atmosferyczne,Noc - droga oświetlona,Jezdnia,EWK-98680948R,16,2014-12-12,Ciężko,20*23'582,53*06'475,7,Obszar zabudowany,,Droga krajowa,Jednojezdniowa dwukierunkowa,N,POWIAT MŁAWSKI,MŁAWA - OBSZAR MIEJSKI
1,0,0,2014,Dobre warunki atmosferyczne,Zderzenie pojazdów boczne,Dobre warunki atmosferyczne,Noc - droga oświetlona,Jezdnia,EWK-98680948R,16,2014-12-12,Nieokreślone (puste pole),20*23'582,53*06'475,7,Obszar zabudowany,,Droga krajowa,Jednojezdniowa dwukierunkowa,N,POWIAT MŁAWSKI,MŁAWA - OBSZAR MIEJSKI
1,0,1,2014,Dobre warunki atmosferyczne,Zderzenie pojazdów boczne,Dobre warunki atmosferyczne,Noc - droga oświetlona,Jezdnia,EWK-98689581G,21,2014-12-17,Lekko,21*10'095,51*23'305,9,Obszar zabudowany,,Droga krajowa,Jednojezdniowa dwukierunkowa,N,POWIAT RADOM,RADOM - OBSZAR MIEJSKI
1,0,0,2014,Dobre warunki atmosferyczne,Zderzenie pojazdów boczne,Dobre warunki atmosferyczne,Noc - droga oświetlona,Jezdnia,EWK-98689581G,21,2014-12-17,Nieokreślone (puste pole),21*10'095,51*23'305,9,Obszar zabudowany,,Droga krajowa,Jednojezdniowa dwukierunkowa,N,POWIAT RADOM,RADOM - OBSZAR MIEJSKI
1,0,1,2014,Dobre warunki atmosferyczne,Zderzenie pojazdów boczne,Dobre warunki atmosferyczne,Noc - droga oświetlona,Jezdnia,EWK-98708108X,20,2014-12-27,Lekko,20*31'466,51*58'256,GMINNA,Obszar zabudowany,,Droga gminna,Jednojezdniowa dwukierunkowa,N,POWIAT ŻYRARDOWSKI,MSZCZONÓW - OBSZAR MIEJSKI
1,0,0,2014,Dobre warunki atmosferyczne,Zderzenie pojazdów boczne,Dobre warunki atmosferyczne,Noc - droga oświetlona,Jezdnia,EWK-98708108X,20,2014-12-27,Nieokreślone (puste pole),20*31'466,51*58'256,GMINNA,Obszar zabudowany,,Droga gminna,Jednojezdniowa dwukierunkowa,N,POWIAT ŻYRARDOWSKI,MSZCZONÓW - OBSZAR MIEJSKI
1,0,1,2014,Dobre warunki atmosferyczne,Zderzenie pojazdów boczne,Dobre warunki atmosferyczne,Noc - droga oświetlona,Jezdnia,EWK-98708130P,17,2014-12-29,Lekko,20*26'025,52*04'049,P4730W,Obszar zabudowany,,Droga powiatowa,Jednojezdniowa dwukierunkowa,N,POWIAT ŻYRARDOWSKI,ŻYRARDÓW - OBSZAR MIEJSKI
1,0,0,2014,Dobre warunki atmosferyczne,Zderzenie pojazdów boczne,Dobre warunki atmosferyczne,Noc - droga oświetlona,Jezdnia,EWK-98708130P,17,2014-12-29,Nieokreślone (puste pole),20*26'025,52*04'049,P4730W,Obszar zabudowany,,Droga powiatowa,Jednojezdniowa dwukierunkowa,N,POWIAT ŻYRARDOWSKI,ŻYRARDÓW - OBSZAR MIEJSKI
1,0,1,2014,Dobre warunki atmosferyczne,Zderzenie pojazdów boczne,Dobre warunki atmosferyczne,"Zmrok, świt",Droga dla rowerzystów,EWK-98477289K,6,2014-10-16,Lekko,21*11'594,51*21'502,9,Obszar zabudowany,,Droga krajowa,Jednojezdniowa dwukierunkowa,N,POWIAT RADOM,RADOM - OBSZAR MIEJSKI
1,0,0,2014,Dobre warunki atmosferyczne,Zderzenie pojazdów boczne,Dobre warunki atmosferyczne,"Zmrok, świt",Droga dla rowerzystów,EWK-98477289K,6,2014-10-16,Nieokreślone (puste pole),21*11'594,51*21'502,9,Obszar zabudowany,,Droga krajowa,Jednojezdniowa dwukierunkowa,N,POWIAT RADOM,RADOM - OBSZAR MIEJSKI
1,0,2,2014,Dobre warunki atmosferyczne,Zderzenie pojazdów boczne,Dobre warunki atmosferyczne,"Zmrok, świt",Jezdnia,EWK-98120212Q,5,2014-02-05,Ciężko,20*34'950,52*21'930,K92S,Obszar niezabudowany,,Droga krajowa,Jednojezdniowa dwukierunkowa,N,POWIAT SOCHACZEWSKI,SOCHACZEW - OBSZAR WIEJSKI
1,0,0,2014,Dobre warunki atmosferyczne,Zderzenie pojazdów boczne,Dobre warunki atmosferyczne,"Zmrok, świt",Jezdnia,EWK-98120212Q,5,2014-02-05,Nieokreślone (puste pole),20*34'950,52*21'930,K92S,Obszar niezabudowany,,Droga krajowa,Jednojezdniowa dwukierunkowa,N,POWIAT SOCHACZEWSKI,SOCHACZEW - OBSZAR WIEJSKI
1,0,1,2014,Dobre warunki atmosferyczne,Zderzenie pojazdów boczne,Dobre warunki atmosferyczne,"Zmrok, świt",Jezdnia,EWK-98170768R,18,2014-03-21,Lekko,20*11'324,52*22'031,50,Obszar niezabudowany,,Droga krajowa,Jednojezdniowa dwukierunkowa,N,POWIAT SOCHACZEWSKI,MŁODZIESZYN - OBSZAR WIEJSKI
1,0,0,2014,Dobre warunki atmosferyczne,Zderzenie pojazdów boczne,Dobre warunki atmosferyczne,"Zmrok, świt",Jezdnia,EWK-98170768R,18,2014-03-21,Nieokreślone (puste pole),20*11'324,52*22'031,50,Obszar niezabudowany,,Droga krajowa,Jednojezdniowa dwukierunkowa,N,POWIAT SOCHACZEWSKI,MŁODZIESZYN - OBSZAR WIEJSKI
1,0,1,2014,Dobre warunki atmosferyczne,Zderzenie pojazdów boczne,Dobre warunki atmosferyczne,"Zmrok, świt",Jezdnia,EWK-98170962L,5,2014-03-13,Lekko,22*16'130,52*09'545,W628,Obszar zabudowany,,Droga wojewódzka,Jednojezdniowa dwukierunkowa,N,POWIAT SIEDLCE,SIEDLCE - OBSZAR MIEJSKI
1,0,0,2014,Dobre warunki atmosferyczne,Zderzenie pojazdów boczne,Dobre warunki atmosferyczne,"Zmrok, świt",Jezdnia,EWK-98170962L,5,2014-03-13,Nieokreślone (puste pole),22*16'130,52*09'545,W628,Obszar zabudowany,,Droga wojewódzka,Jednojezdniowa dwukierunkowa,N,POWIAT SIEDLCE,SIEDLCE - OBSZAR MIEJSKI
1,1,0,2014,Dobre warunki atmosferyczne,Zderzenie pojazdów boczne,Dobre warunki atmosferyczne,"Zmrok, świt",Jezdnia,EWK-98176225P,18,2014-03-28,Nieokreślone (puste pole),20*08'296,52*16'149,577,Obszar niezabudowany,Odcinek prosty,Droga wojewódzka,Jednojezdniowa dwukierunkowa,N,POWIAT SOCHACZEWSKI,MŁODZIESZYN - OBSZAR WIEJSKI
1,0,1,2014,Dobre warunki atmosferyczne,Zderzenie pojazdów boczne,Dobre warunki atmosferyczne,"Zmrok, świt",Jezdnia,EWK-98214180K,19,2014-04-28,Lekko,19*44'342,52*32'199,62,Obszar zabudowany,,Droga krajowa,Jednokierunkowa,N,POWIAT PŁOCK,PŁOCK - OBSZAR MIEJSKI
1,0,0,2014,Dobre warunki atmosferyczne,Zderzenie pojazdów boczne,Dobre warunki atmosferyczne,"Zmrok, świt",Jezdnia,EWK-98214180K,19,2014-04-28,Nieokreślone (puste pole),19*44'342,52*32'199,62,Obszar zabudowany,,Droga krajowa,Jednokierunkowa,N,POWIAT PŁOCK,PŁOCK - OBSZAR MIEJSKI
1,0,1,2014,Dobre warunki atmosferyczne,Zderzenie pojazdów boczne,Dobre warunki atmosferyczne,"Zmrok, świt",Jezdnia,EWK-98240126L,20,2014-05-17,Lekko,20*38'323,51*30'126,34330W,Obszar niezabudowany,Odcinek prosty,Droga powiatowa,Jednojezdniowa dwukierunkowa,N,POWIAT PRZYSUSKI,KLWÓW - OBSZAR WIEJSKI
1,0,0,2014,Dobre warunki atmosferyczne,Zderzenie pojazdów boczne,Dobre warunki atmosferyczne,"Zmrok, świt",Jezdnia,EWK-98240126L,20,2014-05-17,Nieokreślone (puste pole),20*38'323,51*30'126,34330W,Obszar niezabudowany,Odcinek prosty,Droga powiatowa,Jednojezdniowa dwukierunkowa,N,POWIAT PRZYSUSKI,KLWÓW - OBSZAR WIEJSKI
1,0,1,2014,Dobre warunki atmosferyczne,Zderzenie pojazdów boczne,Dobre warunki atmosferyczne,"Zmrok, świt",Jezdnia,EWK-98287073H,21,2014-06-23,Ciężko,22*16'441,52*10'056,W628,Obszar zabudowany,,Droga wojewódzka,Jednojezdniowa dwukierunkowa,N,POWIAT SIEDLCE,SIEDLCE - OBSZAR MIEJSKI
1,0,0,2014,Dobre warunki atmosferyczne,Zderzenie pojazdów boczne,Dobre warunki atmosferyczne,"Zmrok, świt",Jezdnia,EWK-98287073H,21,2014-06-23,Nieokreślone (puste pole),22*16'441,52*10'056,W628,Obszar zabudowany,,Droga wojewódzka,Jednojezdniowa dwukierunkowa,N,POWIAT SIEDLCE,SIEDLCE - OBSZAR MIEJSKI
1,0,1,2014,Dobre warunki atmosferyczne,Zderzenie pojazdów boczne,Dobre warunki atmosferyczne,"Zmrok, świt",Jezdnia,EWK-98318320N,21,2014-07-09,Ciężko,20*48'464,51*53'014,50,Obszar niezabudowany,Odcinek prosty,Droga krajowa,Jednojezdniowa dwukierunkowa,N,POWIAT GRÓJECKI,GRÓJEC - OBSZAR WIEJSKI
1,0,0,2014,Dobre warunki atmosferyczne,Zderzenie pojazdów boczne,Dobre warunki atmosferyczne,"Zmrok, świt",Jezdnia,EWK-98318320N,21,2014-07-09,Nieokreślone (puste pole),20*48'464,51*53'014,50,Obszar niezabudowany,Odcinek prosty,Droga krajowa,Jednojezdniowa dwukierunkowa,N,POWIAT GRÓJECKI,GRÓJEC - OBSZAR WIEJSKI
1,0,1,2014,Dobre warunki atmosferyczne,Zderzenie pojazdów boczne,Dobre warunki atmosferyczne,"Zmrok, świt",Jezdnia,EWK-98345011R,20,2014-08-03,Lekko,20*11'353,52*18'354,50,Obszar niezabudowany,"Zakręt, łuk",Droga krajowa,Jednojezdniowa dwukierunkowa,N,POWIAT SOCHACZEWSKI,MŁODZIESZYN - OBSZAR WIEJSKI
1,0,0,2014,Dobre warunki atmosferyczne,Zderzenie pojazdów boczne,Dobre warunki atmosferyczne,"Zmrok, świt",Jezdnia,EWK-98345011R,20,2014-08-03,Nieokreślone (puste pole),20*11'353,52*18'354,50,Obszar niezabudowany,"Zakręt, łuk",Droga krajowa,Jednojezdniowa dwukierunkowa,N,POWIAT SOCHACZEWSKI,MŁODZIESZYN - OBSZAR WIEJSKI
1,0,1,2014,Dobre warunki atmosferyczne,Zderzenie pojazdów boczne,Dobre warunki atmosferyczne,"Zmrok, świt",Jezdnia,EWK-98364001R,19,2014-08-15,Ciężko,21*31'045,53*05'086,544,Obszar niezabudowany,,Droga wojewódzka,Jednojezdniowa dwukierunkowa,N,POWIAT OSTROŁĘCKI,OLSZEWO-BORKI - OBSZAR WIEJSKI
1,0,0,2014,Dobre warunki atmosferyczne,Zderzenie pojazdów boczne,Dobre warunki atmosferyczne,"Zmrok, świt",Jezdnia,EWK-98364001R,19,2014-08-15,Nieokreślone (puste pole),21*31'045,53*05'086,544,Obszar niezabudowany,,Droga wojewódzka,Jednojezdniowa dwukierunkowa,N,POWIAT OSTROŁĘCKI,OLSZEWO-BORKI - OBSZAR WIEJSKI
1,0,1,2014,Dobre warunki atmosferyczne,Zderzenie pojazdów boczne,Dobre warunki atmosferyczne,"Zmrok, świt",Jezdnia,EWK-98368638G,17,2014-08-08,Lekko,21*08'140,51*28'050,7,Obszar niezabudowany,,Droga krajowa,Dwie jezdnie jednokierunkowe,N,POWIAT RADOMSKI,JEDLIŃSK - OBSZAR WIEJSKI
1,0,0,2014,Dobre warunki atmosferyczne,Zderzenie pojazdów boczne,Dobre warunki atmosferyczne,"Zmrok, świt",Jezdnia,EWK-98368638G,17,2014-08-08,Nieokreślone (puste pole),21*08'140,51*28'050,7,Obszar niezabudowany,,Droga krajowa,Dwie jezdnie jednokierunkowe,N,POWIAT RADOMSKI,JEDLIŃSK - OBSZAR WIEJSKI
1,0,1,2014,Dobre warunki atmosferyczne,Zderzenie pojazdów boczne,Dobre warunki atmosferyczne,"Zmrok, świt",Jezdnia,EWK-98385199F,5,2014-08-28,Lekko,19*44'259,52*36'534,5201W,Obszar niezabudowany,,Droga powiatowa,Jednojezdniowa dwukierunkowa,N,POWIAT PŁOCKI,STARA BIAŁA - OBSZAR WIEJSKI
1,0,0,2014,Dobre warunki atmosferyczne,Zderzenie pojazdów boczne,Dobre warunki atmosferyczne,"Zmrok, świt",Jezdnia,EWK-98385199F,5,2014-08-28,Nieokreślone (puste pole),19*44'259,52*36'534,5201W,Obszar niezabudowany,,Droga powiatowa,Jednojezdniowa dwukierunkowa,N,POWIAT PŁOCKI,STARA BIAŁA - OBSZAR WIEJSKI
1,0,1,2014,Dobre warunki atmosferyczne,Zderzenie pojazdów boczne,Dobre warunki atmosferyczne,"Zmrok, świt",Jezdnia,EWK-98445344J,21,2014-10-04,Lekko,20*59'309,51*18'521,7,Obszar zabudowany,Odcinek prosty,Droga krajowa,Jednojezdniowa dwukierunkowa,N,POWIAT SZYDŁOWIECKI,OROŃSKO - OBSZAR WIEJSKI
1,0,0,2014,Dobre warunki atmosferyczne,Zderzenie pojazdów boczne,Dobre warunki atmosferyczne,"Zmrok, świt",Jezdnia,EWK-98445344J,21,2014-10-04,Nieokreślone (puste pole),20*59'309,51*18'521,7,Obszar zabudowany,Odcinek prosty,Droga krajowa,Jednojezdniowa dwukierunkowa,N,POWIAT SZYDŁOWIECKI,OROŃSKO - OBSZAR WIEJSKI
1,0,1,2014,Dobre warunki atmosferyczne,Zderzenie pojazdów boczne,Dobre warunki atmosferyczne,"Zmrok, świt",Jezdnia,EWK-98450245L,18,2014-10-07,Lekko,20*27'513,51*39'255,P,Obszar zabudowany,Odcinek prosty,Droga powiatowa,Jednojezdniowa dwukierunkowa,T,POWIAT GRÓJECKI,NOWE MIASTO NAD PILICĄ - OBSZAR WIEJSKI
1,0,0,2014,Dobre warunki atmosferyczne,Zderzenie pojazdów boczne,Dobre warunki atmosferyczne,"Zmrok, świt",Jezdnia,EWK-98450245L,18,2014-10-07,Nieokreślone (puste pole),20*27'513,51*39'255,P,Obszar zabudowany,Odcinek prosty,Droga powiatowa,Jednojezdniowa dwukierunkowa,T,POWIAT GRÓJECKI,NOWE MIASTO NAD PILICĄ - OBSZAR WIEJSKI
1,0,1,2014,Dobre warunki atmosferyczne,Zderzenie pojazdów boczne,Dobre warunki atmosferyczne,"Zmrok, świt",Jezdnia,EWK-98455609L,5,2014-10-10,Lekko,19*39'013,52*35'029,I2,Obszar zabudowany,,Inna,Jednojezdniowa dwukierunkowa,N,POWIAT PŁOCK,PŁOCK - OBSZAR MIEJSKI
1,0,0,2014,Dobre warunki atmosferyczne,Zderzenie pojazdów boczne,Dobre warunki atmosferyczne,"Zmrok, świt",Jezdnia,EWK-98455609L,5,2014-10-10,Nieokreślone (puste pole),19*39'013,52*35'029,I2,Obszar zabudowany,,Inna,Jednojezdniowa dwukierunkowa,N,POWIAT PŁOCK,PŁOCK - OBSZAR MIEJSKI
1,0,1,2014,Dobre warunki atmosferyczne,Zderzenie pojazdów boczne,Dobre warunki atmosferyczne,"Zmrok, świt",Jezdnia,EWK-98627217M,16,2014-10-30,Lekko,21*20'495,51*22'551,12,Obszar niezabudowany,Odcinek prosty,Droga krajowa,Jednojezdniowa dwukierunkowa,T,POWIAT RADOMSKI,GÓZD - OBSZAR WIEJSKI
1,0,0,2014,Dobre warunki atmosferyczne,Zderzenie pojazdów boczne,Dobre warunki atmosferyczne,"Zmrok, świt",Jezdnia,EWK-98627217M,16,2014-10-30,Nieokreślone (puste pole),21*20'495,51*22'551,12,Obszar niezabudowany,Odcinek prosty,Droga krajowa,Jednojezdniowa dwukierunkowa,T,POWIAT RADOMSKI,GÓZD - OBSZAR WIEJSKI
1,1,0,2014,Dobre warunki atmosferyczne,Zderzenie pojazdów boczne,Dobre warunki atmosferyczne,"Zmrok, świt",Jezdnia,EWK-98673782Y,15,2014-12-03,Nieokreślone (puste pole),21*27'016,52*36'053,G440725W,Obszar zabudowany,Odcinek prosty,Droga gminna,Jednojezdniowa dwukierunkowa,N,POWIAT WYSZKOWSKI,WYSZKÓW - OBSZAR MIEJSKI
1,0,1,2014,Dobre warunki atmosferyczne,Zderzenie pojazdów boczne,Dobre warunki atmosferyczne,"Zmrok, świt",Jezdnia,EWK-98676528U,17,2014-12-10,Lekko,20*57'135,51*39'013,731,Obszar zabudowany,,Droga wojewódzka,Jednojezdniowa dwukierunkowa,N,POWIAT BIAŁOBRZESKI,BIAŁOBRZEGI - OBSZAR MIEJSKI
1,0,0,2014,Dobre warunki atmosferyczne,Zderzenie pojazdów boczne,Dobre warunki atmosferyczne,"Zmrok, świt",Jezdnia,EWK-98676528U,17,2014-12-10,Nieokreślone (puste pole),20*57'135,51*39'013,731,Obszar zabudowany,,Droga wojewódzka,Jednojezdniowa dwukierunkowa,N,POWIAT BIAŁOBRZESKI,BIAŁOBRZEGI - OBSZAR MIEJSKI
1,0,1,2014,Dobre warunki atmosferyczne,Zderzenie pojazdów boczne,Dobre warunki atmosferyczne,"Zmrok, świt",Jezdnia,EWK-98681750A,15,2014-12-11,Lekko,22*01'116,52*23'483,,Obszar zabudowany,,Nieokreślone (puste pole),Jednojezdniowa dwukierunkowa,N,POWIAT WĘGROWSKI,WĘGRÓW - OBSZAR MIEJSKI
1,0,0,2014,Dobre warunki atmosferyczne,Zderzenie pojazdów boczne,Dobre warunki atmosferyczne,"Zmrok, świt",Jezdnia,EWK-98681750A,15,2014-12-11,Nieokreślone (puste pole),22*01'116,52*23'483,,Obszar zabudowany,,Nieokreślone (puste pole),Jednojezdniowa dwukierunkowa,N,POWIAT WĘGROWSKI,WĘGRÓW - OBSZAR MIEJSKI
1,0,1,2014,Dobre warunki atmosferyczne,Zderzenie pojazdów boczne,Dobre warunki atmosferyczne,"Zmrok, świt",Jezdnia,EWK-98696396G,16,2014-12-21,Ciężko,20*28'345,52*41'338,50,Obszar niezabudowany,Odcinek prosty,Droga krajowa,Jednojezdniowa dwukierunkowa,N,POWIAT PŁOŃSKI,SOCHOCIN - OBSZAR WIEJSKI
1,0,0,2014,Dobre warunki atmosferyczne,Zderzenie pojazdów boczne,Dobre warunki atmosferyczne,"Zmrok, świt",Jezdnia,EWK-98696396G,16,2014-12-21,Nieokreślone (puste pole),20*28'345,52*41'338,50,Obszar niezabudowany,Odcinek prosty,Droga krajowa,Jednojezdniowa dwukierunkowa,N,POWIAT PŁOŃSKI,SOCHOCIN - OBSZAR WIEJSKI
1,0,1,2014,Dobre warunki atmosferyczne,Zderzenie pojazdów boczne,Dobre warunki atmosferyczne,"Zmrok, świt",Przejście dla pieszych,EWK-98660992Q,6,2014-11-13,Lekko,19*41'266,52*32'584,60,Obszar zabudowany,,Droga krajowa,Dwie jezdnie jednokierunkowe,N,POWIAT PŁOCK,PŁOCK - OBSZAR MIEJSKI
1,0,0,2014,Dobre warunki atmosferyczne,Zderzenie pojazdów boczne,Dobre warunki atmosferyczne,"Zmrok, świt",Przejście dla pieszych,EWK-98660992Q,6,2014-11-13,Nieokreślone (puste pole),19*41'266,52*32'584,60,Obszar zabudowany,,Droga krajowa,Dwie jezdnie jednokierunkowe,N,POWIAT PŁOCK,PŁOCK - OBSZAR MIEJSKI
1,0,1,2014,Dobre warunki atmosferyczne,Zderzenie pojazdów boczne,Dobre warunki atmosferyczne,Światło dzienne,"Chodnik, droga dla pieszych",EWK-98246375W,13,2014-05-24,Lekko,20*57'180,51*38'443,48,Obszar zabudowany,Odcinek prosty,Droga krajowa,Jednojezdniowa dwukierunkowa,N,POWIAT BIAŁOBRZESKI,BIAŁOBRZEGI - OBSZAR MIEJSKI
1,0,0,2014,Dobre warunki atmosferyczne,Zderzenie pojazdów boczne,Dobre warunki atmosferyczne,Światło dzienne,"Chodnik, droga dla pieszych",EWK-98246375W,13,2014-05-24,Nieokreślone (puste pole),20*57'180,51*38'443,48,Obszar zabudowany,Odcinek prosty,Droga krajowa,Jednojezdniowa dwukierunkowa,N,POWIAT BIAŁOBRZESKI,BIAŁOBRZEGI - OBSZAR MIEJSKI
1,0,1,2014,Dobre warunki atmosferyczne,Zderzenie pojazdów boczne,Dobre warunki atmosferyczne,Światło dzienne,"Chodnik, droga dla pieszych",EWK-98306660D,17,2014-07-06,Lekko,21*07'129,51*23'440,12,Obszar zabudowany,Odcinek prosty,Droga krajowa,Dwie jezdnie jednokierunkowe,N,POWIAT RADOM,RADOM - OBSZAR MIEJSKI
1,0,0,2014,Dobre warunki atmosferyczne,Zderzenie pojazdów boczne,Dobre warunki atmosferyczne,Światło dzienne,"Chodnik, droga dla pieszych",EWK-98306660D,17,2014-07-06,Nieokreślone (puste pole),21*07'129,51*23'440,12,Obszar zabudowany,Odcinek prosty,Droga krajowa,Dwie jezdnie jednokierunkowe,N,POWIAT RADOM,RADOM - OBSZAR MIEJSKI
1,0,1,2014,Dobre warunki atmosferyczne,Zderzenie pojazdów boczne,Dobre warunki atmosferyczne,Światło dzienne,"Chodnik, droga dla pieszych",EWK-98317577R,16,2014-07-09,Lekko,19*41'039,52*33'021,559,Obszar zabudowany,Odcinek prosty,Droga wojewódzka,Dwie jezdnie jednokierunkowe,N,POWIAT PŁOCK,PŁOCK - OBSZAR MIEJSKI
1,0,0,2014,Dobre warunki atmosferyczne,Zderzenie pojazdów boczne,Dobre warunki atmosferyczne,Światło dzienne,"Chodnik, droga dla pieszych",EWK-98317577R,16,2014-07-09,Nieokreślone (puste pole),19*41'039,52*33'021,559,Obszar zabudowany,Odcinek prosty,Droga wojewódzka,Dwie jezdnie jednokierunkowe,N,POWIAT PŁOCK,PŁOCK - OBSZAR MIEJSKI