Liczba wypadków,Liczba zabitych,Liczba rannych,Rok,Warunki atmosferyczne,Rodzaj zdarzenia,Warunki atmosferyczne,Oświetlenie,Charakterystyka miejsca zdarzenia,IDKSIP zdarzenia,Godzina,Dzień,Ranny,GPS x,GPS y,Numer drogi,Obszar,Geometria drogi,Kategoria drogi 1,Rodzaj drogi,Czy w zdarzeniu był sprawca nietrzeźwy,Powiat,Gmina
1,0,0,2014,Dobre warunki atmosferyczne,Zderzenie pojazdów boczne,Dobre warunki atmosferyczne,Światło dzienne,Jezdnia,EWK-98146014K,8,2014-02-20,Nieokreślone (puste pole),20*36'564,52*52'544,G120448W,Obszar niezabudowany,Odcinek prosty,Droga gminna,Jednojezdniowa dwukierunkowa,N,POWIAT CIECHANOWSKI,GLINOJECK - OBSZAR WIEJSKI
1,0,1,2014,Dobre warunki atmosferyczne,Zderzenie pojazdów boczne,Dobre warunki atmosferyczne,Światło dzienne,Jezdnia,EWK-98149015F,17,2014-03-03,Ciężko,22*17'014,52*09'429,W628,Obszar zabudowany,Odcinek prosty,Droga wojewódzka,Jednojezdniowa dwukierunkowa,N,POWIAT SIEDLCE,SIEDLCE - OBSZAR MIEJSKI
1,0,0,2014,Dobre warunki atmosferyczne,Zderzenie pojazdów boczne,Dobre warunki atmosferyczne,Światło dzienne,Jezdnia,EWK-98149015F,17,2014-03-03,Nieokreślone (puste pole),22*17'014,52*09'429,W628,Obszar zabudowany,Odcinek prosty,Droga wojewódzka,Jednojezdniowa dwukierunkowa,N,POWIAT SIEDLCE,SIEDLCE - OBSZAR MIEJSKI
1,0,1,2014,Dobre warunki atmosferyczne,Zderzenie pojazdów boczne,Dobre warunki atmosferyczne,Światło dzienne,Jezdnia,EWK-98152651C,11,2014-03-04,Ciężko,20*23'110,52*37'291,W632,Obszar zabudowany,Odcinek prosty,Droga wojewódzka,Jednojezdniowa dwukierunkowa,N,POWIAT PŁOŃSKI,PŁOŃSK - OBSZAR MIEJSKI
1,0,0,2014,Dobre warunki atmosferyczne,Zderzenie pojazdów boczne,Dobre warunki atmosferyczne,Światło dzienne,Jezdnia,EWK-98152651C,11,2014-03-04,Nieokreślone (puste pole),20*23'110,52*37'291,W632,Obszar zabudowany,Odcinek prosty,Droga wojewódzka,Jednojezdniowa dwukierunkowa,N,POWIAT PŁOŃSKI,PŁOŃSK - OBSZAR MIEJSKI
1,0,1,2014,Dobre warunki atmosferyczne,Zderzenie pojazdów boczne,Dobre warunki atmosferyczne,Światło dzienne,Jezdnia,EWK-98154049W,15,2014-03-09,Lekko,21*24'118,51*32'144,P1716W,Obszar zabudowany,,Droga powiatowa,Jednojezdniowa dwukierunkowa,N,POWIAT KOZIENICKI,GŁOWACZÓW - OBSZAR WIEJSKI
1,0,0,2014,Dobre warunki atmosferyczne,Zderzenie pojazdów boczne,Dobre warunki atmosferyczne,Światło dzienne,Jezdnia,EWK-98154049W,15,2014-03-09,Nieokreślone (puste pole),21*24'118,51*32'144,P1716W,Obszar zabudowany,,Droga powiatowa,Jednojezdniowa dwukierunkowa,N,POWIAT KOZIENICKI,GŁOWACZÓW - OBSZAR WIEJSKI
1,0,2,2014,Dobre warunki atmosferyczne,Zderzenie pojazdów boczne,Dobre warunki atmosferyczne,Światło dzienne,Jezdnia,EWK-98155281L,15,2014-03-11,Ciężko,20*18'521,52*24'164,62,Obszar zabudowany,,Droga krajowa,Jednojezdniowa dwukierunkowa,N,POWIAT PŁOŃSKI,CZERWIŃSK NAD WISŁĄ - OBSZAR WIEJSKI
1,1,0,2014,Dobre warunki atmosferyczne,Zderzenie pojazdów boczne,Dobre warunki atmosferyczne,Światło dzienne,Jezdnia,EWK-98155281L,15,2014-03-11,Nieokreślone (puste pole),20*18'521,52*24'164,62,Obszar zabudowany,,Droga krajowa,Jednojezdniowa dwukierunkowa,N,POWIAT PŁOŃSKI,CZERWIŃSK NAD WISŁĄ - OBSZAR WIEJSKI
1,0,1,2014,Dobre warunki atmosferyczne,Zderzenie pojazdów boczne,Dobre warunki atmosferyczne,Światło dzienne,Jezdnia,EWK-98158812Q,9,2014-03-14,Lekko,20*55'287,53*00'575,544,Obszar niezabudowany,,Droga wojewódzka,Jednojezdniowa dwukierunkowa,N,POWIAT PRZASNYSKI,PRZASNYSZ - OBSZAR WIEJSKI
1,0,0,2014,Dobre warunki atmosferyczne,Zderzenie pojazdów boczne,Dobre warunki atmosferyczne,Światło dzienne,Jezdnia,EWK-98158812Q,9,2014-03-14,Nieokreślone (puste pole),20*55'287,53*00'575,544,Obszar niezabudowany,,Droga wojewódzka,Jednojezdniowa dwukierunkowa,N,POWIAT PRZASNYSKI,PRZASNYSZ - OBSZAR WIEJSKI
1,0,1,2014,Dobre warunki atmosferyczne,Zderzenie pojazdów boczne,Dobre warunki atmosferyczne,Światło dzienne,Jezdnia,EWK-98158899L,14,2014-03-07,Lekko,20*26'094,52*03'069,GMINNA,Obszar zabudowany,,Droga gminna,Jednojezdniowa dwukierunkowa,N,POWIAT ŻYRARDOWSKI,ŻYRARDÓW - OBSZAR MIEJSKI
1,0,0,2014,Dobre warunki atmosferyczne,Zderzenie pojazdów boczne,Dobre warunki atmosferyczne,Światło dzienne,Jezdnia,EWK-98158899L,14,2014-03-07,Nieokreślone (puste pole),20*26'094,52*03'069,GMINNA,Obszar zabudowany,,Droga gminna,Jednojezdniowa dwukierunkowa,N,POWIAT ŻYRARDOWSKI,ŻYRARDÓW - OBSZAR MIEJSKI
1,0,1,2014,Dobre warunki atmosferyczne,Zderzenie pojazdów boczne,Dobre warunki atmosferyczne,Światło dzienne,Jezdnia,EWK-98159756Y,18,2014-03-12,Lekko,20*20'234,53*06'375,P,Obszar zabudowany,Spadek,Droga powiatowa,Jednojezdniowa dwukierunkowa,N,POWIAT MŁAWSKI,LIPOWIEC KOŚCIELNY - OBSZAR WIEJSKI
1,0,0,2014,Dobre warunki atmosferyczne,Zderzenie pojazdów boczne,Dobre warunki atmosferyczne,Światło dzienne,Jezdnia,EWK-98159756Y,18,2014-03-12,Nieokreślone (puste pole),20*20'234,53*06'375,P,Obszar zabudowany,Spadek,Droga powiatowa,Jednojezdniowa dwukierunkowa,N,POWIAT MŁAWSKI,LIPOWIEC KOŚCIELNY - OBSZAR WIEJSKI
1,0,1,2014,Dobre warunki atmosferyczne,Zderzenie pojazdów boczne,Dobre warunki atmosferyczne,Światło dzienne,Jezdnia,EWK-98160100E,15,2014-03-14,Lekko,20*14'154,52*13'374,GMINNA,Obszar zabudowany,Odcinek prosty,Droga gminna,Jednojezdniowa dwukierunkowa,N,POWIAT SOCHACZEWSKI,SOCHACZEW - OBSZAR MIEJSKI
1,0,0,2014,Dobre warunki atmosferyczne,Zderzenie pojazdów boczne,Dobre warunki atmosferyczne,Światło dzienne,Jezdnia,EWK-98160100E,15,2014-03-14,Nieokreślone (puste pole),20*14'154,52*13'374,GMINNA,Obszar zabudowany,Odcinek prosty,Droga gminna,Jednojezdniowa dwukierunkowa,N,POWIAT SOCHACZEWSKI,SOCHACZEW - OBSZAR MIEJSKI
1,0,2,2014,Dobre warunki atmosferyczne,Zderzenie pojazdów boczne,Dobre warunki atmosferyczne,Światło dzienne,Jezdnia,EWK-98160423F,8,2014-03-14,Ciężko,21*16'313,51*24'420,34433W,Obszar zabudowany,Odcinek prosty,Droga powiatowa,Jednojezdniowa dwukierunkowa,N,POWIAT RADOMSKI,JEDLNIA-LETNISKO - OBSZAR WIEJSKI
1,0,1,2014,Dobre warunki atmosferyczne,Zderzenie pojazdów boczne,Dobre warunki atmosferyczne,Światło dzienne,Jezdnia,EWK-98160423F,8,2014-03-14,Lekko,21*16'313,51*24'420,34433W,Obszar zabudowany,Odcinek prosty,Droga powiatowa,Jednojezdniowa dwukierunkowa,N,POWIAT RADOMSKI,JEDLNIA-LETNISKO - OBSZAR WIEJSKI
1,0,1,2014,Dobre warunki atmosferyczne,Zderzenie pojazdów boczne,Dobre warunki atmosferyczne,Światło dzienne,Jezdnia,EWK-98162723K,14,2014-03-14,Ciężko,20*36'409,51*50'045,P,Obszar niezabudowany,,Droga powiatowa,Jednojezdniowa dwukierunkowa,N,POWIAT GRÓJECKI,BŁĘDÓW - OBSZAR WIEJSKI
1,0,1,2014,Dobre warunki atmosferyczne,Zderzenie pojazdów boczne,Dobre warunki atmosferyczne,Światło dzienne,Jezdnia,EWK-98162723K,14,2014-03-14,Lekko,20*36'409,51*50'045,P,Obszar niezabudowany,,Droga powiatowa,Jednojezdniowa dwukierunkowa,N,POWIAT GRÓJECKI,BŁĘDÓW - OBSZAR WIEJSKI
1,1,0,2014,Dobre warunki atmosferyczne,Zderzenie pojazdów boczne,Dobre warunki atmosferyczne,Światło dzienne,Jezdnia,EWK-98170057P,15,2014-03-21,Nieokreślone (puste pole),19*51'397,52*47'542,10,Obszar niezabudowany,,Droga krajowa,Jednojezdniowa dwukierunkowa,N,POWIAT SIERPECKI,ZAWIDZ - OBSZAR WIEJSKI
1,0,1,2014,Dobre warunki atmosferyczne,Zderzenie pojazdów boczne,Dobre warunki atmosferyczne,Światło dzienne,Jezdnia,EWK-98173521F,14,2014-03-21,Lekko,20*32'350,52*45'541,50,Obszar niezabudowany,Odcinek prosty,Droga krajowa,Jednojezdniowa dwukierunkowa,N,POWIAT CIECHANOWSKI,OJRZEŃ - OBSZAR WIEJSKI
1,0,0,2014,Dobre warunki atmosferyczne,Zderzenie pojazdów boczne,Dobre warunki atmosferyczne,Światło dzienne,Jezdnia,EWK-98173521F,14,2014-03-21,Nieokreślone (puste pole),20*32'350,52*45'541,50,Obszar niezabudowany,Odcinek prosty,Droga krajowa,Jednojezdniowa dwukierunkowa,N,POWIAT CIECHANOWSKI,OJRZEŃ - OBSZAR WIEJSKI
1,0,1,2014,Dobre warunki atmosferyczne,Zderzenie pojazdów boczne,Dobre warunki atmosferyczne,Światło dzienne,Jezdnia,EWK-98174284K,12,2014-03-26,Lekko,20*42'370,51*19'036,34307W,Obszar zabudowany,"Zakręt, łuk",Droga powiatowa,Jednojezdniowa dwukierunkowa,T,POWIAT PRZYSUSKI,BORKOWICE - OBSZAR WIEJSKI
1,0,0,2014,Dobre warunki atmosferyczne,Zderzenie pojazdów boczne,Dobre warunki atmosferyczne,Światło dzienne,Jezdnia,EWK-98174284K,12,2014-03-26,Nieokreślone (puste pole),20*42'370,51*19'036,34307W,Obszar zabudowany,"Zakręt, łuk",Droga powiatowa,Jednojezdniowa dwukierunkowa,T,POWIAT PRZYSUSKI,BORKOWICE - OBSZAR WIEJSKI
1,0,2,2014,Dobre warunki atmosferyczne,Zderzenie pojazdów boczne,Dobre warunki atmosferyczne,Światło dzienne,Jezdnia,EWK-98174949N,9,2014-03-26,Lekko,21*09'438,51*25'257,P5301W,Obszar zabudowany,,Droga powiatowa,Dwie jezdnie jednokierunkowe,N,POWIAT RADOM,RADOM - OBSZAR MIEJSKI
1,0,0,2014,Dobre warunki atmosferyczne,Zderzenie pojazdów boczne,Dobre warunki atmosferyczne,Światło dzienne,Jezdnia,EWK-98174949N,9,2014-03-26,Nieokreślone (puste pole),21*09'438,51*25'257,P5301W,Obszar zabudowany,,Droga powiatowa,Dwie jezdnie jednokierunkowe,N,POWIAT RADOM,RADOM - OBSZAR MIEJSKI
1,0,1,2014,Dobre warunki atmosferyczne,Zderzenie pojazdów boczne,Dobre warunki atmosferyczne,Światło dzienne,Jezdnia,EWK-98175725W,12,2014-03-27,Lekko,20*15'376,52*15'510,3815W,Obszar zabudowany,,Droga powiatowa,Jednojezdniowa dwukierunkowa,T,POWIAT SOCHACZEWSKI,SOCHACZEW - OBSZAR MIEJSKI
1,0,0,2014,Dobre warunki atmosferyczne,Zderzenie pojazdów boczne,Dobre warunki atmosferyczne,Światło dzienne,Jezdnia,EWK-98175725W,12,2014-03-27,Nieokreślone (puste pole),20*15'376,52*15'510,3815W,Obszar zabudowany,,Droga powiatowa,Jednojezdniowa dwukierunkowa,T,POWIAT SOCHACZEWSKI,SOCHACZEW - OBSZAR MIEJSKI
1,0,1,2014,Dobre warunki atmosferyczne,Zderzenie pojazdów boczne,Dobre warunki atmosferyczne,Światło dzienne,Jezdnia,EWK-98176037A,7,2014-03-26,Lekko,19*58'208,53*05'302,563,Obszar zabudowany,Odcinek prosty,Droga wojewódzka,Jednojezdniowa dwukierunkowa,N,POWIAT ŻUROMIŃSKI,KUCZBORK-OSADA - OBSZAR WIEJSKI
1,0,0,2014,Dobre warunki atmosferyczne,Zderzenie pojazdów boczne,Dobre warunki atmosferyczne,Światło dzienne,Jezdnia,EWK-98176037A,7,2014-03-26,Nieokreślone (puste pole),19*58'208,53*05'302,563,Obszar zabudowany,Odcinek prosty,Droga wojewódzka,Jednojezdniowa dwukierunkowa,N,POWIAT ŻUROMIŃSKI,KUCZBORK-OSADA - OBSZAR WIEJSKI
1,0,1,2014,Dobre warunki atmosferyczne,Zderzenie pojazdów boczne,Dobre warunki atmosferyczne,Światło dzienne,Jezdnia,EWK-98176431Y,14,2014-03-28,Ciężko,21*35'223,52*46'022,4403W,Obszar zabudowany,Odcinek prosty,Droga powiatowa,Jednojezdniowa dwukierunkowa,N,POWIAT WYSZKOWSKI,DŁUGOSIODŁO - OBSZAR WIEJSKI
1,0,0,2014,Dobre warunki atmosferyczne,Zderzenie pojazdów boczne,Dobre warunki atmosferyczne,Światło dzienne,Jezdnia,EWK-98176431Y,14,2014-03-28,Nieokreślone (puste pole),21*35'223,52*46'022,4403W,Obszar zabudowany,Odcinek prosty,Droga powiatowa,Jednojezdniowa dwukierunkowa,N,POWIAT WYSZKOWSKI,DŁUGOSIODŁO - OBSZAR WIEJSKI
1,0,1,2014,Dobre warunki atmosferyczne,Zderzenie pojazdów boczne,Dobre warunki atmosferyczne,Światło dzienne,Jezdnia,EWK-98176438L,18,2014-03-22,Lekko,21*22'123,52*42'456,4407W,Obszar zabudowany,Odcinek prosty,Droga powiatowa,Jednojezdniowa dwukierunkowa,N,POWIAT WYSZKOWSKI,RZĄŚNIK - OBSZAR WIEJSKI
1,0,0,2014,Dobre warunki atmosferyczne,Zderzenie pojazdów boczne,Dobre warunki atmosferyczne,Światło dzienne,Jezdnia,EWK-98176438L,18,2014-03-22,Nieokreślone (puste pole),21*22'123,52*42'456,4407W,Obszar zabudowany,Odcinek prosty,Droga powiatowa,Jednojezdniowa dwukierunkowa,N,POWIAT WYSZKOWSKI,RZĄŚNIK - OBSZAR WIEJSKI
1,0,3,2014,Dobre warunki atmosferyczne,Zderzenie pojazdów boczne,Dobre warunki atmosferyczne,Światło dzienne,Jezdnia,EWK-98177535F,14,2014-03-30,Lekko,20*26'409,51*23'390,12,Obszar niezabudowany,,Droga krajowa,Jednojezdniowa dwukierunkowa,N,POWIAT PRZYSUSKI,GIELNIÓW - OBSZAR WIEJSKI
1,0,0,2014,Dobre warunki atmosferyczne,Zderzenie pojazdów boczne,Dobre warunki atmosferyczne,Światło dzienne,Jezdnia,EWK-98177535F,14,2014-03-30,Nieokreślone (puste pole),20*26'409,51*23'390,12,Obszar niezabudowany,,Droga krajowa,Jednojezdniowa dwukierunkowa,N,POWIAT PRZYSUSKI,GIELNIÓW - OBSZAR WIEJSKI
1,0,1,2014,Dobre warunki atmosferyczne,Zderzenie pojazdów boczne,Dobre warunki atmosferyczne,Światło dzienne,Jezdnia,EWK-98178452H,16,2014-03-28,Lekko,20*35'384,53*07'350,P,Obszar niezabudowany,Odcinek prosty,Droga powiatowa,Jednojezdniowa dwukierunkowa,N,POWIAT MŁAWSKI,DZIERZGOWO - OBSZAR WIEJSKI
1,0,0,2014,Dobre warunki atmosferyczne,Zderzenie pojazdów boczne,Dobre warunki atmosferyczne,Światło dzienne,Jezdnia,EWK-98178452H,16,2014-03-28,Nieokreślone (puste pole),20*35'384,53*07'350,P,Obszar niezabudowany,Odcinek prosty,Droga powiatowa,Jednojezdniowa dwukierunkowa,N,POWIAT MŁAWSKI,DZIERZGOWO - OBSZAR WIEJSKI
1,0,1,2014,Dobre warunki atmosferyczne,Zderzenie pojazdów boczne,Dobre warunki atmosferyczne,Światło dzienne,Jezdnia,EWK-98183652Q,11,2014-04-05,Lekko,21*33'076,53*05'303,53,Obszar zabudowany,,Droga krajowa,Jednojezdniowa dwukierunkowa,N,POWIAT OSTROŁĘKA,OSTROŁĘKA - OBSZAR MIEJSKI
1,0,0,2014,Dobre warunki atmosferyczne,Zderzenie pojazdów boczne,Dobre warunki atmosferyczne,Światło dzienne,Jezdnia,EWK-98183652Q,11,2014-04-05,Nieokreślone (puste pole),21*33'076,53*05'303,53,Obszar zabudowany,,Droga krajowa,Jednojezdniowa dwukierunkowa,N,POWIAT OSTROŁĘKA,OSTROŁĘKA - OBSZAR MIEJSKI
1,0,1,2014,Dobre warunki atmosferyczne,Zderzenie pojazdów boczne,Dobre warunki atmosferyczne,Światło dzienne,Jezdnia,EWK-98183702C,11,2014-03-31,Lekko,21*37'207,51*54'064,76,Obszar zabudowany,,Droga krajowa,Jednojezdniowa dwukierunkowa,N,POWIAT GARWOLIŃSKI,GARWOLIN - OBSZAR MIEJSKI
1,0,0,2014,Dobre warunki atmosferyczne,Zderzenie pojazdów boczne,Dobre warunki atmosferyczne,Światło dzienne,Jezdnia,EWK-98183702C,11,2014-03-31,Nieokreślone (puste pole),21*37'207,51*54'064,76,Obszar zabudowany,,Droga krajowa,Jednojezdniowa dwukierunkowa,N,POWIAT GARWOLIŃSKI,GARWOLIN - OBSZAR MIEJSKI
1,0,1,2014,Dobre warunki atmosferyczne,Zderzenie pojazdów boczne,Dobre warunki atmosferyczne,Światło dzienne,Jezdnia,EWK-98185270A,17,2014-04-04,Ciężko,20*11'105,52*23'245,GMINNA,Obszar zabudowany,,Droga gminna,Jednojezdniowa dwukierunkowa,N,POWIAT PŁOCKI,WYSZOGRÓD - OBSZAR MIEJSKI
1,0,0,2014,Dobre warunki atmosferyczne,Zderzenie pojazdów boczne,Dobre warunki atmosferyczne,Światło dzienne,Jezdnia,EWK-98185270A,17,2014-04-04,Nieokreślone (puste pole),20*11'105,52*23'245,GMINNA,Obszar zabudowany,,Droga gminna,Jednojezdniowa dwukierunkowa,N,POWIAT PŁOCKI,WYSZOGRÓD - OBSZAR MIEJSKI
1,0,1,2014,Dobre warunki atmosferyczne,Zderzenie pojazdów boczne,Dobre warunki atmosferyczne,Światło dzienne,Jezdnia,EWK-98185294C,16,2014-04-06,Lekko,19*59'431,52*44'139,60,Obszar zabudowany,,Droga krajowa,Jednokierunkowa,N,POWIAT PŁOCKI,DROBIN - OBSZAR MIEJSKI
1,0,0,2014,Dobre warunki atmosferyczne,Zderzenie pojazdów boczne,Dobre warunki atmosferyczne,Światło dzienne,Jezdnia,EWK-98185294C,16,2014-04-06,Nieokreślone (puste pole),19*59'431,52*44'139,60,Obszar zabudowany,,Droga krajowa,Jednokierunkowa,N,POWIAT PŁOCKI,DROBIN - OBSZAR MIEJSKI
1,0,2,2014,Dobre warunki atmosferyczne,Zderzenie pojazdów boczne,Dobre warunki atmosferyczne,Światło dzienne,Jezdnia,EWK-98186792F,16,2014-04-04,Lekko,21*02'236,51*20'543,7,Obszar niezabudowany,,Droga krajowa,Jednojezdniowa dwukierunkowa,N,POWIAT RADOMSKI,KOWALA - OBSZAR WIEJSKI
1,0,0,2014,Dobre warunki atmosferyczne,Zderzenie pojazdów boczne,Dobre warunki atmosferyczne,Światło dzienne,Jezdnia,EWK-98186792F,16,2014-04-04,Nieokreślone (puste pole),21*02'236,51*20'543,7,Obszar niezabudowany,,Droga krajowa,Jednojezdniowa dwukierunkowa,N,POWIAT RADOMSKI,KOWALA - OBSZAR WIEJSKI
1,0,1,2014,Dobre warunki atmosferyczne,Zderzenie pojazdów boczne,Dobre warunki atmosferyczne,Światło dzienne,Jezdnia,EWK-98187021N,14,2014-04-03,Lekko,21*23'473,52*45'598,2648W,Obszar niezabudowany,Odcinek prosty,Droga powiatowa,Jednojezdniowa dwukierunkowa,N,POWIAT WYSZKOWSKI,RZĄŚNIK - OBSZAR WIEJSKI
1,0,0,2014,Dobre warunki atmosferyczne,Zderzenie pojazdów boczne,Dobre warunki atmosferyczne,Światło dzienne,Jezdnia,EWK-98187021N,14,2014-04-03,Nieokreślone (puste pole),21*23'473,52*45'598,2648W,Obszar niezabudowany,Odcinek prosty,Droga powiatowa,Jednojezdniowa dwukierunkowa,N,POWIAT WYSZKOWSKI,RZĄŚNIK - OBSZAR WIEJSKI
1,0,1,2014,Dobre warunki atmosferyczne,Zderzenie pojazdów boczne,Dobre warunki atmosferyczne,Światło dzienne,Jezdnia,EWK-98187507N,9,2014-04-05,Lekko,21*28'148,52*35'123,62,Obszar niezabudowany,Odcinek prosty,Droga krajowa,Jednojezdniowa dwukierunkowa,N,POWIAT WYSZKOWSKI,WYSZKÓW - OBSZAR WIEJSKI
1,0,0,2014,Dobre warunki atmosferyczne,Zderzenie pojazdów boczne,Dobre warunki atmosferyczne,Światło dzienne,Jezdnia,EWK-98187507N,9,2014-04-05,Nieokreślone (puste pole),21*28'148,52*35'123,62,Obszar niezabudowany,Odcinek prosty,Droga krajowa,Jednojezdniowa dwukierunkowa,N,POWIAT WYSZKOWSKI,WYSZKÓW - OBSZAR WIEJSKI
1,0,1,2014,Dobre warunki atmosferyczne,Zderzenie pojazdów boczne,Dobre warunki atmosferyczne,Światło dzienne,Jezdnia,EWK-98188341J,17,2014-04-07,Lekko,21*01'459,51*33'533,GMINNA,Obszar zabudowany,"Zakręt, łuk",Droga gminna,Jednojezdniowa dwukierunkowa,N,POWIAT BIAŁOBRZESKI,STARA BŁOTNICA - OBSZAR WIEJSKI
1,0,0,2014,Dobre warunki atmosferyczne,Zderzenie pojazdów boczne,Dobre warunki atmosferyczne,Światło dzienne,Jezdnia,EWK-98188341J,17,2014-04-07,Nieokreślone (puste pole),21*01'459,51*33'533,GMINNA,Obszar zabudowany,"Zakręt, łuk",Droga gminna,Jednojezdniowa dwukierunkowa,N,POWIAT BIAŁOBRZESKI,STARA BŁOTNICA - OBSZAR WIEJSKI
1,0,1,2014,Dobre warunki atmosferyczne,Zderzenie pojazdów boczne,Dobre warunki atmosferyczne,Światło dzienne,Jezdnia,EWK-98188532N,15,2014-04-08,Lekko,21*09'466,51*23'064,P5331W,Obszar zabudowany,,Droga powiatowa,Jednojezdniowa dwukierunkowa,N,POWIAT RADOM,RADOM - OBSZAR MIEJSKI
1,0,0,2014,Dobre warunki atmosferyczne,Zderzenie pojazdów boczne,Dobre warunki atmosferyczne,Światło dzienne,Jezdnia,EWK-98188532N,15,2014-04-08,Nieokreślone (puste pole),21*09'466,51*23'064,P5331W,Obszar zabudowany,,Droga powiatowa,Jednojezdniowa dwukierunkowa,N,POWIAT RADOM,RADOM - OBSZAR MIEJSKI
1,0,1,2014,Dobre warunki atmosferyczne,Zderzenie pojazdów boczne,Dobre warunki atmosferyczne,Światło dzienne,Jezdnia,EWK-98188683G,16,2014-04-05,Ciężko,22*14'203,52*17'167,63,Obszar niezabudowany,Odcinek prosty,Droga krajowa,Jednojezdniowa dwukierunkowa,N,POWIAT SIEDLECKI,SUCHOŻEBRY - OBSZAR WIEJSKI
1,0,0,2014,Dobre warunki atmosferyczne,Zderzenie pojazdów boczne,Dobre warunki atmosferyczne,Światło dzienne,Jezdnia,EWK-98188683G,16,2014-04-05,Nieokreślone (puste pole),22*14'203,52*17'167,63,Obszar niezabudowany,Odcinek prosty,Droga krajowa,Jednojezdniowa dwukierunkowa,N,POWIAT SIEDLECKI,SUCHOŻEBRY - OBSZAR WIEJSKI
1,0,1,2014,Dobre warunki atmosferyczne,Zderzenie pojazdów boczne,Dobre warunki atmosferyczne,Światło dzienne,Jezdnia,EWK-98188778D,19,2014-04-07,Lekko,21*28'244,51*27'591,787,Obszar niezabudowany,Odcinek prosty,Droga wojewódzka,Jednojezdniowa dwukierunkowa,N,POWIAT RADOMSKI,PIONKI - OBSZAR WIEJSKI
1,0,0,2014,Dobre warunki atmosferyczne,Zderzenie pojazdów boczne,Dobre warunki atmosferyczne,Światło dzienne,Jezdnia,EWK-98188778D,19,2014-04-07,Nieokreślone (puste pole),21*28'244,51*27'591,787,Obszar niezabudowany,Odcinek prosty,Droga wojewódzka,Jednojezdniowa dwukierunkowa,N,POWIAT RADOMSKI,PIONKI - OBSZAR WIEJSKI
1,0,1,2014,Dobre warunki atmosferyczne,Zderzenie pojazdów boczne,Dobre warunki atmosferyczne,Światło dzienne,Jezdnia,EWK-98193090X,8,2014-04-09,Lekko,22*15'350,52*09'413,W628,Obszar zabudowany,,Droga wojewódzka,Jednojezdniowa dwukierunkowa,N,POWIAT SIEDLCE,SIEDLCE - OBSZAR MIEJSKI
1,0,0,2014,Dobre warunki atmosferyczne,Zderzenie pojazdów boczne,Dobre warunki atmosferyczne,Światło dzienne,Jezdnia,EWK-98193090X,8,2014-04-09,Nieokreślone (puste pole),22*15'350,52*09'413,W628,Obszar zabudowany,,Droga wojewódzka,Jednojezdniowa dwukierunkowa,N,POWIAT SIEDLCE,SIEDLCE - OBSZAR MIEJSKI
1,0,2,2014,Dobre warunki atmosferyczne,Zderzenie pojazdów boczne,Dobre warunki atmosferyczne,Światło dzienne,Jezdnia,EWK-98194361N,11,2014-04-08,Lekko,21*42'272,51*56'385,76,Obszar zabudowany,,Droga krajowa,Jednojezdniowa dwukierunkowa,N,POWIAT GARWOLIŃSKI,BOROWIE - OBSZAR WIEJSKI
1,0,0,2014,Dobre warunki atmosferyczne,Zderzenie pojazdów boczne,Dobre warunki atmosferyczne,Światło dzienne,Jezdnia,EWK-98194361N,11,2014-04-08,Nieokreślone (puste pole),21*42'272,51*56'385,76,Obszar zabudowany,,Droga krajowa,Jednojezdniowa dwukierunkowa,N,POWIAT GARWOLIŃSKI,BOROWIE - OBSZAR WIEJSKI
1,0,1,2014,Dobre warunki atmosferyczne,Zderzenie pojazdów boczne,Dobre warunki atmosferyczne,Światło dzienne,Jezdnia,EWK-98196196K,16,2014-04-11,Ciężko,19*42'064,52*32'300,GMINNA,Obszar zabudowany,,Droga gminna,Jednojezdniowa dwukierunkowa,N,POWIAT PŁOCK,PŁOCK - OBSZAR MIEJSKI
1,0,2,2014,Dobre warunki atmosferyczne,Zderzenie pojazdów boczne,Dobre warunki atmosferyczne,Światło dzienne,Jezdnia,EWK-98196196K,16,2014-04-11,Lekko,19*42'064,52*32'300,GMINNA,Obszar zabudowany,,Droga gminna,Jednojezdniowa dwukierunkowa,N,POWIAT PŁOCK,PŁOCK - OBSZAR MIEJSKI
1,0,0,2014,Dobre warunki atmosferyczne,Zderzenie pojazdów boczne,Dobre warunki atmosferyczne,Światło dzienne,Jezdnia,EWK-98196196K,16,2014-04-11,Nieokreślone (puste pole),19*42'064,52*32'300,GMINNA,Obszar zabudowany,,Droga gminna,Jednojezdniowa dwukierunkowa,N,POWIAT PŁOCK,PŁOCK - OBSZAR MIEJSKI
1,0,1,2014,Dobre warunki atmosferyczne,Zderzenie pojazdów boczne,Dobre warunki atmosferyczne,Światło dzienne,Jezdnia,EWK-98197502N,10,2014-04-12,Lekko,20*27'082,52*03'169,GMINNA,Obszar zabudowany,,Droga gminna,Jednojezdniowa dwukierunkowa,N,POWIAT ŻYRARDOWSKI,ŻYRARDÓW - OBSZAR MIEJSKI
1,0,0,2014,Dobre warunki atmosferyczne,Zderzenie pojazdów boczne,Dobre warunki atmosferyczne,Światło dzienne,Jezdnia,EWK-98197502N,10,2014-04-12,Nieokreślone (puste pole),20*27'082,52*03'169,GMINNA,Obszar zabudowany,,Droga gminna,Jednojezdniowa dwukierunkowa,N,POWIAT ŻYRARDOWSKI,ŻYRARDÓW - OBSZAR MIEJSKI