Liczba wypadków,Liczba zabitych,Liczba rannych,Rok,Warunki atmosferyczne,Rodzaj zdarzenia,Warunki atmosferyczne,Oświetlenie,Charakterystyka miejsca zdarzenia,IDKSIP zdarzenia,Godzina,Dzień,Ranny,GPS x,GPS y,Numer drogi,Obszar,Geometria drogi,Kategoria drogi 1,Rodzaj drogi,Czy w zdarzeniu był sprawca nietrzeźwy,Powiat,Gmina
1,0,0,2014,Dobre warunki atmosferyczne,Zderzenie pojazdów boczne,Dobre warunki atmosferyczne,Światło dzienne,Jezdnia,EWK-98378218F,18,2014-08-18,Nieokreślone (puste pole),20*59'557,52*48'091,3238W,Obszar niezabudowany,,Droga powiatowa,Jednojezdniowa dwukierunkowa,N,POWIAT MAKOWSKI,KARNIEWO - OBSZAR WIEJSKI
1,1,0,2014,Dobre warunki atmosferyczne,Zderzenie pojazdów boczne,Dobre warunki atmosferyczne,Światło dzienne,Jezdnia,EWK-98378301T,16,2014-08-21,Nieokreślone (puste pole),21*15'487,51*09'516,747,Obszar niezabudowany,Odcinek prosty,Droga wojewódzka,Jednojezdniowa dwukierunkowa,N,POWIAT RADOMSKI,IŁŻA - OBSZAR MIEJSKI
1,0,1,2014,Dobre warunki atmosferyczne,Zderzenie pojazdów boczne,Dobre warunki atmosferyczne,Światło dzienne,Jezdnia,EWK-98378696P,16,2014-08-23,Lekko,20*37'219,52*52'134,60,Obszar zabudowany,,Droga krajowa,Jednojezdniowa dwukierunkowa,N,POWIAT CIECHANOWSKI,CIECHANÓW - OBSZAR MIEJSKI
1,0,0,2014,Dobre warunki atmosferyczne,Zderzenie pojazdów boczne,Dobre warunki atmosferyczne,Światło dzienne,Jezdnia,EWK-98378696P,16,2014-08-23,Nieokreślone (puste pole),20*37'219,52*52'134,60,Obszar zabudowany,,Droga krajowa,Jednojezdniowa dwukierunkowa,N,POWIAT CIECHANOWSKI,CIECHANÓW - OBSZAR MIEJSKI
1,0,1,2014,Dobre warunki atmosferyczne,Zderzenie pojazdów boczne,Dobre warunki atmosferyczne,Światło dzienne,Jezdnia,EWK-98380802Y,8,2014-08-22,Ciężko,20*10'492,52*43'168,P3021W,Obszar niezabudowany,Odcinek prosty,Droga powiatowa,Jednojezdniowa dwukierunkowa,N,POWIAT PŁOŃSKI,BABOSZEWO - OBSZAR WIEJSKI
1,0,0,2014,Dobre warunki atmosferyczne,Zderzenie pojazdów boczne,Dobre warunki atmosferyczne,Światło dzienne,Jezdnia,EWK-98380802Y,8,2014-08-22,Nieokreślone (puste pole),20*10'492,52*43'168,P3021W,Obszar niezabudowany,Odcinek prosty,Droga powiatowa,Jednojezdniowa dwukierunkowa,N,POWIAT PŁOŃSKI,BABOSZEWO - OBSZAR WIEJSKI
1,0,1,2014,Dobre warunki atmosferyczne,Zderzenie pojazdów boczne,Dobre warunki atmosferyczne,Światło dzienne,Jezdnia,EWK-98382266N,16,2014-08-25,Lekko,21*05'395,51*21'128,,Obszar zabudowany,Odcinek prosty,Nieokreślone (puste pole),Jednojezdniowa dwukierunkowa,N,POWIAT RADOM,RADOM - OBSZAR MIEJSKI
1,0,0,2014,Dobre warunki atmosferyczne,Zderzenie pojazdów boczne,Dobre warunki atmosferyczne,Światło dzienne,Jezdnia,EWK-98382266N,16,2014-08-25,Nieokreślone (puste pole),21*05'395,51*21'128,,Obszar zabudowany,Odcinek prosty,Nieokreślone (puste pole),Jednojezdniowa dwukierunkowa,N,POWIAT RADOM,RADOM - OBSZAR MIEJSKI
1,0,1,2014,Dobre warunki atmosferyczne,Zderzenie pojazdów boczne,Dobre warunki atmosferyczne,Światło dzienne,Jezdnia,EWK-98386819H,7,2014-08-28,Lekko,21*34'315,51*21'176,P4512W,Obszar zabudowany,Odcinek prosty,Droga powiatowa,Jednojezdniowa dwukierunkowa,N,POWIAT ZWOLEŃSKI,ZWOLEŃ - OBSZAR MIEJSKI
1,0,0,2014,Dobre warunki atmosferyczne,Zderzenie pojazdów boczne,Dobre warunki atmosferyczne,Światło dzienne,Jezdnia,EWK-98386819H,7,2014-08-28,Nieokreślone (puste pole),21*34'315,51*21'176,P4512W,Obszar zabudowany,Odcinek prosty,Droga powiatowa,Jednojezdniowa dwukierunkowa,N,POWIAT ZWOLEŃSKI,ZWOLEŃ - OBSZAR MIEJSKI
1,0,1,2014,Dobre warunki atmosferyczne,Zderzenie pojazdów boczne,Dobre warunki atmosferyczne,Światło dzienne,Jezdnia,EWK-98387294N,16,2014-08-28,Ciężko,19*41'039,53*05'177,P4613W,Obszar niezabudowany,,Droga powiatowa,Jednojezdniowa dwukierunkowa,N,POWIAT ŻUROMIŃSKI,LUBOWIDZ - OBSZAR WIEJSKI
1,0,0,2014,Dobre warunki atmosferyczne,Zderzenie pojazdów boczne,Dobre warunki atmosferyczne,Światło dzienne,Jezdnia,EWK-98387294N,16,2014-08-28,Nieokreślone (puste pole),19*41'039,53*05'177,P4613W,Obszar niezabudowany,,Droga powiatowa,Jednojezdniowa dwukierunkowa,N,POWIAT ŻUROMIŃSKI,LUBOWIDZ - OBSZAR WIEJSKI
1,0,1,2014,Dobre warunki atmosferyczne,Zderzenie pojazdów boczne,Dobre warunki atmosferyczne,Światło dzienne,Jezdnia,EWK-98388433G,12,2014-08-30,Lekko,19*45'438,52*43'129,560,Obszar niezabudowany,,Droga wojewódzka,Jednojezdniowa dwukierunkowa,N,POWIAT SIERPECKI,GOZDOWO - OBSZAR WIEJSKI
1,0,0,2014,Dobre warunki atmosferyczne,Zderzenie pojazdów boczne,Dobre warunki atmosferyczne,Światło dzienne,Jezdnia,EWK-98388433G,12,2014-08-30,Nieokreślone (puste pole),19*45'438,52*43'129,560,Obszar niezabudowany,,Droga wojewódzka,Jednojezdniowa dwukierunkowa,N,POWIAT SIERPECKI,GOZDOWO - OBSZAR WIEJSKI
1,0,1,2014,Dobre warunki atmosferyczne,Zderzenie pojazdów boczne,Dobre warunki atmosferyczne,Światło dzienne,Jezdnia,EWK-98388495J,10,2014-08-30,Lekko,20*50'057,51*21'189,12,Obszar niezabudowany,,Droga krajowa,Jednojezdniowa dwukierunkowa,N,POWIAT PRZYSUSKI,WIENIAWA - OBSZAR WIEJSKI
1,0,0,2014,Dobre warunki atmosferyczne,Zderzenie pojazdów boczne,Dobre warunki atmosferyczne,Światło dzienne,Jezdnia,EWK-98388495J,10,2014-08-30,Nieokreślone (puste pole),20*50'057,51*21'189,12,Obszar niezabudowany,,Droga krajowa,Jednojezdniowa dwukierunkowa,N,POWIAT PRZYSUSKI,WIENIAWA - OBSZAR WIEJSKI
1,0,1,2014,Dobre warunki atmosferyczne,Zderzenie pojazdów boczne,Dobre warunki atmosferyczne,Światło dzienne,Jezdnia,EWK-98389299W,16,2014-08-30,Lekko,20*53'224,51*47'520,GMINNA,Obszar niezabudowany,,Droga gminna,Jednojezdniowa dwukierunkowa,N,POWIAT GRÓJECKI,BELSK DUŻY - OBSZAR WIEJSKI
1,0,0,2014,Dobre warunki atmosferyczne,Zderzenie pojazdów boczne,Dobre warunki atmosferyczne,Światło dzienne,Jezdnia,EWK-98389299W,16,2014-08-30,Nieokreślone (puste pole),20*53'224,51*47'520,GMINNA,Obszar niezabudowany,,Droga gminna,Jednojezdniowa dwukierunkowa,N,POWIAT GRÓJECKI,BELSK DUŻY - OBSZAR WIEJSKI
1,0,1,2014,Dobre warunki atmosferyczne,Zderzenie pojazdów boczne,Dobre warunki atmosferyczne,Światło dzienne,Jezdnia,EWK-98389812H,12,2014-08-30,Lekko,21*06'225,51*24'329,,Obszar zabudowany,,Nieokreślone (puste pole),Jednojezdniowa dwukierunkowa,N,POWIAT RADOM,RADOM - OBSZAR MIEJSKI
1,0,0,2014,Dobre warunki atmosferyczne,Zderzenie pojazdów boczne,Dobre warunki atmosferyczne,Światło dzienne,Jezdnia,EWK-98389812H,12,2014-08-30,Nieokreślone (puste pole),21*06'225,51*24'329,,Obszar zabudowany,,Nieokreślone (puste pole),Jednojezdniowa dwukierunkowa,N,POWIAT RADOM,RADOM - OBSZAR MIEJSKI
1,0,1,2014,Dobre warunki atmosferyczne,Zderzenie pojazdów boczne,Dobre warunki atmosferyczne,Światło dzienne,Jezdnia,EWK-98392202N,11,2014-09-02,Lekko,19*36'178,52*55'449,560,Obszar niezabudowany,Odcinek prosty,Droga wojewódzka,Jednojezdniowa dwukierunkowa,N,POWIAT SIERPECKI,SZCZUTOWO - OBSZAR WIEJSKI
1,0,0,2014,Dobre warunki atmosferyczne,Zderzenie pojazdów boczne,Dobre warunki atmosferyczne,Światło dzienne,Jezdnia,EWK-98392202N,11,2014-09-02,Nieokreślone (puste pole),19*36'178,52*55'449,560,Obszar niezabudowany,Odcinek prosty,Droga wojewódzka,Jednojezdniowa dwukierunkowa,N,POWIAT SIERPECKI,SZCZUTOWO - OBSZAR WIEJSKI
1,0,1,2014,Dobre warunki atmosferyczne,Zderzenie pojazdów boczne,Dobre warunki atmosferyczne,Światło dzienne,Jezdnia,EWK-98392377K,14,2014-08-03,Lekko,21*53'473,51*48'178,31366W,Obszar zabudowany,Odcinek prosty,Droga powiatowa,Jednojezdniowa dwukierunkowa,N,POWIAT GARWOLIŃSKI,ŻELECHÓW - OBSZAR MIEJSKI
1,0,0,2014,Dobre warunki atmosferyczne,Zderzenie pojazdów boczne,Dobre warunki atmosferyczne,Światło dzienne,Jezdnia,EWK-98392377K,14,2014-08-03,Nieokreślone (puste pole),21*53'473,51*48'178,31366W,Obszar zabudowany,Odcinek prosty,Droga powiatowa,Jednojezdniowa dwukierunkowa,N,POWIAT GARWOLIŃSKI,ŻELECHÓW - OBSZAR MIEJSKI
1,0,1,2014,Dobre warunki atmosferyczne,Zderzenie pojazdów boczne,Dobre warunki atmosferyczne,Światło dzienne,Jezdnia,EWK-98394045A,12,2014-09-03,Lekko,19*39'092,52*50'516,G370806W,Obszar zabudowany,Odcinek prosty,Droga gminna,Jednojezdniowa dwukierunkowa,N,POWIAT SIERPECKI,SIERPC - OBSZAR MIEJSKI
1,0,0,2014,Dobre warunki atmosferyczne,Zderzenie pojazdów boczne,Dobre warunki atmosferyczne,Światło dzienne,Jezdnia,EWK-98394045A,12,2014-09-03,Nieokreślone (puste pole),19*39'092,52*50'516,G370806W,Obszar zabudowany,Odcinek prosty,Droga gminna,Jednojezdniowa dwukierunkowa,N,POWIAT SIERPECKI,SIERPC - OBSZAR MIEJSKI
1,0,1,2014,Dobre warunki atmosferyczne,Zderzenie pojazdów boczne,Dobre warunki atmosferyczne,Światło dzienne,Jezdnia,EWK-98394150T,12,2014-09-03,Lekko,20*33'084,52*53'110,G120226W,Obszar zabudowany,Odcinek prosty,Droga gminna,Jednojezdniowa dwukierunkowa,N,POWIAT CIECHANOWSKI,CIECHANÓW - OBSZAR WIEJSKI
1,0,0,2014,Dobre warunki atmosferyczne,Zderzenie pojazdów boczne,Dobre warunki atmosferyczne,Światło dzienne,Jezdnia,EWK-98394150T,12,2014-09-03,Nieokreślone (puste pole),20*33'084,52*53'110,G120226W,Obszar zabudowany,Odcinek prosty,Droga gminna,Jednojezdniowa dwukierunkowa,N,POWIAT CIECHANOWSKI,CIECHANÓW - OBSZAR WIEJSKI
1,0,1,2014,Dobre warunki atmosferyczne,Zderzenie pojazdów boczne,Dobre warunki atmosferyczne,Światło dzienne,Jezdnia,EWK-98394657K,16,2014-09-03,Lekko,20*28'411,52*12'271,92,Obszar niezabudowany,Odcinek prosty,Droga krajowa,Jednojezdniowa dwukierunkowa,N,POWIAT SOCHACZEWSKI,TERESIN - OBSZAR WIEJSKI
1,0,0,2014,Dobre warunki atmosferyczne,Zderzenie pojazdów boczne,Dobre warunki atmosferyczne,Światło dzienne,Jezdnia,EWK-98394657K,16,2014-09-03,Nieokreślone (puste pole),20*28'411,52*12'271,92,Obszar niezabudowany,Odcinek prosty,Droga krajowa,Jednojezdniowa dwukierunkowa,N,POWIAT SOCHACZEWSKI,TERESIN - OBSZAR WIEJSKI
1,0,2,2014,Dobre warunki atmosferyczne,Zderzenie pojazdów boczne,Dobre warunki atmosferyczne,Światło dzienne,Jezdnia,EWK-98395497J,9,2014-09-03,Lekko,20*52'486,53*01'005,,Obszar zabudowany,,Nieokreślone (puste pole),Jednojezdniowa dwukierunkowa,N,POWIAT PRZASNYSKI,PRZASNYSZ - OBSZAR MIEJSKI
1,0,0,2014,Dobre warunki atmosferyczne,Zderzenie pojazdów boczne,Dobre warunki atmosferyczne,Światło dzienne,Jezdnia,EWK-98395497J,9,2014-09-03,Nieokreślone (puste pole),20*52'486,53*01'005,,Obszar zabudowany,,Nieokreślone (puste pole),Jednojezdniowa dwukierunkowa,N,POWIAT PRZASNYSKI,PRZASNYSZ - OBSZAR MIEJSKI
1,0,1,2014,Dobre warunki atmosferyczne,Zderzenie pojazdów boczne,Dobre warunki atmosferyczne,Światło dzienne,Jezdnia,EWK-98395785L,16,2014-09-04,Lekko,21*48'275,52*45'445,8,Obszar niezabudowany,Odcinek prosty,Droga krajowa,Jednojezdniowa dwukierunkowa,N,POWIAT OSTROWSKI,OSTRÓW MAZOWIECKA - OBSZAR WIEJSKI
1,0,0,2014,Dobre warunki atmosferyczne,Zderzenie pojazdów boczne,Dobre warunki atmosferyczne,Światło dzienne,Jezdnia,EWK-98395785L,16,2014-09-04,Nieokreślone (puste pole),21*48'275,52*45'445,8,Obszar niezabudowany,Odcinek prosty,Droga krajowa,Jednojezdniowa dwukierunkowa,N,POWIAT OSTROWSKI,OSTRÓW MAZOWIECKA - OBSZAR WIEJSKI
1,0,1,2014,Dobre warunki atmosferyczne,Zderzenie pojazdów boczne,Dobre warunki atmosferyczne,Światło dzienne,Jezdnia,EWK-98396160N,11,2014-09-03,Lekko,22*16'273,52*10'301,W628,Obszar zabudowany,,Droga wojewódzka,Jednojezdniowa dwukierunkowa,N,POWIAT SIEDLCE,SIEDLCE - OBSZAR MIEJSKI
1,0,0,2014,Dobre warunki atmosferyczne,Zderzenie pojazdów boczne,Dobre warunki atmosferyczne,Światło dzienne,Jezdnia,EWK-98396160N,11,2014-09-03,Nieokreślone (puste pole),22*16'273,52*10'301,W628,Obszar zabudowany,,Droga wojewódzka,Jednojezdniowa dwukierunkowa,N,POWIAT SIEDLCE,SIEDLCE - OBSZAR MIEJSKI
1,2,0,2014,Dobre warunki atmosferyczne,Zderzenie pojazdów boczne,Dobre warunki atmosferyczne,Światło dzienne,Jezdnia,EWK-98396723J,14,2014-09-06,Nieokreślone (puste pole),20*12'284,52*21'279,50,Obszar niezabudowany,"Zakręt, łuk",Droga krajowa,Jednojezdniowa dwukierunkowa,N,POWIAT SOCHACZEWSKI,MŁODZIESZYN - OBSZAR WIEJSKI
1,0,1,2014,Dobre warunki atmosferyczne,Zderzenie pojazdów boczne,Dobre warunki atmosferyczne,Światło dzienne,Jezdnia,EWK-98396731K,17,2014-09-07,Lekko,20*51'529,51*50'301,GMINNA,Obszar niezabudowany,Odcinek prosty,Droga gminna,Jednojezdniowa dwukierunkowa,N,POWIAT GRÓJECKI,GRÓJEC - OBSZAR WIEJSKI
1,0,0,2014,Dobre warunki atmosferyczne,Zderzenie pojazdów boczne,Dobre warunki atmosferyczne,Światło dzienne,Jezdnia,EWK-98396731K,17,2014-09-07,Nieokreślone (puste pole),20*51'529,51*50'301,GMINNA,Obszar niezabudowany,Odcinek prosty,Droga gminna,Jednojezdniowa dwukierunkowa,N,POWIAT GRÓJECKI,GRÓJEC - OBSZAR WIEJSKI
1,0,1,2014,Dobre warunki atmosferyczne,Zderzenie pojazdów boczne,Dobre warunki atmosferyczne,Światło dzienne,Jezdnia,EWK-98397648N,12,2014-09-05,Lekko,22*03'361,52*20'220,696,Obszar niezabudowany,Odcinek prosty; Spadek,Droga wojewódzka,Jednojezdniowa dwukierunkowa,N,POWIAT WĘGROWSKI,LIW - OBSZAR WIEJSKI
1,0,0,2014,Dobre warunki atmosferyczne,Zderzenie pojazdów boczne,Dobre warunki atmosferyczne,Światło dzienne,Jezdnia,EWK-98397648N,12,2014-09-05,Nieokreślone (puste pole),22*03'361,52*20'220,696,Obszar niezabudowany,Odcinek prosty; Spadek,Droga wojewódzka,Jednojezdniowa dwukierunkowa,N,POWIAT WĘGROWSKI,LIW - OBSZAR WIEJSKI
1,1,0,2014,Dobre warunki atmosferyczne,Zderzenie pojazdów boczne,Dobre warunki atmosferyczne,Światło dzienne,Jezdnia,EWK-98397765Y,11,2014-09-06,Nieokreślone (puste pole),20*32'243,52*51'151,60,Obszar niezabudowany,Odcinek prosty,Droga krajowa,Jednojezdniowa dwukierunkowa,N,POWIAT CIECHANOWSKI,CIECHANÓW - OBSZAR WIEJSKI
1,0,1,2014,Dobre warunki atmosferyczne,Zderzenie pojazdów boczne,Dobre warunki atmosferyczne,Światło dzienne,Jezdnia,EWK-98398610R,16,2014-09-04,Lekko,20*22'188,52*38'060,G300894W,Obszar zabudowany,,Droga gminna,Jednojezdniowa dwukierunkowa,N,POWIAT PŁOŃSKI,PŁOŃSK - OBSZAR MIEJSKI
1,0,0,2014,Dobre warunki atmosferyczne,Zderzenie pojazdów boczne,Dobre warunki atmosferyczne,Światło dzienne,Jezdnia,EWK-98398610R,16,2014-09-04,Nieokreślone (puste pole),20*22'188,52*38'060,G300894W,Obszar zabudowany,,Droga gminna,Jednojezdniowa dwukierunkowa,N,POWIAT PŁOŃSKI,PŁOŃSK - OBSZAR MIEJSKI
1,0,3,2014,Dobre warunki atmosferyczne,Zderzenie pojazdów boczne,Dobre warunki atmosferyczne,Światło dzienne,Jezdnia,EWK-98399579N,12,2014-09-07,Lekko,21*22'570,51*22'418,12,Obszar zabudowany,Odcinek prosty,Droga krajowa,Jednojezdniowa dwukierunkowa,N,POWIAT RADOMSKI,GÓZD - OBSZAR WIEJSKI
1,0,0,2014,Dobre warunki atmosferyczne,Zderzenie pojazdów boczne,Dobre warunki atmosferyczne,Światło dzienne,Jezdnia,EWK-98399579N,12,2014-09-07,Nieokreślone (puste pole),21*22'570,51*22'418,12,Obszar zabudowany,Odcinek prosty,Droga krajowa,Jednojezdniowa dwukierunkowa,N,POWIAT RADOMSKI,GÓZD - OBSZAR WIEJSKI
1,0,2,2014,Dobre warunki atmosferyczne,Zderzenie pojazdów boczne,Dobre warunki atmosferyczne,Światło dzienne,Jezdnia,EWK-98400304K,18,2014-09-05,Lekko,21*08'336,51*24'329,P5302W,Obszar zabudowany,,Droga powiatowa,Dwie jezdnie jednokierunkowe,N,POWIAT RADOM,RADOM - OBSZAR MIEJSKI
1,0,0,2014,Dobre warunki atmosferyczne,Zderzenie pojazdów boczne,Dobre warunki atmosferyczne,Światło dzienne,Jezdnia,EWK-98400304K,18,2014-09-05,Nieokreślone (puste pole),21*08'336,51*24'329,P5302W,Obszar zabudowany,,Droga powiatowa,Dwie jezdnie jednokierunkowe,N,POWIAT RADOM,RADOM - OBSZAR MIEJSKI
1,0,2,2014,Dobre warunki atmosferyczne,Zderzenie pojazdów boczne,Dobre warunki atmosferyczne,Światło dzienne,Jezdnia,EWK-98400338P,17,2014-09-07,Lekko,21*09'456,51*24'005,P5304W  ,Obszar zabudowany,,Droga powiatowa,Jednojezdniowa dwukierunkowa,N,POWIAT RADOM,RADOM - OBSZAR MIEJSKI
1,0,0,2014,Dobre warunki atmosferyczne,Zderzenie pojazdów boczne,Dobre warunki atmosferyczne,Światło dzienne,Jezdnia,EWK-98400338P,17,2014-09-07,Nieokreślone (puste pole),21*09'456,51*24'005,P5304W  ,Obszar zabudowany,,Droga powiatowa,Jednojezdniowa dwukierunkowa,N,POWIAT RADOM,RADOM - OBSZAR MIEJSKI
1,0,2,2014,Dobre warunki atmosferyczne,Zderzenie pojazdów boczne,Dobre warunki atmosferyczne,Światło dzienne,Jezdnia,EWK-98402266H,14,2014-09-09,Lekko,19*38'546,52*30'154,62,Obszar zabudowany,,Droga krajowa,Jednojezdniowa dwukierunkowa,T,POWIAT PŁOCK,PŁOCK - OBSZAR MIEJSKI
1,0,0,2014,Dobre warunki atmosferyczne,Zderzenie pojazdów boczne,Dobre warunki atmosferyczne,Światło dzienne,Jezdnia,EWK-98402266H,14,2014-09-09,Nieokreślone (puste pole),19*38'546,52*30'154,62,Obszar zabudowany,,Droga krajowa,Jednojezdniowa dwukierunkowa,T,POWIAT PŁOCK,PŁOCK - OBSZAR MIEJSKI
1,0,1,2014,Dobre warunki atmosferyczne,Zderzenie pojazdów boczne,Dobre warunki atmosferyczne,Światło dzienne,Jezdnia,EWK-98403458Y,15,2014-09-10,Ciężko,21*53'498,52*48'191,627,Obszar zabudowany,,Droga wojewódzka,Jednojezdniowa dwukierunkowa,N,POWIAT OSTROWSKI,OSTRÓW MAZOWIECKA - OBSZAR MIEJSKI
1,0,0,2014,Dobre warunki atmosferyczne,Zderzenie pojazdów boczne,Dobre warunki atmosferyczne,Światło dzienne,Jezdnia,EWK-98403458Y,15,2014-09-10,Nieokreślone (puste pole),21*53'498,52*48'191,627,Obszar zabudowany,,Droga wojewódzka,Jednojezdniowa dwukierunkowa,N,POWIAT OSTROWSKI,OSTRÓW MAZOWIECKA - OBSZAR MIEJSKI
1,2,0,2014,Dobre warunki atmosferyczne,Zderzenie pojazdów boczne,Dobre warunki atmosferyczne,Światło dzienne,Jezdnia,EWK-98403839W,6,2014-09-12,Nieokreślone (puste pole),21*11'178,52*32'591,62,Obszar niezabudowany,,Droga krajowa,Jednojezdniowa dwukierunkowa,N,POWIAT WYSZKOWSKI,SOMIANKA - OBSZAR WIEJSKI
1,0,2,2014,Dobre warunki atmosferyczne,Zderzenie pojazdów boczne,Dobre warunki atmosferyczne,Światło dzienne,Jezdnia,EWK-98405046F,15,2014-09-08,Lekko,20*24'234,52*05'054,GMINNA,Obszar zabudowany,Odcinek prosty,Droga gminna,Jednojezdniowa dwukierunkowa,N,POWIAT ŻYRARDOWSKI,WISKITKI - OBSZAR WIEJSKI
1,0,0,2014,Dobre warunki atmosferyczne,Zderzenie pojazdów boczne,Dobre warunki atmosferyczne,Światło dzienne,Jezdnia,EWK-98405046F,15,2014-09-08,Nieokreślone (puste pole),20*24'234,52*05'054,GMINNA,Obszar zabudowany,Odcinek prosty,Droga gminna,Jednojezdniowa dwukierunkowa,N,POWIAT ŻYRARDOWSKI,WISKITKI - OBSZAR WIEJSKI
1,0,1,2014,Dobre warunki atmosferyczne,Zderzenie pojazdów boczne,Dobre warunki atmosferyczne,Światło dzienne,Jezdnia,EWK-98407369P,17,2014-09-13,Lekko,21*04'562,51*54'168,GMINNA,Obszar zabudowany,Odcinek prosty,Droga gminna,Jednojezdniowa dwukierunkowa,N,POWIAT GRÓJECKI,CHYNÓW - OBSZAR WIEJSKI
1,0,0,2014,Dobre warunki atmosferyczne,Zderzenie pojazdów boczne,Dobre warunki atmosferyczne,Światło dzienne,Jezdnia,EWK-98407369P,17,2014-09-13,Nieokreślone (puste pole),21*04'562,51*54'168,GMINNA,Obszar zabudowany,Odcinek prosty,Droga gminna,Jednojezdniowa dwukierunkowa,N,POWIAT GRÓJECKI,CHYNÓW - OBSZAR WIEJSKI
1,0,2,2014,Dobre warunki atmosferyczne,Zderzenie pojazdów boczne,Dobre warunki atmosferyczne,Światło dzienne,Jezdnia,EWK-98408168G,17,2014-09-15,Lekko,21*09'326,51*22'594,P3539W,Obszar zabudowany,,Droga powiatowa,Dwie jezdnie jednokierunkowe,N,POWIAT RADOM,RADOM - OBSZAR MIEJSKI
1,0,0,2014,Dobre warunki atmosferyczne,Zderzenie pojazdów boczne,Dobre warunki atmosferyczne,Światło dzienne,Jezdnia,EWK-98408168G,17,2014-09-15,Nieokreślone (puste pole),21*09'326,51*22'594,P3539W,Obszar zabudowany,,Droga powiatowa,Dwie jezdnie jednokierunkowe,N,POWIAT RADOM,RADOM - OBSZAR MIEJSKI
1,0,1,2014,Dobre warunki atmosferyczne,Zderzenie pojazdów boczne,Dobre warunki atmosferyczne,Światło dzienne,Jezdnia,EWK-98409390E,16,2014-09-15,Lekko,20*59'250,51*18'474,7,Obszar zabudowany,,Droga krajowa,Jednojezdniowa dwukierunkowa,N,POWIAT SZYDŁOWIECKI,OROŃSKO - OBSZAR WIEJSKI
1,0,0,2014,Dobre warunki atmosferyczne,Zderzenie pojazdów boczne,Dobre warunki atmosferyczne,Światło dzienne,Jezdnia,EWK-98409390E,16,2014-09-15,Nieokreślone (puste pole),20*59'250,51*18'474,7,Obszar zabudowany,,Droga krajowa,Jednojezdniowa dwukierunkowa,N,POWIAT SZYDŁOWIECKI,OROŃSKO - OBSZAR WIEJSKI
1,0,1,2014,Dobre warunki atmosferyczne,Zderzenie pojazdów boczne,Dobre warunki atmosferyczne,Światło dzienne,Jezdnia,EWK-98412005T,10,2014-09-17,Ciężko,21*09'105,53*02'010,P2111W,Obszar zabudowany,,Droga powiatowa,Jednojezdniowa dwukierunkowa,N,POWIAT MAKOWSKI,KRASNOSIELC - OBSZAR WIEJSKI
1,0,0,2014,Dobre warunki atmosferyczne,Zderzenie pojazdów boczne,Dobre warunki atmosferyczne,Światło dzienne,Jezdnia,EWK-98412005T,10,2014-09-17,Nieokreślone (puste pole),21*09'105,53*02'010,P2111W,Obszar zabudowany,,Droga powiatowa,Jednojezdniowa dwukierunkowa,N,POWIAT MAKOWSKI,KRASNOSIELC - OBSZAR WIEJSKI
1,0,1,2014,Dobre warunki atmosferyczne,Zderzenie pojazdów boczne,Dobre warunki atmosferyczne,Światło dzienne,Jezdnia,EWK-98412235U,10,2014-09-17,Ciężko,20*22'558,52*37'281,GMINNA,Obszar zabudowany,,Droga gminna,Jednojezdniowa dwukierunkowa,N,POWIAT PŁOŃSKI,PŁOŃSK - OBSZAR MIEJSKI
1,0,1,2014,Dobre warunki atmosferyczne,Zderzenie pojazdów boczne,Dobre warunki atmosferyczne,Światło dzienne,Jezdnia,EWK-98412235U,10,2014-09-17,Lekko,20*22'558,52*37'281,GMINNA,Obszar zabudowany,,Droga gminna,Jednojezdniowa dwukierunkowa,N,POWIAT PŁOŃSKI,PŁOŃSK - OBSZAR MIEJSKI
1,0,0,2014,Dobre warunki atmosferyczne,Zderzenie pojazdów boczne,Dobre warunki atmosferyczne,Światło dzienne,Jezdnia,EWK-98412235U,10,2014-09-17,Nieokreślone (puste pole),20*22'558,52*37'281,GMINNA,Obszar zabudowany,,Droga gminna,Jednojezdniowa dwukierunkowa,N,POWIAT PŁOŃSKI,PŁOŃSK - OBSZAR MIEJSKI
1,0,2,2014,Dobre warunki atmosferyczne,Zderzenie pojazdów boczne,Dobre warunki atmosferyczne,Światło dzienne,Jezdnia,EWK-98413828T,12,2014-09-18,Lekko,19*43'007,52*35'425,P2909W,Obszar niezabudowany,,Droga powiatowa,Jednojezdniowa dwukierunkowa,N,POWIAT PŁOCKI,STARA BIAŁA - OBSZAR WIEJSKI
1,0,0,2014,Dobre warunki atmosferyczne,Zderzenie pojazdów boczne,Dobre warunki atmosferyczne,Światło dzienne,Jezdnia,EWK-98413828T,12,2014-09-18,Nieokreślone (puste pole),19*43'007,52*35'425,P2909W,Obszar niezabudowany,,Droga powiatowa,Jednojezdniowa dwukierunkowa,N,POWIAT PŁOCKI,STARA BIAŁA - OBSZAR WIEJSKI
1,0,1,2014,Dobre warunki atmosferyczne,Zderzenie pojazdów boczne,Dobre warunki atmosferyczne,Światło dzienne,Jezdnia,EWK-98415062M,17,2014-09-20,Lekko,21*09'554,51*24'469,P5305W,Obszar zabudowany,,Droga powiatowa,Jednojezdniowa dwukierunkowa,N,POWIAT RADOM,RADOM - OBSZAR MIEJSKI