Liczba wypadków,Liczba zabitych,Liczba rannych,Rok,Warunki atmosferyczne,Rodzaj zdarzenia,Warunki atmosferyczne,Oświetlenie,Charakterystyka miejsca zdarzenia,IDKSIP zdarzenia,Godzina,Dzień,Ranny,GPS x,GPS y,Numer drogi,Obszar,Geometria drogi,Kategoria drogi 1,Rodzaj drogi,Czy w zdarzeniu był sprawca nietrzeźwy,Powiat,Gmina
1,0,0,2014,Dobre warunki atmosferyczne,Zderzenie pojazdów tylne,Dobre warunki atmosferyczne,Noc - droga nieoświetlona,Jezdnia,EWK-98623108P,17,2014-10-28,Nieokreślone (puste pole),21*08'472,51*41'360,P1131W,Obszar niezabudowany,Odcinek prosty,Droga powiatowa,Jednojezdniowa dwukierunkowa,N,POWIAT BIAŁOBRZESKI,STROMIEC - OBSZAR WIEJSKI
1,0,5,2014,Dobre warunki atmosferyczne,Zderzenie pojazdów tylne,Dobre warunki atmosferyczne,Noc - droga nieoświetlona,Jezdnia,EWK-98627223A,23,2014-10-29,Lekko,21*25'110,51*36'014,48,Obszar niezabudowany,Odcinek prosty,Droga krajowa,Jednojezdniowa dwukierunkowa,N,POWIAT KOZIENICKI,GŁOWACZÓW - OBSZAR WIEJSKI
1,0,0,2014,Dobre warunki atmosferyczne,Zderzenie pojazdów tylne,Dobre warunki atmosferyczne,Noc - droga nieoświetlona,Jezdnia,EWK-98627223A,23,2014-10-29,Nieokreślone (puste pole),21*25'110,51*36'014,48,Obszar niezabudowany,Odcinek prosty,Droga krajowa,Jednojezdniowa dwukierunkowa,N,POWIAT KOZIENICKI,GŁOWACZÓW - OBSZAR WIEJSKI
1,0,2,2014,Dobre warunki atmosferyczne,Zderzenie pojazdów tylne,Dobre warunki atmosferyczne,Noc - droga nieoświetlona,Jezdnia,EWK-98635729T,17,2014-11-06,Lekko,20*17'397,52*13'275,92,Obszar niezabudowany,Odcinek prosty,Droga krajowa,Jednojezdniowa dwukierunkowa,N,POWIAT SOCHACZEWSKI,SOCHACZEW - OBSZAR WIEJSKI
1,0,1,2014,Dobre warunki atmosferyczne,Zderzenie pojazdów tylne,Dobre warunki atmosferyczne,Noc - droga nieoświetlona,Jezdnia,EWK-98636894D,1,2014-11-06,Ciężko,21*45'140,52*50'090,60,Obszar niezabudowany,Odcinek prosty,Droga krajowa,Jednojezdniowa dwukierunkowa,N,POWIAT OSTROWSKI,WĄSEWO - OBSZAR WIEJSKI
1,0,0,2014,Dobre warunki atmosferyczne,Zderzenie pojazdów tylne,Dobre warunki atmosferyczne,Noc - droga nieoświetlona,Jezdnia,EWK-98636894D,1,2014-11-06,Nieokreślone (puste pole),21*45'140,52*50'090,60,Obszar niezabudowany,Odcinek prosty,Droga krajowa,Jednojezdniowa dwukierunkowa,N,POWIAT OSTROWSKI,WĄSEWO - OBSZAR WIEJSKI
1,0,1,2014,Dobre warunki atmosferyczne,Zderzenie pojazdów tylne,Dobre warunki atmosferyczne,Noc - droga nieoświetlona,Jezdnia,EWK-98638859N,21,2014-11-05,Ciężko,19*59'020,52*43'356,GMINNA,Obszar niezabudowany,Odcinek prosty,Droga gminna,Jednojezdniowa dwukierunkowa,N,POWIAT PŁOCKI,DROBIN - OBSZAR WIEJSKI
1,0,0,2014,Dobre warunki atmosferyczne,Zderzenie pojazdów tylne,Dobre warunki atmosferyczne,Noc - droga nieoświetlona,Jezdnia,EWK-98638859N,21,2014-11-05,Nieokreślone (puste pole),19*59'020,52*43'356,GMINNA,Obszar niezabudowany,Odcinek prosty,Droga gminna,Jednojezdniowa dwukierunkowa,N,POWIAT PŁOCKI,DROBIN - OBSZAR WIEJSKI
1,0,1,2014,Dobre warunki atmosferyczne,Zderzenie pojazdów tylne,Dobre warunki atmosferyczne,Noc - droga nieoświetlona,Jezdnia,EWK-98640337X,18,2014-11-10,Ciężko,21*50'253,51*52'436,31330W,Obszar zabudowany,Odcinek prosty,Droga powiatowa,Jednojezdniowa dwukierunkowa,N,POWIAT GARWOLIŃSKI,MIASTKÓW KOŚCIELNY - OBSZAR WIEJSKI
1,0,2,2014,Dobre warunki atmosferyczne,Zderzenie pojazdów tylne,Dobre warunki atmosferyczne,Noc - droga nieoświetlona,Jezdnia,EWK-98640337X,18,2014-11-10,Lekko,21*50'253,51*52'436,31330W,Obszar zabudowany,Odcinek prosty,Droga powiatowa,Jednojezdniowa dwukierunkowa,N,POWIAT GARWOLIŃSKI,MIASTKÓW KOŚCIELNY - OBSZAR WIEJSKI
1,1,0,2014,Dobre warunki atmosferyczne,Zderzenie pojazdów tylne,Dobre warunki atmosferyczne,Noc - droga nieoświetlona,Jezdnia,EWK-98640337X,18,2014-11-10,Nieokreślone (puste pole),21*50'253,51*52'436,31330W,Obszar zabudowany,Odcinek prosty,Droga powiatowa,Jednojezdniowa dwukierunkowa,N,POWIAT GARWOLIŃSKI,MIASTKÓW KOŚCIELNY - OBSZAR WIEJSKI
1,1,0,2014,Dobre warunki atmosferyczne,Zderzenie pojazdów tylne,Dobre warunki atmosferyczne,Noc - droga nieoświetlona,Jezdnia,EWK-98644247K,19,2014-11-14,Nieokreślone (puste pole),21*04'353,52*47'448,57,Obszar niezabudowany,Odcinek prosty,Droga krajowa,Jednojezdniowa dwukierunkowa,N,POWIAT PUŁTUSKI,PUŁTUSK - OBSZAR WIEJSKI
1,0,1,2014,Dobre warunki atmosferyczne,Zderzenie pojazdów tylne,Dobre warunki atmosferyczne,Noc - droga nieoświetlona,Jezdnia,EWK-98664766H,16,2014-11-29,Ciężko,20*51'133,51*46'304,P,Obszar niezabudowany,,Droga powiatowa,Jednojezdniowa dwukierunkowa,T,POWIAT GRÓJECKI,BELSK DUŻY - OBSZAR WIEJSKI
1,0,2,2014,Dobre warunki atmosferyczne,Zderzenie pojazdów tylne,Dobre warunki atmosferyczne,Noc - droga nieoświetlona,Jezdnia,EWK-98664766H,16,2014-11-29,Lekko,20*51'133,51*46'304,P,Obszar niezabudowany,,Droga powiatowa,Jednojezdniowa dwukierunkowa,T,POWIAT GRÓJECKI,BELSK DUŻY - OBSZAR WIEJSKI
1,0,0,2014,Dobre warunki atmosferyczne,Zderzenie pojazdów tylne,Dobre warunki atmosferyczne,Noc - droga nieoświetlona,Jezdnia,EWK-98664766H,16,2014-11-29,Nieokreślone (puste pole),20*51'133,51*46'304,P,Obszar niezabudowany,,Droga powiatowa,Jednojezdniowa dwukierunkowa,T,POWIAT GRÓJECKI,BELSK DUŻY - OBSZAR WIEJSKI
1,0,4,2014,Dobre warunki atmosferyczne,Zderzenie pojazdów tylne,Dobre warunki atmosferyczne,Noc - droga oświetlona,Jezdnia,EWK-98147254P,19,2014-02-07,Lekko,20*21'502,52*05'236,50a,Obszar zabudowany,Odcinek prosty,Droga krajowa,Jednojezdniowa dwukierunkowa,N,POWIAT ŻYRARDOWSKI,WISKITKI - OBSZAR WIEJSKI
1,0,0,2014,Dobre warunki atmosferyczne,Zderzenie pojazdów tylne,Dobre warunki atmosferyczne,Noc - droga oświetlona,Jezdnia,EWK-98147254P,19,2014-02-07,Nieokreślone (puste pole),20*21'502,52*05'236,50a,Obszar zabudowany,Odcinek prosty,Droga krajowa,Jednojezdniowa dwukierunkowa,N,POWIAT ŻYRARDOWSKI,WISKITKI - OBSZAR WIEJSKI
1,0,3,2014,Dobre warunki atmosferyczne,Zderzenie pojazdów tylne,Dobre warunki atmosferyczne,Noc - droga oświetlona,Jezdnia,EWK-98158876C,21,2014-03-01,Lekko,20*35'234,52*00'153,8,Obszar niezabudowany,,Droga krajowa,Ekspresowa,N,POWIAT ŻYRARDOWSKI,RADZIEJOWICE - OBSZAR WIEJSKI
1,1,0,2014,Dobre warunki atmosferyczne,Zderzenie pojazdów tylne,Dobre warunki atmosferyczne,Noc - droga oświetlona,Jezdnia,EWK-98158876C,21,2014-03-01,Nieokreślone (puste pole),20*35'234,52*00'153,8,Obszar niezabudowany,,Droga krajowa,Ekspresowa,N,POWIAT ŻYRARDOWSKI,RADZIEJOWICE - OBSZAR WIEJSKI
1,0,1,2014,Dobre warunki atmosferyczne,Zderzenie pojazdów tylne,Dobre warunki atmosferyczne,Noc - droga oświetlona,Jezdnia,EWK-98253259T,21,2014-05-26,Ciężko,20*20'418,53*07'533,544,Obszar zabudowany,Odcinek prosty,Droga wojewódzka,Jednojezdniowa dwukierunkowa,T,POWIAT MŁAWSKI,MŁAWA - OBSZAR MIEJSKI
1,0,0,2014,Dobre warunki atmosferyczne,Zderzenie pojazdów tylne,Dobre warunki atmosferyczne,Noc - droga oświetlona,Jezdnia,EWK-98253259T,21,2014-05-26,Nieokreślone (puste pole),20*20'418,53*07'533,544,Obszar zabudowany,Odcinek prosty,Droga wojewódzka,Jednojezdniowa dwukierunkowa,T,POWIAT MŁAWSKI,MŁAWA - OBSZAR MIEJSKI
1,0,1,2014,Dobre warunki atmosferyczne,Zderzenie pojazdów tylne,Dobre warunki atmosferyczne,Noc - droga oświetlona,Jezdnia,EWK-98306649H,0,2014-07-06,Lekko,21*10'101,51*23'296,P5309W,Obszar zabudowany,Odcinek prosty,Droga powiatowa,Jednojezdniowa dwukierunkowa,N,POWIAT RADOM,RADOM - OBSZAR MIEJSKI
1,0,0,2014,Dobre warunki atmosferyczne,Zderzenie pojazdów tylne,Dobre warunki atmosferyczne,Noc - droga oświetlona,Jezdnia,EWK-98306649H,0,2014-07-06,Nieokreślone (puste pole),21*10'101,51*23'296,P5309W,Obszar zabudowany,Odcinek prosty,Droga powiatowa,Jednojezdniowa dwukierunkowa,N,POWIAT RADOM,RADOM - OBSZAR MIEJSKI
1,0,1,2014,Dobre warunki atmosferyczne,Zderzenie pojazdów tylne,Dobre warunki atmosferyczne,Noc - droga oświetlona,Jezdnia,EWK-98319190N,13,2014-07-13,Lekko,21*13'335,51*25'338,737,Obszar zabudowany,,Droga wojewódzka,Jednojezdniowa dwukierunkowa,N,POWIAT RADOM,RADOM - OBSZAR MIEJSKI
1,0,0,2014,Dobre warunki atmosferyczne,Zderzenie pojazdów tylne,Dobre warunki atmosferyczne,Noc - droga oświetlona,Jezdnia,EWK-98319190N,13,2014-07-13,Nieokreślone (puste pole),21*13'335,51*25'338,737,Obszar zabudowany,,Droga wojewódzka,Jednojezdniowa dwukierunkowa,N,POWIAT RADOM,RADOM - OBSZAR MIEJSKI
1,0,1,2014,Dobre warunki atmosferyczne,Zderzenie pojazdów tylne,Dobre warunki atmosferyczne,Noc - droga oświetlona,Jezdnia,EWK-98329232M,21,2014-07-19,Lekko,21*12'209,51*45'158,730,Obszar niezabudowany,Odcinek prosty,Droga wojewódzka,Jednojezdniowa dwukierunkowa,N,POWIAT KOZIENICKI,GRABÓW NAD PILICĄ - OBSZAR WIEJSKI
1,0,0,2014,Dobre warunki atmosferyczne,Zderzenie pojazdów tylne,Dobre warunki atmosferyczne,Noc - droga oświetlona,Jezdnia,EWK-98329232M,21,2014-07-19,Nieokreślone (puste pole),21*12'209,51*45'158,730,Obszar niezabudowany,Odcinek prosty,Droga wojewódzka,Jednojezdniowa dwukierunkowa,N,POWIAT KOZIENICKI,GRABÓW NAD PILICĄ - OBSZAR WIEJSKI
1,0,1,2014,Dobre warunki atmosferyczne,Zderzenie pojazdów tylne,Dobre warunki atmosferyczne,Noc - droga oświetlona,Jezdnia,EWK-98383413N,21,2014-08-16,Ciężko,21*13'204,52*59'078,G210901W,Obszar zabudowany,Odcinek prosty,Droga gminna,Jednojezdniowa dwukierunkowa,T,POWIAT MAKOWSKI,SYPNIEWO - OBSZAR WIEJSKI
1,0,0,2014,Dobre warunki atmosferyczne,Zderzenie pojazdów tylne,Dobre warunki atmosferyczne,Noc - droga oświetlona,Jezdnia,EWK-98383413N,21,2014-08-16,Nieokreślone (puste pole),21*13'204,52*59'078,G210901W,Obszar zabudowany,Odcinek prosty,Droga gminna,Jednojezdniowa dwukierunkowa,T,POWIAT MAKOWSKI,SYPNIEWO - OBSZAR WIEJSKI
1,1,0,2014,Dobre warunki atmosferyczne,Zderzenie pojazdów tylne,Dobre warunki atmosferyczne,Noc - droga oświetlona,Jezdnia,EWK-98450401A,19,2014-10-07,Nieokreślone (puste pole),22*12'007,52*45'402,P,Obszar zabudowany,Odcinek prosty,Droga powiatowa,Jednojezdniowa dwukierunkowa,T,POWIAT OSTROWSKI,SZULBORZE WIELKIE - OBSZAR WIEJSKI
1,0,1,2014,Dobre warunki atmosferyczne,Zderzenie pojazdów tylne,Dobre warunki atmosferyczne,Noc - droga oświetlona,Jezdnia,EWK-98651699F,17,2014-11-19,Lekko,21*08'417,51*24'001,P5315W,Obszar zabudowany,,Droga powiatowa,Jednojezdniowa dwukierunkowa,N,POWIAT RADOM,RADOM - OBSZAR MIEJSKI
1,0,0,2014,Dobre warunki atmosferyczne,Zderzenie pojazdów tylne,Dobre warunki atmosferyczne,Noc - droga oświetlona,Jezdnia,EWK-98651699F,17,2014-11-19,Nieokreślone (puste pole),21*08'417,51*24'001,P5315W,Obszar zabudowany,,Droga powiatowa,Jednojezdniowa dwukierunkowa,N,POWIAT RADOM,RADOM - OBSZAR MIEJSKI
1,0,1,2014,Dobre warunki atmosferyczne,Zderzenie pojazdów tylne,Dobre warunki atmosferyczne,Noc - droga oświetlona,Jezdnia,EWK-98658674M,0,2014-11-22,Lekko,20*25'313,52*04'020,GMINNA,Obszar zabudowany,Odcinek prosty,Droga gminna,Jednojezdniowa dwukierunkowa,N,POWIAT ŻYRARDOWSKI,ŻYRARDÓW - OBSZAR MIEJSKI
1,0,0,2014,Dobre warunki atmosferyczne,Zderzenie pojazdów tylne,Dobre warunki atmosferyczne,Noc - droga oświetlona,Jezdnia,EWK-98658674M,0,2014-11-22,Nieokreślone (puste pole),20*25'313,52*04'020,GMINNA,Obszar zabudowany,Odcinek prosty,Droga gminna,Jednojezdniowa dwukierunkowa,N,POWIAT ŻYRARDOWSKI,ŻYRARDÓW - OBSZAR MIEJSKI
1,0,1,2014,Dobre warunki atmosferyczne,Zderzenie pojazdów tylne,Dobre warunki atmosferyczne,Noc - droga oświetlona,Jezdnia,EWK-98662998W,16,2014-11-30,Ciężko,20*57'450,52*59'013,57,Obszar zabudowany,Odcinek prosty,Droga krajowa,Jednojezdniowa dwukierunkowa,N,POWIAT PRZASNYSKI,PRZASNYSZ - OBSZAR WIEJSKI
1,0,0,2014,Dobre warunki atmosferyczne,Zderzenie pojazdów tylne,Dobre warunki atmosferyczne,Noc - droga oświetlona,Jezdnia,EWK-98662998W,16,2014-11-30,Nieokreślone (puste pole),20*57'450,52*59'013,57,Obszar zabudowany,Odcinek prosty,Droga krajowa,Jednojezdniowa dwukierunkowa,N,POWIAT PRZASNYSKI,PRZASNYSZ - OBSZAR WIEJSKI
1,0,1,2014,Dobre warunki atmosferyczne,Zderzenie pojazdów tylne,Dobre warunki atmosferyczne,Noc - droga oświetlona,Jezdnia,EWK-98678454W,20,2014-12-11,Lekko,21*09'036,51*24'203,P5339W,Obszar zabudowany,,Droga powiatowa,Dwie jezdnie jednokierunkowe,N,POWIAT RADOM,RADOM - OBSZAR MIEJSKI
1,0,0,2014,Dobre warunki atmosferyczne,Zderzenie pojazdów tylne,Dobre warunki atmosferyczne,Noc - droga oświetlona,Jezdnia,EWK-98678454W,20,2014-12-11,Nieokreślone (puste pole),21*09'036,51*24'203,P5339W,Obszar zabudowany,,Droga powiatowa,Dwie jezdnie jednokierunkowe,N,POWIAT RADOM,RADOM - OBSZAR MIEJSKI
1,0,1,2014,Dobre warunki atmosferyczne,Zderzenie pojazdów tylne,Dobre warunki atmosferyczne,Noc - droga oświetlona,Jezdnia,EWK-98705537N,20,2014-12-30,Ciężko,19*38'582,52*35'193,P,Obszar zabudowany,Odcinek prosty,Droga powiatowa,Jednojezdniowa dwukierunkowa,N,POWIAT PŁOCK,PŁOCK - OBSZAR MIEJSKI
1,0,4,2014,Dobre warunki atmosferyczne,Zderzenie pojazdów tylne,Dobre warunki atmosferyczne,Noc - droga oświetlona,Jezdnia,EWK-98705537N,20,2014-12-30,Lekko,19*38'582,52*35'193,P,Obszar zabudowany,Odcinek prosty,Droga powiatowa,Jednojezdniowa dwukierunkowa,N,POWIAT PŁOCK,PŁOCK - OBSZAR MIEJSKI
1,0,0,2014,Dobre warunki atmosferyczne,Zderzenie pojazdów tylne,Dobre warunki atmosferyczne,Noc - droga oświetlona,Jezdnia,EWK-98705537N,20,2014-12-30,Nieokreślone (puste pole),19*38'582,52*35'193,P,Obszar zabudowany,Odcinek prosty,Droga powiatowa,Jednojezdniowa dwukierunkowa,N,POWIAT PŁOCK,PŁOCK - OBSZAR MIEJSKI
1,0,1,2014,Dobre warunki atmosferyczne,Zderzenie pojazdów tylne,Dobre warunki atmosferyczne,Noc - droga oświetlona,Pobocze,EWK-98683568G,17,2014-12-13,Ciężko,20*03'187,53*08'039,P4602W,Obszar zabudowany,Odcinek prosty,Droga powiatowa,Jednojezdniowa dwukierunkowa,N,POWIAT ŻUROMIŃSKI,KUCZBORK-OSADA - OBSZAR WIEJSKI
1,0,0,2014,Dobre warunki atmosferyczne,Zderzenie pojazdów tylne,Dobre warunki atmosferyczne,Noc - droga oświetlona,Pobocze,EWK-98683568G,17,2014-12-13,Nieokreślone (puste pole),20*03'187,53*08'039,P4602W,Obszar zabudowany,Odcinek prosty,Droga powiatowa,Jednojezdniowa dwukierunkowa,N,POWIAT ŻUROMIŃSKI,KUCZBORK-OSADA - OBSZAR WIEJSKI
1,0,1,2014,Dobre warunki atmosferyczne,Zderzenie pojazdów tylne,Dobre warunki atmosferyczne,"Zmrok, świt",Jezdnia,EWK-98150040K,17,2014-03-04,Lekko,20*05'571,52*25'011,62,Obszar niezabudowany,Odcinek prosty,Droga krajowa,Jednojezdniowa dwukierunkowa,T,POWIAT PŁOCKI,MAŁA WIEŚ - OBSZAR WIEJSKI
1,1,0,2014,Dobre warunki atmosferyczne,Zderzenie pojazdów tylne,Dobre warunki atmosferyczne,"Zmrok, świt",Jezdnia,EWK-98150040K,17,2014-03-04,Nieokreślone (puste pole),20*05'571,52*25'011,62,Obszar niezabudowany,Odcinek prosty,Droga krajowa,Jednojezdniowa dwukierunkowa,T,POWIAT PŁOCKI,MAŁA WIEŚ - OBSZAR WIEJSKI
1,0,1,2014,Dobre warunki atmosferyczne,Zderzenie pojazdów tylne,Dobre warunki atmosferyczne,"Zmrok, świt",Jezdnia,EWK-98152141F,5,2014-03-10,Lekko,21*09'360,51*38'431,48,Obszar niezabudowany,"Zakręt, łuk",Droga krajowa,Jednojezdniowa dwukierunkowa,N,POWIAT BIAŁOBRZESKI,STROMIEC - OBSZAR WIEJSKI
1,0,0,2014,Dobre warunki atmosferyczne,Zderzenie pojazdów tylne,Dobre warunki atmosferyczne,"Zmrok, świt",Jezdnia,EWK-98152141F,5,2014-03-10,Nieokreślone (puste pole),21*09'360,51*38'431,48,Obszar niezabudowany,"Zakręt, łuk",Droga krajowa,Jednojezdniowa dwukierunkowa,N,POWIAT BIAŁOBRZESKI,STROMIEC - OBSZAR WIEJSKI
1,0,5,2014,Dobre warunki atmosferyczne,Zderzenie pojazdów tylne,Dobre warunki atmosferyczne,"Zmrok, świt",Jezdnia,EWK-98195005P,16,2014-04-11,Lekko,21*53'005,52*31'591,36111W,Obszar niezabudowany,,Droga powiatowa,Jednojezdniowa dwukierunkowa,N,POWIAT WĘGROWSKI,STOCZEK - OBSZAR WIEJSKI
1,0,0,2014,Dobre warunki atmosferyczne,Zderzenie pojazdów tylne,Dobre warunki atmosferyczne,"Zmrok, świt",Jezdnia,EWK-98195005P,16,2014-04-11,Nieokreślone (puste pole),21*53'005,52*31'591,36111W,Obszar niezabudowany,,Droga powiatowa,Jednojezdniowa dwukierunkowa,N,POWIAT WĘGROWSKI,STOCZEK - OBSZAR WIEJSKI
1,0,2,2014,Dobre warunki atmosferyczne,Zderzenie pojazdów tylne,Dobre warunki atmosferyczne,"Zmrok, świt",Jezdnia,EWK-98327656C,21,2014-07-20,Lekko,20*06'182,52*34'296,P2924W,Obszar niezabudowany,Odcinek prosty,Droga powiatowa,Jednojezdniowa dwukierunkowa,N,POWIAT PŁOCKI,BULKOWO - OBSZAR WIEJSKI
1,0,0,2014,Dobre warunki atmosferyczne,Zderzenie pojazdów tylne,Dobre warunki atmosferyczne,"Zmrok, świt",Jezdnia,EWK-98327656C,21,2014-07-20,Nieokreślone (puste pole),20*06'182,52*34'296,P2924W,Obszar niezabudowany,Odcinek prosty,Droga powiatowa,Jednojezdniowa dwukierunkowa,N,POWIAT PŁOCKI,BULKOWO - OBSZAR WIEJSKI
1,0,1,2014,Dobre warunki atmosferyczne,Zderzenie pojazdów tylne,Dobre warunki atmosferyczne,"Zmrok, świt",Jezdnia,EWK-98618976D,17,2014-10-26,Lekko,19*45'059,52*32'131,62,Obszar zabudowany,Odcinek prosty,Droga krajowa,Dwie jezdnie jednokierunkowe,N,POWIAT PŁOCK,PŁOCK - OBSZAR MIEJSKI
1,0,0,2014,Dobre warunki atmosferyczne,Zderzenie pojazdów tylne,Dobre warunki atmosferyczne,"Zmrok, świt",Jezdnia,EWK-98618976D,17,2014-10-26,Nieokreślone (puste pole),19*45'059,52*32'131,62,Obszar zabudowany,Odcinek prosty,Droga krajowa,Dwie jezdnie jednokierunkowe,N,POWIAT PŁOCK,PŁOCK - OBSZAR MIEJSKI
1,0,2,2014,Dobre warunki atmosferyczne,Zderzenie pojazdów tylne,Dobre warunki atmosferyczne,"Zmrok, świt",Jezdnia,EWK-98638322Q,16,2014-11-07,Ciężko,22*52'396,52*19'464,19,Obszar niezabudowany,Odcinek prosty,Droga krajowa,Jednojezdniowa dwukierunkowa,N,POWIAT ŁOSICKI,SARNAKI - OBSZAR WIEJSKI
1,0,0,2014,Dobre warunki atmosferyczne,Zderzenie pojazdów tylne,Dobre warunki atmosferyczne,"Zmrok, świt",Jezdnia,EWK-98638322Q,16,2014-11-07,Nieokreślone (puste pole),22*52'396,52*19'464,19,Obszar niezabudowany,Odcinek prosty,Droga krajowa,Jednojezdniowa dwukierunkowa,N,POWIAT ŁOSICKI,SARNAKI - OBSZAR WIEJSKI
1,1,0,2014,Dobre warunki atmosferyczne,Zderzenie pojazdów tylne,Dobre warunki atmosferyczne,"Zmrok, świt",Jezdnia,EWK-98642841Q,16,2014-11-13,Nieokreślone (puste pole),19*46'375,52*31'523,62,Obszar zabudowany,,Droga krajowa,Jednojezdniowa dwukierunkowa,N,POWIAT PŁOCK,PŁOCK - OBSZAR MIEJSKI
1,0,1,2014,Dobre warunki atmosferyczne,Zderzenie pojazdów tylne,Dobre warunki atmosferyczne,"Zmrok, świt",Jezdnia,EWK-98654396F,5,2014-11-20,Ciężko,20*22'114,52*40'337,7,Obszar niezabudowany,Odcinek prosty,Droga krajowa,Jednojezdniowa dwukierunkowa,N,POWIAT PŁOŃSKI,PŁOŃSK - OBSZAR WIEJSKI
1,0,1,2014,Dobre warunki atmosferyczne,Zderzenie pojazdów tylne,Dobre warunki atmosferyczne,"Zmrok, świt",Jezdnia,EWK-98654396F,5,2014-11-20,Lekko,20*22'114,52*40'337,7,Obszar niezabudowany,Odcinek prosty,Droga krajowa,Jednojezdniowa dwukierunkowa,N,POWIAT PŁOŃSKI,PŁOŃSK - OBSZAR WIEJSKI
1,0,0,2014,Dobre warunki atmosferyczne,Zderzenie pojazdów tylne,Dobre warunki atmosferyczne,"Zmrok, świt",Jezdnia,EWK-98654396F,5,2014-11-20,Nieokreślone (puste pole),20*22'114,52*40'337,7,Obszar niezabudowany,Odcinek prosty,Droga krajowa,Jednojezdniowa dwukierunkowa,N,POWIAT PŁOŃSKI,PŁOŃSK - OBSZAR WIEJSKI
1,0,2,2014,Dobre warunki atmosferyczne,Zderzenie pojazdów tylne,Dobre warunki atmosferyczne,"Zmrok, świt",Jezdnia,EWK-98681441T,16,2014-12-12,Lekko,21*09'158,51*24'454,,Obszar zabudowany,,Nieokreślone (puste pole),Dwie jezdnie jednokierunkowe,N,POWIAT RADOM,RADOM - OBSZAR MIEJSKI
1,0,0,2014,Dobre warunki atmosferyczne,Zderzenie pojazdów tylne,Dobre warunki atmosferyczne,"Zmrok, świt",Jezdnia,EWK-98681441T,16,2014-12-12,Nieokreślone (puste pole),21*09'158,51*24'454,,Obszar zabudowany,,Nieokreślone (puste pole),Dwie jezdnie jednokierunkowe,N,POWIAT RADOM,RADOM - OBSZAR MIEJSKI
1,0,1,2014,Dobre warunki atmosferyczne,Zderzenie pojazdów tylne,Dobre warunki atmosferyczne,"Zmrok, świt",Jezdnia,EWK-98685082G,6,2014-12-16,Lekko,21*09'390,51*38'426,48,Obszar niezabudowany,Odcinek prosty,Droga krajowa,Jednojezdniowa dwukierunkowa,N,POWIAT BIAŁOBRZESKI,STROMIEC - OBSZAR WIEJSKI
1,0,0,2014,Dobre warunki atmosferyczne,Zderzenie pojazdów tylne,Dobre warunki atmosferyczne,"Zmrok, świt",Jezdnia,EWK-98685082G,6,2014-12-16,Nieokreślone (puste pole),21*09'390,51*38'426,48,Obszar niezabudowany,Odcinek prosty,Droga krajowa,Jednojezdniowa dwukierunkowa,N,POWIAT BIAŁOBRZESKI,STROMIEC - OBSZAR WIEJSKI
1,0,2,2014,Dobre warunki atmosferyczne,Zderzenie pojazdów tylne,Dobre warunki atmosferyczne,"Zmrok, świt",Pobocze,EWK-98378840F,20,2014-08-22,Lekko,21*43'412,51*47'207,17,Obszar niezabudowany,Odcinek prosty,Droga krajowa,Jednojezdniowa dwukierunkowa,N,POWIAT GARWOLIŃSKI,SOBOLEW - OBSZAR WIEJSKI
1,0,1,2014,Dobre warunki atmosferyczne,Zderzenie pojazdów tylne,Dobre warunki atmosferyczne,Światło dzienne,"Chodnik, droga dla pieszych",EWK-98245727A,14,2014-05-22,Lekko,19*41'365,52*32'147,GMINNA,Obszar zabudowany,Odcinek prosty,Droga gminna,Jednojezdniowa dwukierunkowa,N,POWIAT PŁOCK,PŁOCK - OBSZAR MIEJSKI
1,0,0,2014,Dobre warunki atmosferyczne,Zderzenie pojazdów tylne,Dobre warunki atmosferyczne,Światło dzienne,"Chodnik, droga dla pieszych",EWK-98245727A,14,2014-05-22,Nieokreślone (puste pole),19*41'365,52*32'147,GMINNA,Obszar zabudowany,Odcinek prosty,Droga gminna,Jednojezdniowa dwukierunkowa,N,POWIAT PŁOCK,PŁOCK - OBSZAR MIEJSKI
1,0,1,2014,Dobre warunki atmosferyczne,Zderzenie pojazdów tylne,Dobre warunki atmosferyczne,Światło dzienne,"Chodnik, droga dla pieszych",EWK-98358545D,16,2014-08-04,Lekko,22*20'495,52*34'022,36130W,Obszar zabudowany,Odcinek prosty,Droga powiatowa,Jednojezdniowa dwukierunkowa,N,POWIAT SOKOŁOWSKI,STERDYŃ - OBSZAR WIEJSKI
1,0,0,2014,Dobre warunki atmosferyczne,Zderzenie pojazdów tylne,Dobre warunki atmosferyczne,Światło dzienne,"Chodnik, droga dla pieszych",EWK-98358545D,16,2014-08-04,Nieokreślone (puste pole),22*20'495,52*34'022,36130W,Obszar zabudowany,Odcinek prosty,Droga powiatowa,Jednojezdniowa dwukierunkowa,N,POWIAT SOKOŁOWSKI,STERDYŃ - OBSZAR WIEJSKI
1,0,1,2014,Dobre warunki atmosferyczne,Zderzenie pojazdów tylne,Dobre warunki atmosferyczne,Światło dzienne,Droga dla rowerzystów,EWK-98329957J,6,2014-07-23,Lekko,19*40'405,52*33'524,P,Obszar zabudowany,Odcinek prosty,Droga powiatowa,Jednojezdniowa dwukierunkowa,N,POWIAT PŁOCK,PŁOCK - OBSZAR MIEJSKI