Liczba wypadków,Liczba zabitych,Liczba rannych,Rok,Warunki atmosferyczne,Rodzaj zdarzenia,Warunki atmosferyczne,Oświetlenie,Charakterystyka miejsca zdarzenia,IDKSIP zdarzenia,Godzina,Dzień,Ranny,GPS x,GPS y,Numer drogi,Obszar,Geometria drogi,Kategoria drogi 1,Rodzaj drogi,Czy w zdarzeniu był sprawca nietrzeźwy,Powiat,Gmina
1,0,1,2014,Dobre warunki atmosferyczne,Zderzenie pojazdów tylne,Dobre warunki atmosferyczne,Światło dzienne,Jezdnia,EWK-98270605N,5,2014-06-10,Ciężko,20*17'233,52*26'393,P2991W,Obszar zabudowany,Odcinek prosty,Droga powiatowa,Jednojezdniowa dwukierunkowa,N,POWIAT PŁOŃSKI,CZERWIŃSK NAD WISŁĄ - OBSZAR WIEJSKI
1,0,4,2014,Dobre warunki atmosferyczne,Zderzenie pojazdów tylne,Dobre warunki atmosferyczne,Światło dzienne,Jezdnia,EWK-98270605N,5,2014-06-10,Lekko,20*17'233,52*26'393,P2991W,Obszar zabudowany,Odcinek prosty,Droga powiatowa,Jednojezdniowa dwukierunkowa,N,POWIAT PŁOŃSKI,CZERWIŃSK NAD WISŁĄ - OBSZAR WIEJSKI
1,0,0,2014,Dobre warunki atmosferyczne,Zderzenie pojazdów tylne,Dobre warunki atmosferyczne,Światło dzienne,Jezdnia,EWK-98270605N,5,2014-06-10,Nieokreślone (puste pole),20*17'233,52*26'393,P2991W,Obszar zabudowany,Odcinek prosty,Droga powiatowa,Jednojezdniowa dwukierunkowa,N,POWIAT PŁOŃSKI,CZERWIŃSK NAD WISŁĄ - OBSZAR WIEJSKI
1,0,1,2014,Dobre warunki atmosferyczne,Zderzenie pojazdów tylne,Dobre warunki atmosferyczne,Światło dzienne,Jezdnia,EWK-98272940X,3,2014-06-13,Lekko,19*57'387,52*43'063,60,Obszar niezabudowany,Odcinek prosty,Droga krajowa,Jednojezdniowa dwukierunkowa,N,POWIAT PŁOCKI,DROBIN - OBSZAR WIEJSKI
1,0,0,2014,Dobre warunki atmosferyczne,Zderzenie pojazdów tylne,Dobre warunki atmosferyczne,Światło dzienne,Jezdnia,EWK-98272940X,3,2014-06-13,Nieokreślone (puste pole),19*57'387,52*43'063,60,Obszar niezabudowany,Odcinek prosty,Droga krajowa,Jednojezdniowa dwukierunkowa,N,POWIAT PŁOCKI,DROBIN - OBSZAR WIEJSKI
1,0,1,2014,Dobre warunki atmosferyczne,Zderzenie pojazdów tylne,Dobre warunki atmosferyczne,Światło dzienne,Jezdnia,EWK-98277931L,10,2014-06-14,Ciężko,21*25'299,52*35'159,62,Obszar zabudowany,Odcinek prosty,Droga krajowa,Jednojezdniowa dwukierunkowa,N,POWIAT WYSZKOWSKI,WYSZKÓW - OBSZAR WIEJSKI
1,0,1,2014,Dobre warunki atmosferyczne,Zderzenie pojazdów tylne,Dobre warunki atmosferyczne,Światło dzienne,Jezdnia,EWK-98277931L,10,2014-06-14,Lekko,21*25'299,52*35'159,62,Obszar zabudowany,Odcinek prosty,Droga krajowa,Jednojezdniowa dwukierunkowa,N,POWIAT WYSZKOWSKI,WYSZKÓW - OBSZAR WIEJSKI
1,0,0,2014,Dobre warunki atmosferyczne,Zderzenie pojazdów tylne,Dobre warunki atmosferyczne,Światło dzienne,Jezdnia,EWK-98277931L,10,2014-06-14,Nieokreślone (puste pole),21*25'299,52*35'159,62,Obszar zabudowany,Odcinek prosty,Droga krajowa,Jednojezdniowa dwukierunkowa,N,POWIAT WYSZKOWSKI,WYSZKÓW - OBSZAR WIEJSKI
1,0,1,2014,Dobre warunki atmosferyczne,Zderzenie pojazdów tylne,Dobre warunki atmosferyczne,Światło dzienne,Jezdnia,EWK-98278384T,5,2014-06-17,Lekko,19*42'505,52*32'539,P,Obszar zabudowany,Odcinek prosty,Droga powiatowa,Jednojezdniowa dwukierunkowa,N,POWIAT PŁOCK,PŁOCK - OBSZAR MIEJSKI
1,0,0,2014,Dobre warunki atmosferyczne,Zderzenie pojazdów tylne,Dobre warunki atmosferyczne,Światło dzienne,Jezdnia,EWK-98278384T,5,2014-06-17,Nieokreślone (puste pole),19*42'505,52*32'539,P,Obszar zabudowany,Odcinek prosty,Droga powiatowa,Jednojezdniowa dwukierunkowa,N,POWIAT PŁOCK,PŁOCK - OBSZAR MIEJSKI
1,0,2,2014,Dobre warunki atmosferyczne,Zderzenie pojazdów tylne,Dobre warunki atmosferyczne,Światło dzienne,Jezdnia,EWK-98278789N,13,2014-06-17,Ciężko,21*38'333,53*18'365,645,Obszar niezabudowany,"Zakręt, łuk",Droga wojewódzka,Jednojezdniowa dwukierunkowa,N,POWIAT OSTROŁĘCKI,ŁYSE - OBSZAR WIEJSKI
1,0,4,2014,Dobre warunki atmosferyczne,Zderzenie pojazdów tylne,Dobre warunki atmosferyczne,Światło dzienne,Jezdnia,EWK-98278789N,13,2014-06-17,Lekko,21*38'333,53*18'365,645,Obszar niezabudowany,"Zakręt, łuk",Droga wojewódzka,Jednojezdniowa dwukierunkowa,N,POWIAT OSTROŁĘCKI,ŁYSE - OBSZAR WIEJSKI
1,0,1,2014,Dobre warunki atmosferyczne,Zderzenie pojazdów tylne,Dobre warunki atmosferyczne,Światło dzienne,Jezdnia,EWK-98280016D,20,2014-06-17,Lekko,21*00'016,51*23'086,12,Obszar niezabudowany,Odcinek prosty,Droga krajowa,Jednojezdniowa dwukierunkowa,N,POWIAT RADOMSKI,WOLANÓW - OBSZAR WIEJSKI
1,0,0,2014,Dobre warunki atmosferyczne,Zderzenie pojazdów tylne,Dobre warunki atmosferyczne,Światło dzienne,Jezdnia,EWK-98280016D,20,2014-06-17,Nieokreślone (puste pole),21*00'016,51*23'086,12,Obszar niezabudowany,Odcinek prosty,Droga krajowa,Jednojezdniowa dwukierunkowa,N,POWIAT RADOMSKI,WOLANÓW - OBSZAR WIEJSKI
1,0,1,2014,Dobre warunki atmosferyczne,Zderzenie pojazdów tylne,Dobre warunki atmosferyczne,Światło dzienne,Jezdnia,EWK-98280342C,11,2014-06-16,Lekko,20*23'299,52*05'454,A2,Obszar niezabudowany,Odcinek prosty,Autostrada,Autostrada,N,POWIAT ŻYRARDOWSKI,WISKITKI - OBSZAR WIEJSKI
1,0,0,2014,Dobre warunki atmosferyczne,Zderzenie pojazdów tylne,Dobre warunki atmosferyczne,Światło dzienne,Jezdnia,EWK-98280342C,11,2014-06-16,Nieokreślone (puste pole),20*23'299,52*05'454,A2,Obszar niezabudowany,Odcinek prosty,Autostrada,Autostrada,N,POWIAT ŻYRARDOWSKI,WISKITKI - OBSZAR WIEJSKI
1,0,2,2014,Dobre warunki atmosferyczne,Zderzenie pojazdów tylne,Dobre warunki atmosferyczne,Światło dzienne,Jezdnia,EWK-98280564C,20,2014-06-18,Lekko,20*22'402,53*07'230,GMINNA,Obszar zabudowany,,Droga gminna,Jednojezdniowa dwukierunkowa,N,POWIAT MŁAWSKI,MŁAWA - OBSZAR MIEJSKI
1,0,1,2014,Dobre warunki atmosferyczne,Zderzenie pojazdów tylne,Dobre warunki atmosferyczne,Światło dzienne,Jezdnia,EWK-98284107X,10,2014-06-19,Ciężko,20*19'462,52*42'376,7,Obszar niezabudowany,Odcinek prosty,Droga krajowa,Jednojezdniowa dwukierunkowa,T,POWIAT PŁOŃSKI,BABOSZEWO - OBSZAR WIEJSKI
1,0,0,2014,Dobre warunki atmosferyczne,Zderzenie pojazdów tylne,Dobre warunki atmosferyczne,Światło dzienne,Jezdnia,EWK-98284107X,10,2014-06-19,Nieokreślone (puste pole),20*19'462,52*42'376,7,Obszar niezabudowany,Odcinek prosty,Droga krajowa,Jednojezdniowa dwukierunkowa,T,POWIAT PŁOŃSKI,BABOSZEWO - OBSZAR WIEJSKI
1,0,1,2014,Dobre warunki atmosferyczne,Zderzenie pojazdów tylne,Dobre warunki atmosferyczne,Światło dzienne,Jezdnia,EWK-98286646Q,18,2014-06-24,Lekko,21*13'047,51*20'578,9,Obszar zabudowany,Odcinek prosty,Droga krajowa,Jednojezdniowa dwukierunkowa,N,POWIAT RADOMSKI,SKARYSZEW - OBSZAR WIEJSKI
1,0,0,2014,Dobre warunki atmosferyczne,Zderzenie pojazdów tylne,Dobre warunki atmosferyczne,Światło dzienne,Jezdnia,EWK-98286646Q,18,2014-06-24,Nieokreślone (puste pole),21*13'047,51*20'578,9,Obszar zabudowany,Odcinek prosty,Droga krajowa,Jednojezdniowa dwukierunkowa,N,POWIAT RADOMSKI,SKARYSZEW - OBSZAR WIEJSKI
1,0,1,2014,Dobre warunki atmosferyczne,Zderzenie pojazdów tylne,Dobre warunki atmosferyczne,Światło dzienne,Jezdnia,EWK-98287725H,9,2014-06-25,Lekko,19*41'556,52*32'541,60,Obszar zabudowany,Odcinek prosty,Droga krajowa,Dwie jezdnie jednokierunkowe,N,POWIAT PŁOCK,PŁOCK - OBSZAR MIEJSKI
1,0,0,2014,Dobre warunki atmosferyczne,Zderzenie pojazdów tylne,Dobre warunki atmosferyczne,Światło dzienne,Jezdnia,EWK-98287725H,9,2014-06-25,Nieokreślone (puste pole),19*41'556,52*32'541,60,Obszar zabudowany,Odcinek prosty,Droga krajowa,Dwie jezdnie jednokierunkowe,N,POWIAT PŁOCK,PŁOCK - OBSZAR MIEJSKI
1,0,1,2014,Dobre warunki atmosferyczne,Zderzenie pojazdów tylne,Dobre warunki atmosferyczne,Światło dzienne,Jezdnia,EWK-98292722F,9,2014-06-22,Lekko,21*30'266,52*37'350,S8W,Obszar niezabudowany,Odcinek prosty,Droga krajowa,Ekspresowa,N,POWIAT WYSZKOWSKI,BRAŃSZCZYK - OBSZAR WIEJSKI
1,0,0,2014,Dobre warunki atmosferyczne,Zderzenie pojazdów tylne,Dobre warunki atmosferyczne,Światło dzienne,Jezdnia,EWK-98292722F,9,2014-06-22,Nieokreślone (puste pole),21*30'266,52*37'350,S8W,Obszar niezabudowany,Odcinek prosty,Droga krajowa,Ekspresowa,N,POWIAT WYSZKOWSKI,BRAŃSZCZYK - OBSZAR WIEJSKI
1,0,1,2014,Dobre warunki atmosferyczne,Zderzenie pojazdów tylne,Dobre warunki atmosferyczne,Światło dzienne,Jezdnia,EWK-98295003L,15,2014-06-27,Lekko,20*28'411,52*12'271,92,Obszar niezabudowany,Odcinek prosty,Droga krajowa,Jednojezdniowa dwukierunkowa,N,POWIAT SOCHACZEWSKI,TERESIN - OBSZAR WIEJSKI
1,0,0,2014,Dobre warunki atmosferyczne,Zderzenie pojazdów tylne,Dobre warunki atmosferyczne,Światło dzienne,Jezdnia,EWK-98295003L,15,2014-06-27,Nieokreślone (puste pole),20*28'411,52*12'271,92,Obszar niezabudowany,Odcinek prosty,Droga krajowa,Jednojezdniowa dwukierunkowa,N,POWIAT SOCHACZEWSKI,TERESIN - OBSZAR WIEJSKI
1,0,3,2014,Dobre warunki atmosferyczne,Zderzenie pojazdów tylne,Dobre warunki atmosferyczne,Światło dzienne,Jezdnia,EWK-98300830F,8,2014-06-07,Lekko,21*40'542,51*49'570,17,Obszar niezabudowany,Odcinek prosty,Droga krajowa,Jednojezdniowa dwukierunkowa,N,POWIAT GARWOLIŃSKI,GÓRZNO - OBSZAR WIEJSKI
1,0,0,2014,Dobre warunki atmosferyczne,Zderzenie pojazdów tylne,Dobre warunki atmosferyczne,Światło dzienne,Jezdnia,EWK-98300830F,8,2014-06-07,Nieokreślone (puste pole),21*40'542,51*49'570,17,Obszar niezabudowany,Odcinek prosty,Droga krajowa,Jednojezdniowa dwukierunkowa,N,POWIAT GARWOLIŃSKI,GÓRZNO - OBSZAR WIEJSKI
1,0,1,2014,Dobre warunki atmosferyczne,Zderzenie pojazdów tylne,Dobre warunki atmosferyczne,Światło dzienne,Jezdnia,EWK-98303895E,19,2014-07-03,Lekko,21*19'017,51*46'557,W736,Obszar zabudowany,Odcinek prosty,Droga wojewódzka,Jednojezdniowa dwukierunkowa,N,POWIAT KOZIENICKI,MAGNUSZEW - OBSZAR WIEJSKI
1,0,0,2014,Dobre warunki atmosferyczne,Zderzenie pojazdów tylne,Dobre warunki atmosferyczne,Światło dzienne,Jezdnia,EWK-98303895E,19,2014-07-03,Nieokreślone (puste pole),21*19'017,51*46'557,W736,Obszar zabudowany,Odcinek prosty,Droga wojewódzka,Jednojezdniowa dwukierunkowa,N,POWIAT KOZIENICKI,MAGNUSZEW - OBSZAR WIEJSKI
1,1,0,2014,Dobre warunki atmosferyczne,Zderzenie pojazdów tylne,Dobre warunki atmosferyczne,Światło dzienne,Jezdnia,EWK-98307329G,9,2014-07-08,Nieokreślone (puste pole),22*12'093,52*27'465,627,Obszar niezabudowany,Odcinek prosty,Droga wojewódzka,Jednojezdniowa dwukierunkowa,N,POWIAT SOKOŁOWSKI,SOKOŁÓW PODLASKI - OBSZAR WIEJSKI
1,0,1,2014,Dobre warunki atmosferyczne,Zderzenie pojazdów tylne,Dobre warunki atmosferyczne,Światło dzienne,Jezdnia,EWK-98307383C,18,2014-07-05,Ciężko,21*41'392,52*50'568,60,Obszar niezabudowany,Odcinek prosty,Droga krajowa,Jednojezdniowa dwukierunkowa,N,POWIAT OSTROWSKI,WĄSEWO - OBSZAR WIEJSKI
1,0,0,2014,Dobre warunki atmosferyczne,Zderzenie pojazdów tylne,Dobre warunki atmosferyczne,Światło dzienne,Jezdnia,EWK-98307383C,18,2014-07-05,Nieokreślone (puste pole),21*41'392,52*50'568,60,Obszar niezabudowany,Odcinek prosty,Droga krajowa,Jednojezdniowa dwukierunkowa,N,POWIAT OSTROWSKI,WĄSEWO - OBSZAR WIEJSKI
1,0,1,2014,Dobre warunki atmosferyczne,Zderzenie pojazdów tylne,Dobre warunki atmosferyczne,Światło dzienne,Jezdnia,EWK-98308107U,10,2014-07-07,Lekko,21*08'568,51*23'591,P5320W,Obszar zabudowany,Odcinek prosty,Droga powiatowa,Jednojezdniowa dwukierunkowa,N,POWIAT RADOM,RADOM - OBSZAR MIEJSKI
1,0,0,2014,Dobre warunki atmosferyczne,Zderzenie pojazdów tylne,Dobre warunki atmosferyczne,Światło dzienne,Jezdnia,EWK-98308107U,10,2014-07-07,Nieokreślone (puste pole),21*08'568,51*23'591,P5320W,Obszar zabudowany,Odcinek prosty,Droga powiatowa,Jednojezdniowa dwukierunkowa,N,POWIAT RADOM,RADOM - OBSZAR MIEJSKI
1,1,0,2014,Dobre warunki atmosferyczne,Zderzenie pojazdów tylne,Dobre warunki atmosferyczne,Światło dzienne,Jezdnia,EWK-98310117A,6,2014-07-09,Nieokreślone (puste pole),19*45'359,52*40'089,540,Obszar niezabudowany,Odcinek prosty,Droga wojewódzka,Jednojezdniowa dwukierunkowa,N,POWIAT PŁOCKI,BIELSK - OBSZAR WIEJSKI
1,0,1,2014,Dobre warunki atmosferyczne,Zderzenie pojazdów tylne,Dobre warunki atmosferyczne,Światło dzienne,Jezdnia,EWK-98317388U,18,2014-07-08,Lekko,19*48'460,52*45'126,P3758W,Obszar niezabudowany,Odcinek prosty,Droga powiatowa,Jednojezdniowa dwukierunkowa,T,POWIAT SIERPECKI,GOZDOWO - OBSZAR WIEJSKI
1,0,0,2014,Dobre warunki atmosferyczne,Zderzenie pojazdów tylne,Dobre warunki atmosferyczne,Światło dzienne,Jezdnia,EWK-98317388U,18,2014-07-08,Nieokreślone (puste pole),19*48'460,52*45'126,P3758W,Obszar niezabudowany,Odcinek prosty,Droga powiatowa,Jednojezdniowa dwukierunkowa,T,POWIAT SIERPECKI,GOZDOWO - OBSZAR WIEJSKI
1,0,1,2014,Dobre warunki atmosferyczne,Zderzenie pojazdów tylne,Dobre warunki atmosferyczne,Światło dzienne,Jezdnia,EWK-98318901P,15,2014-07-14,Ciężko,21*11'499,51*27'257,P1715W,Obszar niezabudowany,Odcinek prosty,Droga powiatowa,Jednojezdniowa dwukierunkowa,N,POWIAT RADOM,RADOM - OBSZAR MIEJSKI
1,0,0,2014,Dobre warunki atmosferyczne,Zderzenie pojazdów tylne,Dobre warunki atmosferyczne,Światło dzienne,Jezdnia,EWK-98318901P,15,2014-07-14,Nieokreślone (puste pole),21*11'499,51*27'257,P1715W,Obszar niezabudowany,Odcinek prosty,Droga powiatowa,Jednojezdniowa dwukierunkowa,N,POWIAT RADOM,RADOM - OBSZAR MIEJSKI
1,0,1,2014,Dobre warunki atmosferyczne,Zderzenie pojazdów tylne,Dobre warunki atmosferyczne,Światło dzienne,Jezdnia,EWK-98320545W,16,2014-07-11,Lekko,20*37'472,51*56'021,50,Obszar niezabudowany,Odcinek prosty,Droga krajowa,Jednojezdniowa dwukierunkowa,N,POWIAT ŻYRARDOWSKI,MSZCZONÓW - OBSZAR WIEJSKI
1,0,0,2014,Dobre warunki atmosferyczne,Zderzenie pojazdów tylne,Dobre warunki atmosferyczne,Światło dzienne,Jezdnia,EWK-98320545W,16,2014-07-11,Nieokreślone (puste pole),20*37'472,51*56'021,50,Obszar niezabudowany,Odcinek prosty,Droga krajowa,Jednojezdniowa dwukierunkowa,N,POWIAT ŻYRARDOWSKI,MSZCZONÓW - OBSZAR WIEJSKI
1,1,0,2014,Dobre warunki atmosferyczne,Zderzenie pojazdów tylne,Dobre warunki atmosferyczne,Światło dzienne,Jezdnia,EWK-98321223A,11,2014-07-14,Nieokreślone (puste pole),20*12'373,52*27'151,50,Obszar niezabudowany,Odcinek prosty,Droga krajowa,Jednojezdniowa dwukierunkowa,N,POWIAT PŁOCKI,WYSZOGRÓD - OBSZAR WIEJSKI
1,0,1,2014,Dobre warunki atmosferyczne,Zderzenie pojazdów tylne,Dobre warunki atmosferyczne,Światło dzienne,Jezdnia,EWK-98321240T,18,2014-07-15,Lekko,19*44'566,52*32'144,62,Obszar zabudowany,,Droga krajowa,Dwie jezdnie jednokierunkowe,N,POWIAT PŁOCK,PŁOCK - OBSZAR MIEJSKI
1,0,0,2014,Dobre warunki atmosferyczne,Zderzenie pojazdów tylne,Dobre warunki atmosferyczne,Światło dzienne,Jezdnia,EWK-98321240T,18,2014-07-15,Nieokreślone (puste pole),19*44'566,52*32'144,62,Obszar zabudowany,,Droga krajowa,Dwie jezdnie jednokierunkowe,N,POWIAT PŁOCK,PŁOCK - OBSZAR MIEJSKI
1,0,3,2014,Dobre warunki atmosferyczne,Zderzenie pojazdów tylne,Dobre warunki atmosferyczne,Światło dzienne,Jezdnia,EWK-98321694T,17,2014-07-13,Lekko,21*44'496,51*57'018,76,Obszar niezabudowany,Odcinek prosty,Droga krajowa,Jednojezdniowa dwukierunkowa,N,POWIAT GARWOLIŃSKI,BOROWIE - OBSZAR WIEJSKI
1,1,0,2014,Dobre warunki atmosferyczne,Zderzenie pojazdów tylne,Dobre warunki atmosferyczne,Światło dzienne,Jezdnia,EWK-98321694T,17,2014-07-13,Nieokreślone (puste pole),21*44'496,51*57'018,76,Obszar niezabudowany,Odcinek prosty,Droga krajowa,Jednojezdniowa dwukierunkowa,N,POWIAT GARWOLIŃSKI,BOROWIE - OBSZAR WIEJSKI
1,0,1,2014,Dobre warunki atmosferyczne,Zderzenie pojazdów tylne,Dobre warunki atmosferyczne,Światło dzienne,Jezdnia,EWK-98323628Q,16,2014-07-14,Lekko,20*58'114,51*38'055,S7D,Obszar niezabudowany,Odcinek prosty,Droga krajowa,Ekspresowa,N,POWIAT BIAŁOBRZESKI,BIAŁOBRZEGI - OBSZAR WIEJSKI
1,0,0,2014,Dobre warunki atmosferyczne,Zderzenie pojazdów tylne,Dobre warunki atmosferyczne,Światło dzienne,Jezdnia,EWK-98323628Q,16,2014-07-14,Nieokreślone (puste pole),20*58'114,51*38'055,S7D,Obszar niezabudowany,Odcinek prosty,Droga krajowa,Ekspresowa,N,POWIAT BIAŁOBRZESKI,BIAŁOBRZEGI - OBSZAR WIEJSKI
1,0,1,2014,Dobre warunki atmosferyczne,Zderzenie pojazdów tylne,Dobre warunki atmosferyczne,Światło dzienne,Jezdnia,EWK-98324026Y,7,2014-07-15,Lekko,20*10'592,52*23'077,50,Obszar niezabudowany,Odcinek prosty,Droga krajowa,Jednojezdniowa dwukierunkowa,N,POWIAT PŁOCKI,WYSZOGRÓD - OBSZAR MIEJSKI
1,0,0,2014,Dobre warunki atmosferyczne,Zderzenie pojazdów tylne,Dobre warunki atmosferyczne,Światło dzienne,Jezdnia,EWK-98324026Y,7,2014-07-15,Nieokreślone (puste pole),20*10'592,52*23'077,50,Obszar niezabudowany,Odcinek prosty,Droga krajowa,Jednojezdniowa dwukierunkowa,N,POWIAT PŁOCKI,WYSZOGRÓD - OBSZAR MIEJSKI
1,0,2,2014,Dobre warunki atmosferyczne,Zderzenie pojazdów tylne,Dobre warunki atmosferyczne,Światło dzienne,Jezdnia,EWK-98324542D,12,2014-07-17,Lekko,19*42'146,52*32'255,P,Obszar zabudowany,Odcinek prosty,Droga powiatowa,Jednojezdniowa dwukierunkowa,N,POWIAT PŁOCK,PŁOCK - OBSZAR MIEJSKI
1,0,0,2014,Dobre warunki atmosferyczne,Zderzenie pojazdów tylne,Dobre warunki atmosferyczne,Światło dzienne,Jezdnia,EWK-98324542D,12,2014-07-17,Nieokreślone (puste pole),19*42'146,52*32'255,P,Obszar zabudowany,Odcinek prosty,Droga powiatowa,Jednojezdniowa dwukierunkowa,N,POWIAT PŁOCK,PŁOCK - OBSZAR MIEJSKI
1,0,1,2014,Dobre warunki atmosferyczne,Zderzenie pojazdów tylne,Dobre warunki atmosferyczne,Światło dzienne,Jezdnia,EWK-98326145D,20,2014-07-19,Lekko,20*26'054,53*12'101,7,Obszar niezabudowany,Odcinek prosty,Droga krajowa,Jednojezdniowa dwukierunkowa,N,POWIAT MŁAWSKI,WIECZFNIA KOŚCIELNA - OBSZAR WIEJSKI
1,0,0,2014,Dobre warunki atmosferyczne,Zderzenie pojazdów tylne,Dobre warunki atmosferyczne,Światło dzienne,Jezdnia,EWK-98326145D,20,2014-07-19,Nieokreślone (puste pole),20*26'054,53*12'101,7,Obszar niezabudowany,Odcinek prosty,Droga krajowa,Jednojezdniowa dwukierunkowa,N,POWIAT MŁAWSKI,WIECZFNIA KOŚCIELNA - OBSZAR WIEJSKI
1,0,1,2014,Dobre warunki atmosferyczne,Zderzenie pojazdów tylne,Dobre warunki atmosferyczne,Światło dzienne,Jezdnia,EWK-98327636W,12,2014-07-20,Lekko,19*35'078,52*27'298,60,Obszar niezabudowany,Odcinek prosty,Droga krajowa,Dwie jezdnie jednokierunkowe,N,POWIAT PŁOCKI,ŁĄCK - OBSZAR WIEJSKI
1,0,0,2014,Dobre warunki atmosferyczne,Zderzenie pojazdów tylne,Dobre warunki atmosferyczne,Światło dzienne,Jezdnia,EWK-98327636W,12,2014-07-20,Nieokreślone (puste pole),19*35'078,52*27'298,60,Obszar niezabudowany,Odcinek prosty,Droga krajowa,Dwie jezdnie jednokierunkowe,N,POWIAT PŁOCKI,ŁĄCK - OBSZAR WIEJSKI
1,0,1,2014,Dobre warunki atmosferyczne,Zderzenie pojazdów tylne,Dobre warunki atmosferyczne,Światło dzienne,Jezdnia,EWK-98328009L,13,2014-07-20,Lekko,20*51'097,51*52'121,50,Obszar niezabudowany,Odcinek prosty,Droga krajowa,Dwie jezdnie jednokierunkowe,N,POWIAT GRÓJECKI,GRÓJEC - OBSZAR MIEJSKI
1,1,0,2014,Dobre warunki atmosferyczne,Zderzenie pojazdów tylne,Dobre warunki atmosferyczne,Światło dzienne,Jezdnia,EWK-98328009L,13,2014-07-20,Nieokreślone (puste pole),20*51'097,51*52'121,50,Obszar niezabudowany,Odcinek prosty,Droga krajowa,Dwie jezdnie jednokierunkowe,N,POWIAT GRÓJECKI,GRÓJEC - OBSZAR MIEJSKI
1,0,1,2014,Dobre warunki atmosferyczne,Zderzenie pojazdów tylne,Dobre warunki atmosferyczne,Światło dzienne,Jezdnia,EWK-98330864U,19,2014-07-21,Lekko,21*36'196,51*33'521,48,Obszar zabudowany,Odcinek prosty,Droga krajowa,Jednojezdniowa dwukierunkowa,N,POWIAT KOZIENICKI,KOZIENICE - OBSZAR WIEJSKI
1,0,0,2014,Dobre warunki atmosferyczne,Zderzenie pojazdów tylne,Dobre warunki atmosferyczne,Światło dzienne,Jezdnia,EWK-98330864U,19,2014-07-21,Nieokreślone (puste pole),21*36'196,51*33'521,48,Obszar zabudowany,Odcinek prosty,Droga krajowa,Jednojezdniowa dwukierunkowa,N,POWIAT KOZIENICKI,KOZIENICE - OBSZAR WIEJSKI
1,0,1,2014,Dobre warunki atmosferyczne,Zderzenie pojazdów tylne,Dobre warunki atmosferyczne,Światło dzienne,Jezdnia,EWK-98331280D,12,2014-07-21,Ciężko,19*30'599,52*54'076,10,Obszar zabudowany,Odcinek prosty,Droga krajowa,Jednojezdniowa dwukierunkowa,N,POWIAT SIERPECKI,SZCZUTOWO - OBSZAR WIEJSKI
1,0,0,2014,Dobre warunki atmosferyczne,Zderzenie pojazdów tylne,Dobre warunki atmosferyczne,Światło dzienne,Jezdnia,EWK-98331280D,12,2014-07-21,Nieokreślone (puste pole),19*30'599,52*54'076,10,Obszar zabudowany,Odcinek prosty,Droga krajowa,Jednojezdniowa dwukierunkowa,N,POWIAT SIERPECKI,SZCZUTOWO - OBSZAR WIEJSKI
1,0,1,2014,Dobre warunki atmosferyczne,Zderzenie pojazdów tylne,Dobre warunki atmosferyczne,Światło dzienne,Jezdnia,EWK-98335027W,18,2014-07-26,Lekko,20*13'596,52*13'473,GMINNA,Obszar zabudowany,Odcinek prosty,Droga gminna,Jednojezdniowa dwukierunkowa,T,POWIAT SOCHACZEWSKI,SOCHACZEW - OBSZAR MIEJSKI
1,0,0,2014,Dobre warunki atmosferyczne,Zderzenie pojazdów tylne,Dobre warunki atmosferyczne,Światło dzienne,Jezdnia,EWK-98335027W,18,2014-07-26,Nieokreślone (puste pole),20*13'596,52*13'473,GMINNA,Obszar zabudowany,Odcinek prosty,Droga gminna,Jednojezdniowa dwukierunkowa,T,POWIAT SOCHACZEWSKI,SOCHACZEW - OBSZAR MIEJSKI
1,0,1,2014,Dobre warunki atmosferyczne,Zderzenie pojazdów tylne,Dobre warunki atmosferyczne,Światło dzienne,Jezdnia,EWK-98335200W,16,2014-07-26,Ciężko,19*24'443,52*37'598,562,Obszar niezabudowany,Spadek,Droga wojewódzka,Jednojezdniowa dwukierunkowa,N,POWIAT PŁOCKI,BRUDZEŃ DUŻY - OBSZAR WIEJSKI
1,0,1,2014,Dobre warunki atmosferyczne,Zderzenie pojazdów tylne,Dobre warunki atmosferyczne,Światło dzienne,Jezdnia,EWK-98336435E,13,2014-07-27,Ciężko,21*35'195,51*30'110,79,Obszar niezabudowany,Odcinek prosty,Droga krajowa,Jednojezdniowa dwukierunkowa,N,POWIAT KOZIENICKI,GARBATKA-LETNISKO - OBSZAR WIEJSKI
1,0,0,2014,Dobre warunki atmosferyczne,Zderzenie pojazdów tylne,Dobre warunki atmosferyczne,Światło dzienne,Jezdnia,EWK-98336435E,13,2014-07-27,Nieokreślone (puste pole),21*35'195,51*30'110,79,Obszar niezabudowany,Odcinek prosty,Droga krajowa,Jednojezdniowa dwukierunkowa,N,POWIAT KOZIENICKI,GARBATKA-LETNISKO - OBSZAR WIEJSKI
1,0,1,2014,Dobre warunki atmosferyczne,Zderzenie pojazdów tylne,Dobre warunki atmosferyczne,Światło dzienne,Jezdnia,EWK-98343357L,12,2014-08-02,Lekko,20*57'453,51*36'530,P1122W,Obszar zabudowany,Odcinek prosty,Droga powiatowa,Jednojezdniowa dwukierunkowa,N,POWIAT BIAŁOBRZESKI,BIAŁOBRZEGI - OBSZAR WIEJSKI