Liczba wypadków,Liczba zabitych,Liczba rannych,Rok,Warunki atmosferyczne,Rodzaj zdarzenia,Warunki atmosferyczne,Oświetlenie,Charakterystyka miejsca zdarzenia,IDKSIP zdarzenia,Godzina,Dzień,Ranny,GPS x,GPS y,Numer drogi,Obszar,Geometria drogi,Kategoria drogi 1,Rodzaj drogi,Czy w zdarzeniu był sprawca nietrzeźwy,Powiat,Gmina
1,0,0,2014,Dobre warunki atmosferyczne,Zderzenie pojazdów tylne,Dobre warunki atmosferyczne,Światło dzienne,"Wjazd, wyjazd z posesji, pola",EWK-98400437E,18,2014-09-05,Nieokreślone (puste pole),20*01'492,52*26'373,GMINNA,Obszar zabudowany,Odcinek prosty,Droga gminna,Jednojezdniowa dwukierunkowa,N,POWIAT PŁOCKI,MAŁA WIEŚ - OBSZAR WIEJSKI
1,0,1,2014,"Mgła, dym",Inne,"Mgła, dym",Noc - droga nieoświetlona,Jezdnia,EWK-98658283P,19,2014-11-25,Lekko,20*56'285,52*54'393,3238W,Obszar niezabudowany,,Droga powiatowa,Jednojezdniowa dwukierunkowa,N,POWIAT PRZASNYSKI,KRASNE - OBSZAR WIEJSKI
1,0,0,2014,"Mgła, dym",Inne,"Mgła, dym",Noc - droga nieoświetlona,Jezdnia,EWK-98658283P,19,2014-11-25,Nieokreślone (puste pole),20*56'285,52*54'393,3238W,Obszar niezabudowany,,Droga powiatowa,Jednojezdniowa dwukierunkowa,N,POWIAT PRZASNYSKI,KRASNE - OBSZAR WIEJSKI
1,0,1,2014,"Mgła, dym",Inne,"Mgła, dym","Zmrok, świt",Jezdnia,EWK-98483382H,5,2014-10-18,Lekko,20*41'594,51*48'333,725,Obszar niezabudowany,"Zakręt, łuk",Droga wojewódzka,Jednojezdniowa dwukierunkowa,N,POWIAT GRÓJECKI,BŁĘDÓW - OBSZAR WIEJSKI
1,0,0,2014,"Mgła, dym",Inne,"Mgła, dym","Zmrok, świt",Jezdnia,EWK-98483382H,5,2014-10-18,Nieokreślone (puste pole),20*41'594,51*48'333,725,Obszar niezabudowany,"Zakręt, łuk",Droga wojewódzka,Jednojezdniowa dwukierunkowa,N,POWIAT GRÓJECKI,BŁĘDÓW - OBSZAR WIEJSKI
1,0,1,2014,"Mgła, dym",Inne,"Mgła, dym",Światło dzienne,Jezdnia,EWK-98458268F,7,2014-10-12,Ciężko,22*39'321,52*08'078,02308W,Obszar niezabudowany,Odcinek prosty,Droga powiatowa,Jednojezdniowa dwukierunkowa,N,POWIAT ŁOSICKI,OLSZANKA - OBSZAR WIEJSKI
1,0,1,2014,"Mgła, dym",Najechanie na drzewo,"Mgła, dym",Noc - droga nieoświetlona,Jezdnia,EWK-98639547E,4,2014-11-09,Lekko,19*42'176,52*59'180,GMINNA,Obszar zabudowany,"Zakręt, łuk",Droga gminna,Jednojezdniowa dwukierunkowa,N,POWIAT ŻUROMIŃSKI,LUTOCIN - OBSZAR WIEJSKI
1,0,0,2014,"Mgła, dym",Najechanie na drzewo,"Mgła, dym",Noc - droga nieoświetlona,Jezdnia,EWK-98639547E,4,2014-11-09,Nieokreślone (puste pole),19*42'176,52*59'180,GMINNA,Obszar zabudowany,"Zakręt, łuk",Droga gminna,Jednojezdniowa dwukierunkowa,N,POWIAT ŻUROMIŃSKI,LUTOCIN - OBSZAR WIEJSKI
1,0,2,2014,"Mgła, dym",Najechanie na drzewo,"Mgła, dym",Noc - droga nieoświetlona,Pobocze,EWK-98095848W,23,2014-01-07,Lekko,22*14'545,52*20'585,63,Obszar zabudowany,Odcinek prosty,Droga krajowa,Jednojezdniowa dwukierunkowa,N,POWIAT SOKOŁOWSKI,BIELANY - OBSZAR WIEJSKI
1,0,1,2014,"Mgła, dym",Najechanie na drzewo,"Mgła, dym",Noc - droga nieoświetlona,Pobocze,EWK-98464399P,4,2014-10-10,Lekko,22*59'474,52*11'370,02120W,Obszar niezabudowany,"Zakręt, łuk",Droga powiatowa,Jednojezdniowa dwukierunkowa,N,POWIAT ŁOSICKI,STARA KORNICA - OBSZAR WIEJSKI
1,0,0,2014,"Mgła, dym",Najechanie na drzewo,"Mgła, dym",Noc - droga nieoświetlona,Pobocze,EWK-98464399P,4,2014-10-10,Nieokreślone (puste pole),22*59'474,52*11'370,02120W,Obszar niezabudowany,"Zakręt, łuk",Droga powiatowa,Jednojezdniowa dwukierunkowa,N,POWIAT ŁOSICKI,STARA KORNICA - OBSZAR WIEJSKI
1,0,1,2014,"Mgła, dym",Najechanie na pieszego,"Mgła, dym",Noc - droga nieoświetlona,Jezdnia,EWK-98139145J,5,2014-02-24,Ciężko,22*15'107,52*22'362,63,Obszar niezabudowany,Odcinek prosty,Droga krajowa,Jednojezdniowa dwukierunkowa,T,POWIAT SOKOŁOWSKI,BIELANY - OBSZAR WIEJSKI
1,0,0,2014,"Mgła, dym",Najechanie na pieszego,"Mgła, dym",Noc - droga nieoświetlona,Jezdnia,EWK-98139145J,5,2014-02-24,Nieokreślone (puste pole),22*15'107,52*22'362,63,Obszar niezabudowany,Odcinek prosty,Droga krajowa,Jednojezdniowa dwukierunkowa,T,POWIAT SOKOŁOWSKI,BIELANY - OBSZAR WIEJSKI
1,1,0,2014,"Mgła, dym",Najechanie na pieszego,"Mgła, dym",Noc - droga nieoświetlona,Jezdnia,EWK-98622262G,0,2014-10-27,Nieokreślone (puste pole),20*38'016,51*44'203,P,Obszar niezabudowany,Odcinek prosty,Droga powiatowa,Jednojezdniowa dwukierunkowa,N,POWIAT GRÓJECKI,BŁĘDÓW - OBSZAR WIEJSKI
1,0,1,2014,"Mgła, dym",Najechanie na pieszego,"Mgła, dym",Noc - droga nieoświetlona,Jezdnia,EWK-98623216Y,18,2014-10-27,Ciężko,21*38'140,51*11'260,79,Obszar niezabudowany,"Zakręt, łuk",Droga krajowa,Jednojezdniowa dwukierunkowa,N,POWIAT LIPSKI,LIPSKO - OBSZAR WIEJSKI
1,0,0,2014,"Mgła, dym",Najechanie na pieszego,"Mgła, dym",Noc - droga nieoświetlona,Jezdnia,EWK-98623216Y,18,2014-10-27,Nieokreślone (puste pole),21*38'140,51*11'260,79,Obszar niezabudowany,"Zakręt, łuk",Droga krajowa,Jednojezdniowa dwukierunkowa,N,POWIAT LIPSKI,LIPSKO - OBSZAR WIEJSKI
1,0,1,2014,"Mgła, dym",Najechanie na pieszego,"Mgła, dym",Noc - droga nieoświetlona,Pobocze,EWK-98670106G,18,2014-12-04,Ciężko,20*42'244,52*53'534,G120722W,Obszar zabudowany,Odcinek prosty,Droga gminna,Jednojezdniowa dwukierunkowa,N,POWIAT CIECHANOWSKI,OPINOGÓRA GÓRNA - OBSZAR WIEJSKI
1,0,0,2014,"Mgła, dym",Najechanie na pieszego,"Mgła, dym",Noc - droga nieoświetlona,Pobocze,EWK-98670106G,18,2014-12-04,Nieokreślone (puste pole),20*42'244,52*53'534,G120722W,Obszar zabudowany,Odcinek prosty,Droga gminna,Jednojezdniowa dwukierunkowa,N,POWIAT CIECHANOWSKI,OPINOGÓRA GÓRNA - OBSZAR WIEJSKI
1,1,0,2014,"Mgła, dym",Najechanie na pieszego,"Mgła, dym",Noc - droga oświetlona,Jezdnia,EWK-98453148X,4,2014-10-12,Nieokreślone (puste pole),20*12'480,52*12'055,705,Obszar zabudowany,"Zakręt, łuk",Droga wojewódzka,Jednojezdniowa dwukierunkowa,N,POWIAT SOCHACZEWSKI,SOCHACZEW - OBSZAR MIEJSKI
1,0,1,2014,"Mgła, dym",Najechanie na pieszego,"Mgła, dym","Zmrok, świt",Jezdnia,EWK-98642341X,16,2014-11-10,Lekko,21*27'410,51*38'439,79,Obszar niezabudowany,Odcinek prosty,Droga krajowa,Jednojezdniowa dwukierunkowa,N,POWIAT KOZIENICKI,KOZIENICE - OBSZAR WIEJSKI
1,0,0,2014,"Mgła, dym",Najechanie na pieszego,"Mgła, dym","Zmrok, świt",Jezdnia,EWK-98642341X,16,2014-11-10,Nieokreślone (puste pole),21*27'410,51*38'439,79,Obszar niezabudowany,Odcinek prosty,Droga krajowa,Jednojezdniowa dwukierunkowa,N,POWIAT KOZIENICKI,KOZIENICE - OBSZAR WIEJSKI
1,0,1,2014,"Mgła, dym",Najechanie na pieszego,"Mgła, dym","Zmrok, świt",Przejście dla pieszych,EWK-98660802E,16,2014-11-25,Lekko,21*04'481,52*42'094,P3403W,Obszar zabudowany,Odcinek prosty,Droga powiatowa,Jednojezdniowa dwukierunkowa,N,POWIAT PUŁTUSKI,PUŁTUSK - OBSZAR MIEJSKI
1,0,0,2014,"Mgła, dym",Najechanie na pieszego,"Mgła, dym","Zmrok, świt",Przejście dla pieszych,EWK-98660802E,16,2014-11-25,Nieokreślone (puste pole),21*04'481,52*42'094,P3403W,Obszar zabudowany,Odcinek prosty,Droga powiatowa,Jednojezdniowa dwukierunkowa,N,POWIAT PUŁTUSKI,PUŁTUSK - OBSZAR MIEJSKI
1,0,1,2014,"Mgła, dym",Najechanie na pieszego,"Mgła, dym",Światło dzienne,Jezdnia,EWK-98262213N,7,2014-06-04,Ciężko,20*14'346,52*14'488,3815W,Obszar zabudowany,Odcinek prosty,Droga powiatowa,Jednojezdniowa dwukierunkowa,N,POWIAT SOCHACZEWSKI,SOCHACZEW - OBSZAR MIEJSKI
1,0,0,2014,"Mgła, dym",Najechanie na pieszego,"Mgła, dym",Światło dzienne,Jezdnia,EWK-98262213N,7,2014-06-04,Nieokreślone (puste pole),20*14'346,52*14'488,3815W,Obszar zabudowany,Odcinek prosty,Droga powiatowa,Jednojezdniowa dwukierunkowa,N,POWIAT SOCHACZEWSKI,SOCHACZEW - OBSZAR MIEJSKI
1,0,1,2014,"Mgła, dym",Najechanie na pieszego,"Mgła, dym",Światło dzienne,Pobocze,EWK-98458430X,8,2014-10-11,Lekko,21*12'268,51*31'341,34418W,Obszar zabudowany,Odcinek prosty,Droga powiatowa,Jednojezdniowa dwukierunkowa,N,POWIAT RADOMSKI,JEDLIŃSK - OBSZAR WIEJSKI
1,0,0,2014,"Mgła, dym",Najechanie na pieszego,"Mgła, dym",Światło dzienne,Pobocze,EWK-98458430X,8,2014-10-11,Nieokreślone (puste pole),21*12'268,51*31'341,34418W,Obszar zabudowany,Odcinek prosty,Droga powiatowa,Jednojezdniowa dwukierunkowa,N,POWIAT RADOMSKI,JEDLIŃSK - OBSZAR WIEJSKI
1,0,1,2014,"Mgła, dym",Najechanie na zwierzę,"Mgła, dym",Noc - droga nieoświetlona,Jezdnia,EWK-98690151R,5,2014-12-15,Ciężko,21*09'119,52*48'107,61,Obszar niezabudowany,Odcinek prosty,Droga krajowa,Jednojezdniowa dwukierunkowa,N,POWIAT MAKOWSKI,SZELKÓW - OBSZAR WIEJSKI
1,0,0,2014,"Mgła, dym",Najechanie na zwierzę,"Mgła, dym",Noc - droga nieoświetlona,Jezdnia,EWK-98690151R,5,2014-12-15,Nieokreślone (puste pole),21*09'119,52*48'107,61,Obszar niezabudowany,Odcinek prosty,Droga krajowa,Jednojezdniowa dwukierunkowa,N,POWIAT MAKOWSKI,SZELKÓW - OBSZAR WIEJSKI
1,0,1,2014,"Mgła, dym",Wywrócenie się pojazdu,"Mgła, dym",Noc - droga nieoświetlona,Jezdnia,EWK-98290964Y,22,2014-06-24,Lekko,21*53'084,52*31'381,36108W,Obszar niezabudowany,Odcinek prosty,Droga powiatowa,Jednojezdniowa dwukierunkowa,T,POWIAT WĘGROWSKI,STOCZEK - OBSZAR WIEJSKI
1,0,0,2014,"Mgła, dym",Wywrócenie się pojazdu,"Mgła, dym",Noc - droga nieoświetlona,Jezdnia,EWK-98290964Y,22,2014-06-24,Nieokreślone (puste pole),21*53'084,52*31'381,36108W,Obszar niezabudowany,Odcinek prosty,Droga powiatowa,Jednojezdniowa dwukierunkowa,T,POWIAT WĘGROWSKI,STOCZEK - OBSZAR WIEJSKI
1,0,1,2014,"Mgła, dym",Wywrócenie się pojazdu,"Mgła, dym",Noc - droga nieoświetlona,Pobocze,EWK-98677117M,6,2014-12-07,Lekko,21*14'250,51*41'492,730,Obszar niezabudowany,"Zakręt, łuk",Droga wojewódzka,Jednojezdniowa dwukierunkowa,T,POWIAT KOZIENICKI,GRABÓW NAD PILICĄ - OBSZAR WIEJSKI
1,1,0,2014,"Mgła, dym",Wywrócenie się pojazdu,"Mgła, dym",Noc - droga nieoświetlona,"Skarpa, rów",EWK-98672903Y,21,2014-12-07,Nieokreślone (puste pole),19*24'215,52*25'209,581,Obszar zabudowany,"Zakręt, łuk",Droga wojewódzka,Jednojezdniowa dwukierunkowa,N,POWIAT GOSTYNIŃSKI,GOSTYNIN - OBSZAR WIEJSKI
1,0,1,2014,"Mgła, dym",Wywrócenie się pojazdu,"Mgła, dym",Noc - droga oświetlona,Jezdnia,EWK-98677263N,5,2014-12-10,Lekko,20*44'501,51*43'262,728,Obszar niezabudowany,,Droga wojewódzka,Jednojezdniowa dwukierunkowa,N,POWIAT GRÓJECKI,MOGIELNICA - OBSZAR WIEJSKI
1,0,0,2014,"Mgła, dym",Wywrócenie się pojazdu,"Mgła, dym",Noc - droga oświetlona,Jezdnia,EWK-98677263N,5,2014-12-10,Nieokreślone (puste pole),20*44'501,51*43'262,728,Obszar niezabudowany,,Droga wojewódzka,Jednojezdniowa dwukierunkowa,N,POWIAT GRÓJECKI,MOGIELNICA - OBSZAR WIEJSKI
1,0,1,2014,"Mgła, dym",Wywrócenie się pojazdu,"Mgła, dym","Zmrok, świt",Jezdnia,EWK-98629103K,7,2014-11-01,Ciężko,19*38'446,52*24'149,G140505W,Obszar niezabudowany,"Zakręt, łuk",Droga gminna,Jednojezdniowa dwukierunkowa,T,POWIAT GOSTYNIŃSKI,SZCZAWIN KOŚCIELNY - OBSZAR WIEJSKI
1,0,1,2014,"Mgła, dym",Wywrócenie się pojazdu,"Mgła, dym",Światło dzienne,Jezdnia,EWK-98679796R,8,2014-12-10,Lekko,21*14'299,51*18'270,733,Obszar zabudowany,"Zakręt, łuk",Droga wojewódzka,Jednojezdniowa dwukierunkowa,N,POWIAT RADOMSKI,SKARYSZEW - OBSZAR MIEJSKI
1,0,0,2014,"Mgła, dym",Wywrócenie się pojazdu,"Mgła, dym",Światło dzienne,Jezdnia,EWK-98679796R,8,2014-12-10,Nieokreślone (puste pole),21*14'299,51*18'270,733,Obszar zabudowany,"Zakręt, łuk",Droga wojewódzka,Jednojezdniowa dwukierunkowa,N,POWIAT RADOMSKI,SKARYSZEW - OBSZAR MIEJSKI
1,0,3,2014,"Mgła, dym",Zderzenie pojazdów boczne,"Mgła, dym",Noc - droga nieoświetlona,Jezdnia,EWK-98228965G,21,2014-05-03,Lekko,21*38'580,52*41'335,8,Obszar niezabudowany,,Droga krajowa,Jednojezdniowa dwukierunkowa,N,POWIAT WYSZKOWSKI,BRAŃSZCZYK - OBSZAR WIEJSKI
1,0,0,2014,"Mgła, dym",Zderzenie pojazdów boczne,"Mgła, dym",Noc - droga nieoświetlona,Jezdnia,EWK-98228965G,21,2014-05-03,Nieokreślone (puste pole),21*38'580,52*41'335,8,Obszar niezabudowany,,Droga krajowa,Jednojezdniowa dwukierunkowa,N,POWIAT WYSZKOWSKI,BRAŃSZCZYK - OBSZAR WIEJSKI
1,0,1,2014,"Mgła, dym",Zderzenie pojazdów boczne,"Mgła, dym",Noc - droga oświetlona,Jezdnia,EWK-98085214Y,20,2014-01-03,Lekko,21*31'453,51*35'506,79,Obszar zabudowany,,Droga krajowa,Jednojezdniowa dwukierunkowa,N,POWIAT KOZIENICKI,KOZIENICE - OBSZAR MIEJSKI
1,0,0,2014,"Mgła, dym",Zderzenie pojazdów boczne,"Mgła, dym",Noc - droga oświetlona,Jezdnia,EWK-98085214Y,20,2014-01-03,Nieokreślone (puste pole),21*31'453,51*35'506,79,Obszar zabudowany,,Droga krajowa,Jednojezdniowa dwukierunkowa,N,POWIAT KOZIENICKI,KOZIENICE - OBSZAR MIEJSKI
1,0,1,2014,"Mgła, dym",Zderzenie pojazdów boczne,"Mgła, dym",Noc - droga oświetlona,Jezdnia,EWK-98415895W,2,2014-09-21,Lekko,21*33'120,53*05'258,53,Obszar zabudowany,Odcinek prosty,Droga krajowa,Jednojezdniowa dwukierunkowa,N,POWIAT OSTROŁĘKA,OSTROŁĘKA - OBSZAR MIEJSKI
1,0,0,2014,"Mgła, dym",Zderzenie pojazdów boczne,"Mgła, dym",Noc - droga oświetlona,Jezdnia,EWK-98415895W,2,2014-09-21,Nieokreślone (puste pole),21*33'120,53*05'258,53,Obszar zabudowany,Odcinek prosty,Droga krajowa,Jednojezdniowa dwukierunkowa,N,POWIAT OSTROŁĘKA,OSTROŁĘKA - OBSZAR MIEJSKI
1,0,1,2014,"Mgła, dym",Zderzenie pojazdów boczne,"Mgła, dym",Noc - droga oświetlona,Przejście dla pieszych,EWK-98679969R,17,2014-12-11,Lekko,19*40'261,52*29'407,60,Obszar niezabudowany,,Droga krajowa,Jednojezdniowa dwukierunkowa,N,POWIAT PŁOCK,PŁOCK - OBSZAR MIEJSKI
1,0,0,2014,"Mgła, dym",Zderzenie pojazdów boczne,"Mgła, dym",Noc - droga oświetlona,Przejście dla pieszych,EWK-98679969R,17,2014-12-11,Nieokreślone (puste pole),19*40'261,52*29'407,60,Obszar niezabudowany,,Droga krajowa,Jednojezdniowa dwukierunkowa,N,POWIAT PŁOCK,PŁOCK - OBSZAR MIEJSKI
1,0,1,2014,"Mgła, dym",Zderzenie pojazdów boczne,"Mgła, dym",Światło dzienne,Jezdnia,EWK-98129060G,8,2014-02-13,Ciężko,20*04'253,52*33'189,P,Obszar niezabudowany,,Droga powiatowa,Jednojezdniowa dwukierunkowa,N,POWIAT PŁOCKI,BULKOWO - OBSZAR WIEJSKI
1,0,6,2014,"Mgła, dym",Zderzenie pojazdów boczne,"Mgła, dym",Światło dzienne,Jezdnia,EWK-98129060G,8,2014-02-13,Lekko,20*04'253,52*33'189,P,Obszar niezabudowany,,Droga powiatowa,Jednojezdniowa dwukierunkowa,N,POWIAT PŁOCKI,BULKOWO - OBSZAR WIEJSKI
1,0,0,2014,"Mgła, dym",Zderzenie pojazdów boczne,"Mgła, dym",Światło dzienne,Jezdnia,EWK-98129060G,8,2014-02-13,Nieokreślone (puste pole),20*04'253,52*33'189,P,Obszar niezabudowany,,Droga powiatowa,Jednojezdniowa dwukierunkowa,N,POWIAT PŁOCKI,BULKOWO - OBSZAR WIEJSKI
1,0,1,2014,"Mgła, dym",Zderzenie pojazdów boczne,"Mgła, dym",Światło dzienne,Jezdnia,EWK-98658277E,15,2014-11-25,Ciężko,20*53'389,53*01'125,GMINNA,Obszar zabudowany,,Droga gminna,Jednojezdniowa dwukierunkowa,N,POWIAT PRZASNYSKI,PRZASNYSZ - OBSZAR MIEJSKI
1,0,0,2014,"Mgła, dym",Zderzenie pojazdów boczne,"Mgła, dym",Światło dzienne,Jezdnia,EWK-98658277E,15,2014-11-25,Nieokreślone (puste pole),20*53'389,53*01'125,GMINNA,Obszar zabudowany,,Droga gminna,Jednojezdniowa dwukierunkowa,N,POWIAT PRZASNYSKI,PRZASNYSZ - OBSZAR MIEJSKI
1,0,1,2014,"Mgła, dym",Zderzenie pojazdów czołowe,"Mgła, dym",Noc - droga nieoświetlona,Jezdnia,EWK-98354452H,3,2014-08-09,Lekko,22*14'283,52*12'251,63,Obszar niezabudowany,Odcinek prosty,Droga krajowa,Jednojezdniowa dwukierunkowa,N,POWIAT SIEDLECKI,SIEDLCE - OBSZAR WIEJSKI
1,0,0,2014,"Mgła, dym",Zderzenie pojazdów czołowe,"Mgła, dym",Noc - droga nieoświetlona,Jezdnia,EWK-98354452H,3,2014-08-09,Nieokreślone (puste pole),22*14'283,52*12'251,63,Obszar niezabudowany,Odcinek prosty,Droga krajowa,Jednojezdniowa dwukierunkowa,N,POWIAT SIEDLECKI,SIEDLCE - OBSZAR WIEJSKI
1,0,1,2014,"Mgła, dym",Zderzenie pojazdów czołowe,"Mgła, dym",Noc - droga nieoświetlona,Jezdnia,EWK-98400477G,2,2014-09-09,Lekko,21*16'064,51*23'120,,Obszar niezabudowany,Odcinek prosty,Nieokreślone (puste pole),Jednojezdniowa dwukierunkowa,N,POWIAT RADOMSKI,GÓZD - OBSZAR WIEJSKI
1,1,0,2014,"Mgła, dym",Zderzenie pojazdów czołowe,"Mgła, dym",Noc - droga nieoświetlona,Jezdnia,EWK-98400477G,2,2014-09-09,Nieokreślone (puste pole),21*16'064,51*23'120,,Obszar niezabudowany,Odcinek prosty,Nieokreślone (puste pole),Jednojezdniowa dwukierunkowa,N,POWIAT RADOMSKI,GÓZD - OBSZAR WIEJSKI
1,0,1,2014,"Mgła, dym",Zderzenie pojazdów czołowe,"Mgła, dym",Noc - droga nieoświetlona,Jezdnia,EWK-98620072F,22,2014-10-26,Ciężko,21*41'043,52*42'304,8,Obszar niezabudowany,Odcinek prosty,Droga krajowa,Jednojezdniowa dwukierunkowa,N,POWIAT OSTROWSKI,OSTRÓW MAZOWIECKA - OBSZAR WIEJSKI
1,3,0,2014,"Mgła, dym",Zderzenie pojazdów czołowe,"Mgła, dym",Noc - droga nieoświetlona,Jezdnia,EWK-98620072F,22,2014-10-26,Nieokreślone (puste pole),21*41'043,52*42'304,8,Obszar niezabudowany,Odcinek prosty,Droga krajowa,Jednojezdniowa dwukierunkowa,N,POWIAT OSTROWSKI,OSTRÓW MAZOWIECKA - OBSZAR WIEJSKI
1,0,4,2014,"Mgła, dym",Zderzenie pojazdów czołowe,"Mgła, dym","Zmrok, świt",Jezdnia,EWK-98690139C,6,2014-12-15,Ciężko,20*18'290,52*24'121,62,Obszar zabudowany,Odcinek prosty,Droga krajowa,Jednojezdniowa dwukierunkowa,N,POWIAT PŁOŃSKI,CZERWIŃSK NAD WISŁĄ - OBSZAR WIEJSKI
1,0,0,2014,"Mgła, dym",Zderzenie pojazdów czołowe,"Mgła, dym","Zmrok, świt",Jezdnia,EWK-98690139C,6,2014-12-15,Nieokreślone (puste pole),20*18'290,52*24'121,62,Obszar zabudowany,Odcinek prosty,Droga krajowa,Jednojezdniowa dwukierunkowa,N,POWIAT PŁOŃSKI,CZERWIŃSK NAD WISŁĄ - OBSZAR WIEJSKI
1,0,1,2014,"Mgła, dym",Zderzenie pojazdów czołowe,"Mgła, dym",Światło dzienne,Jezdnia,EWK-98130916Y,6,2014-02-12,Ciężko,21*39'516,51*33'425,34522W,Obszar niezabudowany,Odcinek prosty,Droga powiatowa,Jednojezdniowa dwukierunkowa,N,POWIAT KOZIENICKI,KOZIENICE - OBSZAR WIEJSKI
1,0,0,2014,"Mgła, dym",Zderzenie pojazdów czołowe,"Mgła, dym",Światło dzienne,Jezdnia,EWK-98130916Y,6,2014-02-12,Nieokreślone (puste pole),21*39'516,51*33'425,34522W,Obszar niezabudowany,Odcinek prosty,Droga powiatowa,Jednojezdniowa dwukierunkowa,N,POWIAT KOZIENICKI,KOZIENICE - OBSZAR WIEJSKI
1,0,2,2014,"Mgła, dym",Zderzenie pojazdów czołowe,"Mgła, dym",Światło dzienne,Jezdnia,EWK-98671498E,8,2014-12-06,Lekko,20*31'480,53*04'408,G230820W,Obszar niezabudowany,"Zakręt, łuk",Droga gminna,Jednojezdniowa dwukierunkowa,N,POWIAT MŁAWSKI,SZYDŁOWO - OBSZAR WIEJSKI
1,0,0,2014,"Mgła, dym",Zderzenie pojazdów czołowe,"Mgła, dym",Światło dzienne,Jezdnia,EWK-98671498E,8,2014-12-06,Nieokreślone (puste pole),20*31'480,53*04'408,G230820W,Obszar niezabudowany,"Zakręt, łuk",Droga gminna,Jednojezdniowa dwukierunkowa,N,POWIAT MŁAWSKI,SZYDŁOWO - OBSZAR WIEJSKI
1,0,1,2014,Opady deszczu,Inne,Opady deszczu,Noc - droga nieoświetlona,Jezdnia,EWK-98638464U,20,2014-11-08,Lekko,21*13'168,51*53'063,731,Obszar niezabudowany,Odcinek prosty,Droga wojewódzka,Jednojezdniowa dwukierunkowa,N,POWIAT GRÓJECKI,WARKA - OBSZAR WIEJSKI
1,0,0,2014,Opady deszczu,Inne,Opady deszczu,Noc - droga nieoświetlona,Jezdnia,EWK-98638464U,20,2014-11-08,Nieokreślone (puste pole),21*13'168,51*53'063,731,Obszar niezabudowany,Odcinek prosty,Droga wojewódzka,Jednojezdniowa dwukierunkowa,N,POWIAT GRÓJECKI,WARKA - OBSZAR WIEJSKI
1,0,1,2014,Opady deszczu,Inne,Opady deszczu,Noc - droga nieoświetlona,"Skarpa, rów",EWK-98638527E,22,2014-11-09,Ciężko,21*02'049,51*42'380,731,Obszar niezabudowany,Wzniesienie,Droga wojewódzka,Jednojezdniowa dwukierunkowa,N,POWIAT GRÓJECKI,WARKA - OBSZAR WIEJSKI
1,0,0,2014,Opady deszczu,Inne,Opady deszczu,Noc - droga nieoświetlona,"Skarpa, rów",EWK-98638527E,22,2014-11-09,Nieokreślone (puste pole),21*02'049,51*42'380,731,Obszar niezabudowany,Wzniesienie,Droga wojewódzka,Jednojezdniowa dwukierunkowa,N,POWIAT GRÓJECKI,WARKA - OBSZAR WIEJSKI
1,0,1,2014,Opady deszczu,Inne,Opady deszczu,Noc - droga oświetlona,"Skarpa, rów",EWK-98285465D,1,2014-06-22,Lekko,19*43'268,52*28'442,5206W,Obszar zabudowany,Odcinek prosty,Droga powiatowa,Jednojezdniowa dwukierunkowa,N,POWIAT PŁOCKI,GĄBIN - OBSZAR WIEJSKI
1,0,0,2014,Opady deszczu,Inne,Opady deszczu,Noc - droga oświetlona,"Skarpa, rów",EWK-98285465D,1,2014-06-22,Nieokreślone (puste pole),19*43'268,52*28'442,5206W,Obszar zabudowany,Odcinek prosty,Droga powiatowa,Jednojezdniowa dwukierunkowa,N,POWIAT PŁOCKI,GĄBIN - OBSZAR WIEJSKI
1,0,2,2014,Opady deszczu,Inne,Opady deszczu,Światło dzienne,"Skarpa, rów",EWK-98341849K,14,2014-07-25,Lekko,19*47'460,52*39'236,60,Obszar niezabudowany,"Zakręt, łuk",Droga krajowa,Jednojezdniowa dwukierunkowa,N,POWIAT PŁOCKI,BIELSK - OBSZAR WIEJSKI
1,0,1,2014,Opady deszczu,Najechanie na barierę ochronną,Opady deszczu,Światło dzienne,Jezdnia,EWK-98382391K,11,2014-08-24,Lekko,20*56'443,51*40'279,S7D,Obszar niezabudowany,Odcinek prosty,Droga krajowa,Ekspresowa,N,POWIAT BIAŁOBRZESKI,BIAŁOBRZEGI - OBSZAR WIEJSKI
1,0,0,2014,Opady deszczu,Najechanie na barierę ochronną,Opady deszczu,Światło dzienne,Jezdnia,EWK-98382391K,11,2014-08-24,Nieokreślone (puste pole),20*56'443,51*40'279,S7D,Obszar niezabudowany,Odcinek prosty,Droga krajowa,Ekspresowa,N,POWIAT BIAŁOBRZESKI,BIAŁOBRZEGI - OBSZAR WIEJSKI
1,0,1,2014,Opady deszczu,Najechanie na barierę ochronną,Opady deszczu,Światło dzienne,"Most, wiadukt, łącznica, tunel",EWK-98341759G,17,2014-07-31,Lekko,22*33'334,52*24'516,62,Obszar niezabudowany,,Droga krajowa,Jednojezdniowa dwukierunkowa,N,POWIAT SOKOŁOWSKI,REPKI - OBSZAR WIEJSKI
1,0,2,2014,Opady deszczu,Najechanie na drzewo,Opady deszczu,Noc - droga nieoświetlona,Pobocze,EWK-98293673L,1,2014-06-22,Lekko,21*32'357,52*34'128,62,Obszar niezabudowany,Odcinek prosty,Droga krajowa,Jednojezdniowa dwukierunkowa,N,POWIAT WYSZKOWSKI,WYSZKÓW - OBSZAR WIEJSKI
1,0,0,2014,Opady deszczu,Najechanie na drzewo,Opady deszczu,Noc - droga nieoświetlona,Pobocze,EWK-98293673L,1,2014-06-22,Nieokreślone (puste pole),21*32'357,52*34'128,62,Obszar niezabudowany,Odcinek prosty,Droga krajowa,Jednojezdniowa dwukierunkowa,N,POWIAT WYSZKOWSKI,WYSZKÓW - OBSZAR WIEJSKI
1,0,1,2014,Opady deszczu,Najechanie na drzewo,Opady deszczu,Noc - droga nieoświetlona,Pobocze,EWK-98697141W,3,2014-12-20,Lekko,21*16'266,51*40'128,730,Obszar niezabudowany,"Zakręt, łuk",Droga wojewódzka,Jednojezdniowa dwukierunkowa,N,POWIAT KOZIENICKI,GŁOWACZÓW - OBSZAR WIEJSKI