Liczba wypadków,Liczba zabitych,Liczba rannych,Rok,Warunki atmosferyczne,Rodzaj zdarzenia,Warunki atmosferyczne,Oświetlenie,Charakterystyka miejsca zdarzenia,IDKSIP zdarzenia,Godzina,Dzień,Ranny,GPS x,GPS y,Numer drogi,Obszar,Geometria drogi,Kategoria drogi 1,Rodzaj drogi,Czy w zdarzeniu był sprawca nietrzeźwy,Powiat,Gmina
1,0,1,2014,Opady deszczu,Najechanie na drzewo,Opady deszczu,Noc - droga nieoświetlona,"Skarpa, rów",EWK-98637990R,3,2014-11-10,Lekko,20*45'281,52*59'313,P1202W,Obszar niezabudowany,"Zakręt, łuk",Droga powiatowa,Jednojezdniowa dwukierunkowa,N,POWIAT PRZASNYSKI,CZERNICE BOROWE - OBSZAR WIEJSKI
1,0,0,2014,Opady deszczu,Najechanie na drzewo,Opady deszczu,Noc - droga nieoświetlona,"Skarpa, rów",EWK-98637990R,3,2014-11-10,Nieokreślone (puste pole),20*45'281,52*59'313,P1202W,Obszar niezabudowany,"Zakręt, łuk",Droga powiatowa,Jednojezdniowa dwukierunkowa,N,POWIAT PRZASNYSKI,CZERNICE BOROWE - OBSZAR WIEJSKI
1,1,0,2014,Opady deszczu,Najechanie na drzewo,Opady deszczu,Noc - droga oświetlona,Jezdnia,EWK-98700618E,1,2014-12-25,Nieokreślone (puste pole),20*01'299,52*20'223,575,Obszar zabudowany,Odcinek prosty,Droga wojewódzka,Jednojezdniowa dwukierunkowa,N,POWIAT SOCHACZEWSKI,IŁÓW - OBSZAR WIEJSKI
1,0,1,2014,Opady deszczu,Najechanie na drzewo,Opady deszczu,"Zmrok, świt",Jezdnia,EWK-98226085P,19,2014-05-02,Lekko,20*36'241,51*35'321,P,Obszar niezabudowany,"Zakręt, łuk",Droga powiatowa,Jednojezdniowa dwukierunkowa,N,POWIAT GRÓJECKI,NOWE MIASTO NAD PILICĄ - OBSZAR WIEJSKI
1,0,0,2014,Opady deszczu,Najechanie na drzewo,Opady deszczu,"Zmrok, świt",Jezdnia,EWK-98226085P,19,2014-05-02,Nieokreślone (puste pole),20*36'241,51*35'321,P,Obszar niezabudowany,"Zakręt, łuk",Droga powiatowa,Jednojezdniowa dwukierunkowa,N,POWIAT GRÓJECKI,NOWE MIASTO NAD PILICĄ - OBSZAR WIEJSKI
1,0,1,2014,Opady deszczu,Najechanie na drzewo,Opady deszczu,Światło dzienne,Jezdnia,EWK-98128561L,14,2014-02-12,Lekko,21*28'514,53*09'227,53,Obszar niezabudowany,"Zakręt, łuk",Droga krajowa,Jednojezdniowa dwukierunkowa,N,POWIAT OSTROŁĘCKI,LELIS - OBSZAR WIEJSKI
1,0,1,2014,Opady deszczu,Najechanie na drzewo,Opady deszczu,Światło dzienne,Jezdnia,EWK-98226923H,6,2014-05-08,Ciężko,21*59'327,52*51'212,8,Obszar niezabudowany,Odcinek prosty,Droga krajowa,Jednojezdniowa dwukierunkowa,N,POWIAT OSTROWSKI,OSTRÓW MAZOWIECKA - OBSZAR WIEJSKI
1,0,0,2014,Opady deszczu,Najechanie na drzewo,Opady deszczu,Światło dzienne,Jezdnia,EWK-98226923H,6,2014-05-08,Nieokreślone (puste pole),21*59'327,52*51'212,8,Obszar niezabudowany,Odcinek prosty,Droga krajowa,Jednojezdniowa dwukierunkowa,N,POWIAT OSTROWSKI,OSTRÓW MAZOWIECKA - OBSZAR WIEJSKI
1,0,1,2014,Opady deszczu,Najechanie na drzewo,Opady deszczu,Światło dzienne,Jezdnia,EWK-98319009R,13,2014-07-12,Ciężko,20*17'384,52*51'587,7,Obszar niezabudowany,Odcinek prosty,Droga krajowa,Jednojezdniowa dwukierunkowa,N,POWIAT MŁAWSKI,STRZEGOWO - OBSZAR WIEJSKI
1,1,0,2014,Opady deszczu,Najechanie na drzewo,Opady deszczu,Światło dzienne,Jezdnia,EWK-98319009R,13,2014-07-12,Nieokreślone (puste pole),20*17'384,52*51'587,7,Obszar niezabudowany,Odcinek prosty,Droga krajowa,Jednojezdniowa dwukierunkowa,N,POWIAT MŁAWSKI,STRZEGOWO - OBSZAR WIEJSKI
1,0,1,2014,Opady deszczu,Najechanie na drzewo,Opady deszczu,Światło dzienne,Jezdnia,EWK-98328002R,18,2014-07-20,Ciężko,20*17'011,52*15'187,580,Obszar zabudowany,Odcinek prosty,Droga wojewódzka,Jednojezdniowa dwukierunkowa,T,POWIAT SOCHACZEWSKI,SOCHACZEW - OBSZAR MIEJSKI
1,0,1,2014,Opady deszczu,Najechanie na drzewo,Opady deszczu,Światło dzienne,Jezdnia,EWK-98642873L,8,2014-11-10,Lekko,20*53'114,52*36'124,571,Obszar niezabudowany,Odcinek prosty,Droga wojewódzka,Jednojezdniowa dwukierunkowa,N,POWIAT PUŁTUSKI,WINNICA - OBSZAR WIEJSKI
1,0,0,2014,Opady deszczu,Najechanie na drzewo,Opady deszczu,Światło dzienne,Jezdnia,EWK-98642873L,8,2014-11-10,Nieokreślone (puste pole),20*53'114,52*36'124,571,Obszar niezabudowany,Odcinek prosty,Droga wojewódzka,Jednojezdniowa dwukierunkowa,N,POWIAT PUŁTUSKI,WINNICA - OBSZAR WIEJSKI
1,1,0,2014,Opady deszczu,Najechanie na drzewo,Opady deszczu,Światło dzienne,"Skarpa, rów",EWK-98378829T,18,2014-08-24,Nieokreślone (puste pole),19*48'263,52*55'011,541,Obszar niezabudowany,"Zakręt, łuk",Droga wojewódzka,Jednojezdniowa dwukierunkowa,N,POWIAT SIERPECKI,ROŚCISZEWO - OBSZAR WIEJSKI
1,0,1,2014,Opady deszczu,Najechanie na pieszego,Opady deszczu,Noc - droga nieoświetlona,Jezdnia,EWK-98092382U,18,2014-01-14,Lekko,21*09'461,51*25'040,P5301W,Obszar zabudowany,Odcinek prosty,Droga powiatowa,Jednojezdniowa dwukierunkowa,N,POWIAT RADOM,RADOM - OBSZAR MIEJSKI
1,0,0,2014,Opady deszczu,Najechanie na pieszego,Opady deszczu,Noc - droga nieoświetlona,Jezdnia,EWK-98092382U,18,2014-01-14,Nieokreślone (puste pole),21*09'461,51*25'040,P5301W,Obszar zabudowany,Odcinek prosty,Droga powiatowa,Jednojezdniowa dwukierunkowa,N,POWIAT RADOM,RADOM - OBSZAR MIEJSKI
1,0,1,2014,Opady deszczu,Najechanie na pieszego,Opady deszczu,Noc - droga nieoświetlona,Jezdnia,EWK-98218849H,3,2014-04-27,Ciężko,22*17'333,52*03'363,63,Obszar niezabudowany,Odcinek prosty,Droga krajowa,Jednojezdniowa dwukierunkowa,N,POWIAT SIEDLECKI,WIŚNIEW - OBSZAR WIEJSKI
1,0,0,2014,Opady deszczu,Najechanie na pieszego,Opady deszczu,Noc - droga nieoświetlona,Jezdnia,EWK-98218849H,3,2014-04-27,Nieokreślone (puste pole),22*17'333,52*03'363,63,Obszar niezabudowany,Odcinek prosty,Droga krajowa,Jednojezdniowa dwukierunkowa,N,POWIAT SIEDLECKI,WIŚNIEW - OBSZAR WIEJSKI
1,1,0,2014,Opady deszczu,Najechanie na pieszego,Opady deszczu,Noc - droga nieoświetlona,Jezdnia,EWK-98357777W,1,2014-08-14,Nieokreślone (puste pole),19*31'491,52*27'017,S60G,Obszar niezabudowany,Odcinek prosty,Droga krajowa,Jednojezdniowa dwukierunkowa,N,POWIAT GOSTYNIŃSKI,GOSTYNIN - OBSZAR WIEJSKI
1,0,1,2014,Opady deszczu,Najechanie na pieszego,Opady deszczu,Noc - droga nieoświetlona,Jezdnia,EWK-98389797D,21,2014-09-01,Lekko,20*03'425,52*17'455,577,Obszar niezabudowany,Odcinek prosty,Droga wojewódzka,Jednojezdniowa dwukierunkowa,N,POWIAT SOCHACZEWSKI,IŁÓW - OBSZAR WIEJSKI
1,0,0,2014,Opady deszczu,Najechanie na pieszego,Opady deszczu,Noc - droga nieoświetlona,Jezdnia,EWK-98389797D,21,2014-09-01,Nieokreślone (puste pole),20*03'425,52*17'455,577,Obszar niezabudowany,Odcinek prosty,Droga wojewódzka,Jednojezdniowa dwukierunkowa,N,POWIAT SOCHACZEWSKI,IŁÓW - OBSZAR WIEJSKI
1,0,1,2014,Opady deszczu,Najechanie na pieszego,Opady deszczu,Noc - droga nieoświetlona,Jezdnia,EWK-98476371W,18,2014-10-16,Ciężko,21*15'155,51*08'044,P3550W,Obszar zabudowany,Odcinek prosty,Droga powiatowa,Jednojezdniowa dwukierunkowa,N,POWIAT RADOMSKI,IŁŻA - OBSZAR WIEJSKI
1,0,0,2014,Opady deszczu,Najechanie na pieszego,Opady deszczu,Noc - droga nieoświetlona,Jezdnia,EWK-98476371W,18,2014-10-16,Nieokreślone (puste pole),21*15'155,51*08'044,P3550W,Obszar zabudowany,Odcinek prosty,Droga powiatowa,Jednojezdniowa dwukierunkowa,N,POWIAT RADOMSKI,IŁŻA - OBSZAR WIEJSKI
1,1,0,2014,Opady deszczu,Najechanie na pieszego,Opady deszczu,Noc - droga nieoświetlona,Jezdnia,EWK-98688605X,22,2014-12-18,Nieokreślone (puste pole),22*17'544,52*34'279,63,Obszar zabudowany,Odcinek prosty,Droga krajowa,Jednojezdniowa dwukierunkowa,N,POWIAT SOKOŁOWSKI,STERDYŃ - OBSZAR WIEJSKI
1,1,0,2014,Opady deszczu,Najechanie na pieszego,Opady deszczu,Noc - droga nieoświetlona,Jezdnia,EWK-98693432C,20,2014-12-20,Nieokreślone (puste pole),20*40'163,52*48'573,P2421W,Obszar niezabudowany,Odcinek prosty,Droga powiatowa,Jednojezdniowa dwukierunkowa,N,POWIAT CIECHANOWSKI,SOŃSK - OBSZAR WIEJSKI
1,1,0,2014,Opady deszczu,Najechanie na pieszego,Opady deszczu,Noc - droga nieoświetlona,Jezdnia,EWK-98694641L,20,2014-12-19,Nieokreślone (puste pole),20*41'059,51*43'329,P,Obszar zabudowany,Odcinek prosty,Droga powiatowa,Jednojezdniowa dwukierunkowa,N,POWIAT GRÓJECKI,MOGIELNICA - OBSZAR WIEJSKI
1,1,0,2014,Opady deszczu,Najechanie na pieszego,Opady deszczu,Noc - droga nieoświetlona,Jezdnia,EWK-98694913T,19,2014-12-21,Nieokreślone (puste pole),20*43'324,52*56'276,617,Obszar niezabudowany,Odcinek prosty,Droga wojewódzka,Jednojezdniowa dwukierunkowa,T,POWIAT CIECHANOWSKI,OPINOGÓRA GÓRNA - OBSZAR WIEJSKI
1,0,1,2014,Opady deszczu,Najechanie na pieszego,Opady deszczu,Noc - droga nieoświetlona,Jezdnia,EWK-98696593U,19,2014-12-19,Ciężko,21*11'469,51*23'325,GMINNA,Obszar zabudowany,Odcinek prosty,Droga gminna,Jednojezdniowa dwukierunkowa,N,POWIAT RADOM,RADOM - OBSZAR MIEJSKI
1,0,0,2014,Opady deszczu,Najechanie na pieszego,Opady deszczu,Noc - droga nieoświetlona,Jezdnia,EWK-98696593U,19,2014-12-19,Nieokreślone (puste pole),21*11'469,51*23'325,GMINNA,Obszar zabudowany,Odcinek prosty,Droga gminna,Jednojezdniowa dwukierunkowa,N,POWIAT RADOM,RADOM - OBSZAR MIEJSKI
1,1,0,2014,Opady deszczu,Najechanie na pieszego,Opady deszczu,Noc - droga nieoświetlona,Jezdnia,EWK-98699379N,16,2014-12-24,Nieokreślone (puste pole),20*34'150,52*47'328,50,Obszar niezabudowany,Odcinek prosty,Droga krajowa,Jednojezdniowa dwukierunkowa,N,POWIAT CIECHANOWSKI,OJRZEŃ - OBSZAR WIEJSKI
1,0,1,2014,Opady deszczu,Najechanie na pieszego,Opady deszczu,Noc - droga nieoświetlona,Jezdnia,EWK-98699579K,3,2014-12-26,Lekko,20*59'594,51*32'353,34410W,Obszar niezabudowany,Odcinek prosty,Droga powiatowa,Jednojezdniowa dwukierunkowa,T,POWIAT BIAŁOBRZESKI,STARA BŁOTNICA - OBSZAR WIEJSKI
1,0,0,2014,Opady deszczu,Najechanie na pieszego,Opady deszczu,Noc - droga nieoświetlona,Jezdnia,EWK-98699579K,3,2014-12-26,Nieokreślone (puste pole),20*59'594,51*32'353,34410W,Obszar niezabudowany,Odcinek prosty,Droga powiatowa,Jednojezdniowa dwukierunkowa,T,POWIAT BIAŁOBRZESKI,STARA BŁOTNICA - OBSZAR WIEJSKI
1,1,0,2014,Opady deszczu,Najechanie na pieszego,Opady deszczu,Noc - droga nieoświetlona,Jezdnia,EWK-98700616C,1,2014-12-25,Nieokreślone (puste pole),21*22'080,51*33'313,P1716W,Obszar niezabudowany,Odcinek prosty,Droga powiatowa,Jednojezdniowa dwukierunkowa,T,POWIAT KOZIENICKI,GŁOWACZÓW - OBSZAR WIEJSKI
1,1,0,2014,Opady deszczu,Najechanie na pieszego,Opady deszczu,Noc - droga nieoświetlona,Jezdnia,EWK-98703907M,16,2014-12-22,Nieokreślone (puste pole),21*24'200,52*56'384,61,Obszar zabudowany,Odcinek prosty,Droga krajowa,Jednojezdniowa dwukierunkowa,N,POWIAT MAKOWSKI,MŁYNARZE - OBSZAR WIEJSKI
1,1,0,2014,Opady deszczu,Najechanie na pieszego,Opady deszczu,Noc - droga nieoświetlona,Przejście dla pieszych,EWK-98319160Y,23,2014-07-11,Nieokreślone (puste pole),21*07'337,51*28'561,7,Obszar niezabudowany,Odcinek prosty,Droga krajowa,Dwie jezdnie jednokierunkowe,N,POWIAT RADOMSKI,JEDLIŃSK - OBSZAR WIEJSKI
1,0,1,2014,Opady deszczu,Najechanie na pieszego,Opady deszczu,Noc - droga nieoświetlona,Przejście dla pieszych,EWK-98443580T,19,2014-10-01,Ciężko,20*50'592,51*55'452,7,Obszar niezabudowany,Odcinek prosty,Droga krajowa,Dwie jezdnie jednokierunkowe,N,POWIAT GRÓJECKI,GRÓJEC - OBSZAR WIEJSKI
1,0,0,2014,Opady deszczu,Najechanie na pieszego,Opady deszczu,Noc - droga nieoświetlona,Przejście dla pieszych,EWK-98443580T,19,2014-10-01,Nieokreślone (puste pole),20*50'592,51*55'452,7,Obszar niezabudowany,Odcinek prosty,Droga krajowa,Dwie jezdnie jednokierunkowe,N,POWIAT GRÓJECKI,GRÓJEC - OBSZAR WIEJSKI
1,0,1,2014,Opady deszczu,Najechanie na pieszego,Opady deszczu,Noc - droga oświetlona,Jezdnia,EWK-98091972K,17,2014-01-14,Ciężko,21*10'115,51*09'225,P3554W,Obszar zabudowany,Odcinek prosty,Droga powiatowa,Jednojezdniowa dwukierunkowa,N,POWIAT RADOMSKI,IŁŻA - OBSZAR WIEJSKI
1,0,0,2014,Opady deszczu,Najechanie na pieszego,Opady deszczu,Noc - droga oświetlona,Jezdnia,EWK-98091972K,17,2014-01-14,Nieokreślone (puste pole),21*10'115,51*09'225,P3554W,Obszar zabudowany,Odcinek prosty,Droga powiatowa,Jednojezdniowa dwukierunkowa,N,POWIAT RADOMSKI,IŁŻA - OBSZAR WIEJSKI
1,0,1,2014,Opady deszczu,Najechanie na pieszego,Opady deszczu,Noc - droga oświetlona,Jezdnia,EWK-98092372P,17,2014-01-14,Ciężko,21*08'492,51*23'296,12,Obszar zabudowany,,Droga krajowa,Dwie jezdnie jednokierunkowe,N,POWIAT RADOM,RADOM - OBSZAR MIEJSKI
1,0,0,2014,Opady deszczu,Najechanie na pieszego,Opady deszczu,Noc - droga oświetlona,Jezdnia,EWK-98092372P,17,2014-01-14,Nieokreślone (puste pole),21*08'492,51*23'296,12,Obszar zabudowany,,Droga krajowa,Dwie jezdnie jednokierunkowe,N,POWIAT RADOM,RADOM - OBSZAR MIEJSKI
1,1,0,2014,Opady deszczu,Najechanie na pieszego,Opady deszczu,Noc - droga oświetlona,Jezdnia,EWK-98130521N,17,2014-02-12,Nieokreślone (puste pole),21*50'430,52*38'279,50,Obszar zabudowany,,Droga krajowa,Jednojezdniowa dwukierunkowa,N,POWIAT WĘGROWSKI,SADOWNE - OBSZAR WIEJSKI
1,0,2,2014,Opady deszczu,Najechanie na pieszego,Opady deszczu,Noc - droga oświetlona,Jezdnia,EWK-98171362C,18,2014-03-24,Ciężko,21*10'297,51*23'133,9,Obszar zabudowany,Odcinek prosty,Droga krajowa,Jednojezdniowa dwukierunkowa,N,POWIAT RADOM,RADOM - OBSZAR MIEJSKI
1,0,0,2014,Opady deszczu,Najechanie na pieszego,Opady deszczu,Noc - droga oświetlona,Jezdnia,EWK-98171362C,18,2014-03-24,Nieokreślone (puste pole),21*10'297,51*23'133,9,Obszar zabudowany,Odcinek prosty,Droga krajowa,Jednojezdniowa dwukierunkowa,N,POWIAT RADOM,RADOM - OBSZAR MIEJSKI
1,0,1,2014,Opady deszczu,Najechanie na pieszego,Opady deszczu,Noc - droga oświetlona,Jezdnia,EWK-98212044G,20,2014-04-26,Lekko,21*41'007,52*31'532,50,Obszar zabudowany,Odcinek prosty,Droga krajowa,Jednojezdniowa dwukierunkowa,N,POWIAT WĘGROWSKI,ŁOCHÓW - OBSZAR WIEJSKI
1,0,0,2014,Opady deszczu,Najechanie na pieszego,Opady deszczu,Noc - droga oświetlona,Jezdnia,EWK-98212044G,20,2014-04-26,Nieokreślone (puste pole),21*41'007,52*31'532,50,Obszar zabudowany,Odcinek prosty,Droga krajowa,Jednojezdniowa dwukierunkowa,N,POWIAT WĘGROWSKI,ŁOCHÓW - OBSZAR WIEJSKI
1,0,1,2014,Opady deszczu,Najechanie na pieszego,Opady deszczu,Noc - droga oświetlona,Jezdnia,EWK-98366299G,20,2014-08-11,Lekko,22*15'502,52*10'031,W628,Obszar zabudowany,,Droga wojewódzka,Jednojezdniowa dwukierunkowa,T,POWIAT SIEDLCE,SIEDLCE - OBSZAR MIEJSKI
1,0,0,2014,Opady deszczu,Najechanie na pieszego,Opady deszczu,Noc - droga oświetlona,Jezdnia,EWK-98366299G,20,2014-08-11,Nieokreślone (puste pole),22*15'502,52*10'031,W628,Obszar zabudowany,,Droga wojewódzka,Jednojezdniowa dwukierunkowa,T,POWIAT SIEDLCE,SIEDLCE - OBSZAR MIEJSKI
1,1,0,2014,Opady deszczu,Najechanie na pieszego,Opady deszczu,Noc - droga oświetlona,Jezdnia,EWK-98385463H,20,2014-08-27,Nieokreślone (puste pole),20*56'413,51*27'448,740,Obszar zabudowany,Odcinek prosty,Droga wojewódzka,Jednojezdniowa dwukierunkowa,N,POWIAT RADOMSKI,ZAKRZEW - OBSZAR WIEJSKI
1,0,1,2014,Opady deszczu,Najechanie na pieszego,Opady deszczu,Noc - droga oświetlona,Jezdnia,EWK-98478255J,18,2014-10-16,Lekko,21*06'313,51*24'311,740,Obszar zabudowany,Odcinek prosty,Droga wojewódzka,Jednojezdniowa dwukierunkowa,N,POWIAT RADOM,RADOM - OBSZAR MIEJSKI
1,0,0,2014,Opady deszczu,Najechanie na pieszego,Opady deszczu,Noc - droga oświetlona,Jezdnia,EWK-98478255J,18,2014-10-16,Nieokreślone (puste pole),21*06'313,51*24'311,740,Obszar zabudowany,Odcinek prosty,Droga wojewódzka,Jednojezdniowa dwukierunkowa,N,POWIAT RADOM,RADOM - OBSZAR MIEJSKI
1,1,0,2014,Opady deszczu,Najechanie na pieszego,Opady deszczu,Noc - droga oświetlona,Jezdnia,EWK-98638487W,19,2014-11-08,Nieokreślone (puste pole),22*03'361,52*41'274,694,Obszar zabudowany,Odcinek prosty,Droga wojewódzka,Jednojezdniowa dwukierunkowa,T,POWIAT OSTROWSKI,MAŁKINIA GÓRNA - OBSZAR WIEJSKI
1,0,1,2014,Opady deszczu,Najechanie na pieszego,Opady deszczu,Noc - droga oświetlona,Jezdnia,EWK-98647127K,16,2014-11-17,Lekko,21*03'529,51*20'582,34469W,Obszar zabudowany,Odcinek prosty,Droga powiatowa,Jednojezdniowa dwukierunkowa,N,POWIAT RADOMSKI,KOWALA - OBSZAR WIEJSKI
1,0,0,2014,Opady deszczu,Najechanie na pieszego,Opady deszczu,Noc - droga oświetlona,Jezdnia,EWK-98647127K,16,2014-11-17,Nieokreślone (puste pole),21*03'529,51*20'582,34469W,Obszar zabudowany,Odcinek prosty,Droga powiatowa,Jednojezdniowa dwukierunkowa,N,POWIAT RADOMSKI,KOWALA - OBSZAR WIEJSKI
1,0,1,2014,Opady deszczu,Najechanie na pieszego,Opady deszczu,Noc - droga oświetlona,Jezdnia,EWK-98693654C,16,2014-12-22,Lekko,21*35'206,53*05'060,P5104W,Obszar zabudowany,Odcinek prosty,Droga powiatowa,Jednojezdniowa dwukierunkowa,N,POWIAT OSTROŁĘKA,OSTROŁĘKA - OBSZAR MIEJSKI
1,0,0,2014,Opady deszczu,Najechanie na pieszego,Opady deszczu,Noc - droga oświetlona,Jezdnia,EWK-98693654C,16,2014-12-22,Nieokreślone (puste pole),21*35'206,53*05'060,P5104W,Obszar zabudowany,Odcinek prosty,Droga powiatowa,Jednojezdniowa dwukierunkowa,N,POWIAT OSTROŁĘKA,OSTROŁĘKA - OBSZAR MIEJSKI
1,0,1,2014,Opady deszczu,Najechanie na pieszego,Opady deszczu,Noc - droga oświetlona,Jezdnia,EWK-98696012N,19,2014-12-20,Ciężko,19*46'332,52*31'464,P,Obszar zabudowany,Odcinek prosty,Droga powiatowa,Jednojezdniowa dwukierunkowa,N,POWIAT PŁOCK,PŁOCK - OBSZAR MIEJSKI
1,0,0,2014,Opady deszczu,Najechanie na pieszego,Opady deszczu,Noc - droga oświetlona,Jezdnia,EWK-98696012N,19,2014-12-20,Nieokreślone (puste pole),19*46'332,52*31'464,P,Obszar zabudowany,Odcinek prosty,Droga powiatowa,Jednojezdniowa dwukierunkowa,N,POWIAT PŁOCK,PŁOCK - OBSZAR MIEJSKI
1,0,1,2014,Opady deszczu,Najechanie na pieszego,Opady deszczu,Noc - droga oświetlona,Jezdnia,EWK-98697073C,0,2014-12-20,Ciężko,21*09'528,51*24'159,P5304W  ,Obszar zabudowany,Odcinek prosty,Droga powiatowa,Jednojezdniowa dwukierunkowa,N,POWIAT RADOM,RADOM - OBSZAR MIEJSKI
1,0,0,2014,Opady deszczu,Najechanie na pieszego,Opady deszczu,Noc - droga oświetlona,Jezdnia,EWK-98697073C,0,2014-12-20,Nieokreślone (puste pole),21*09'528,51*24'159,P5304W  ,Obszar zabudowany,Odcinek prosty,Droga powiatowa,Jednojezdniowa dwukierunkowa,N,POWIAT RADOM,RADOM - OBSZAR MIEJSKI
1,0,1,2014,Opady deszczu,Najechanie na pieszego,Opady deszczu,Noc - droga oświetlona,Jezdnia,EWK-98698489P,18,2014-12-23,Lekko,20*16'108,52*14'388,3847W,Obszar zabudowany,Odcinek prosty,Droga powiatowa,Jednojezdniowa dwukierunkowa,N,POWIAT SOCHACZEWSKI,SOCHACZEW - OBSZAR MIEJSKI
1,0,0,2014,Opady deszczu,Najechanie na pieszego,Opady deszczu,Noc - droga oświetlona,Jezdnia,EWK-98698489P,18,2014-12-23,Nieokreślone (puste pole),20*16'108,52*14'388,3847W,Obszar zabudowany,Odcinek prosty,Droga powiatowa,Jednojezdniowa dwukierunkowa,N,POWIAT SOCHACZEWSKI,SOCHACZEW - OBSZAR MIEJSKI
1,0,1,2014,Opady deszczu,Najechanie na pieszego,Opady deszczu,Noc - droga oświetlona,Jezdnia,EWK-98698560M,16,2014-12-23,Ciężko,21*31'018,51*28'216,691,Obszar zabudowany,Odcinek prosty,Droga wojewódzka,Jednojezdniowa dwukierunkowa,N,POWIAT RADOMSKI,PIONKI - OBSZAR WIEJSKI
1,0,0,2014,Opady deszczu,Najechanie na pieszego,Opady deszczu,Noc - droga oświetlona,Jezdnia,EWK-98698560M,16,2014-12-23,Nieokreślone (puste pole),21*31'018,51*28'216,691,Obszar zabudowany,Odcinek prosty,Droga wojewódzka,Jednojezdniowa dwukierunkowa,N,POWIAT RADOMSKI,PIONKI - OBSZAR WIEJSKI
1,0,1,2014,Opady deszczu,Najechanie na pieszego,Opady deszczu,Noc - droga oświetlona,Jezdnia,EWK-98700391K,18,2014-12-23,Ciężko,19*43'046,52*32'210,P,Obszar zabudowany,,Droga powiatowa,Jednojezdniowa dwukierunkowa,T,POWIAT PŁOCK,PŁOCK - OBSZAR MIEJSKI
1,0,0,2014,Opady deszczu,Najechanie na pieszego,Opady deszczu,Noc - droga oświetlona,Jezdnia,EWK-98700391K,18,2014-12-23,Nieokreślone (puste pole),19*43'046,52*32'210,P,Obszar zabudowany,,Droga powiatowa,Jednojezdniowa dwukierunkowa,T,POWIAT PŁOCK,PŁOCK - OBSZAR MIEJSKI
1,0,1,2014,Opady deszczu,Najechanie na pieszego,Opady deszczu,Noc - droga oświetlona,Jezdnia,EWK-98700406X,15,2014-12-23,Lekko,19*45'303,52*32'196,I2,Obszar zabudowany,Odcinek prosty,Inna,Jednojezdniowa dwukierunkowa,N,POWIAT PŁOCK,PŁOCK - OBSZAR MIEJSKI
1,0,0,2014,Opady deszczu,Najechanie na pieszego,Opady deszczu,Noc - droga oświetlona,Jezdnia,EWK-98700406X,15,2014-12-23,Nieokreślone (puste pole),19*45'303,52*32'196,I2,Obszar zabudowany,Odcinek prosty,Inna,Jednojezdniowa dwukierunkowa,N,POWIAT PŁOCK,PŁOCK - OBSZAR MIEJSKI
1,0,1,2014,Opady deszczu,Najechanie na pieszego,Opady deszczu,Noc - droga oświetlona,Jezdnia,EWK-98705225D,19,2014-12-23,Lekko,21*49'544,52*33'130,36110W,Obszar zabudowany,,Droga powiatowa,Jednojezdniowa dwukierunkowa,N,POWIAT WĘGROWSKI,ŁOCHÓW - OBSZAR WIEJSKI
1,0,0,2014,Opady deszczu,Najechanie na pieszego,Opady deszczu,Noc - droga oświetlona,Jezdnia,EWK-98705225D,19,2014-12-23,Nieokreślone (puste pole),21*49'544,52*33'130,36110W,Obszar zabudowany,,Droga powiatowa,Jednojezdniowa dwukierunkowa,N,POWIAT WĘGROWSKI,ŁOCHÓW - OBSZAR WIEJSKI
1,0,1,2014,Opady deszczu,Najechanie na pieszego,Opady deszczu,Noc - droga oświetlona,Jezdnia,EWK-98705649R,16,2014-12-23,Lekko,22*00'575,52*23'593,P,Obszar zabudowany,"Zakręt, łuk",Droga powiatowa,Jednojezdniowa dwukierunkowa,N,POWIAT WĘGROWSKI,WĘGRÓW - OBSZAR MIEJSKI
1,0,0,2014,Opady deszczu,Najechanie na pieszego,Opady deszczu,Noc - droga oświetlona,Jezdnia,EWK-98705649R,16,2014-12-23,Nieokreślone (puste pole),22*00'575,52*23'593,P,Obszar zabudowany,"Zakręt, łuk",Droga powiatowa,Jednojezdniowa dwukierunkowa,N,POWIAT WĘGROWSKI,WĘGRÓW - OBSZAR MIEJSKI
1,1,0,2014,Opady deszczu,Najechanie na pieszego,Opady deszczu,Noc - droga oświetlona,Przejście dla pieszych,EWK-98083671N,6,2014-01-05,Nieokreślone (puste pole),21*10'310,51*23'121,P5309W,Obszar zabudowany,Odcinek prosty,Droga powiatowa,Jednojezdniowa dwukierunkowa,N,POWIAT RADOM,RADOM - OBSZAR MIEJSKI
1,0,1,2014,Opady deszczu,Najechanie na pieszego,Opady deszczu,Noc - droga oświetlona,Przejście dla pieszych,EWK-98129492Q,17,2014-02-12,Ciężko,21*10'046,51*23'343,P5309W,Obszar zabudowany,,Droga powiatowa,Jednojezdniowa dwukierunkowa,N,POWIAT RADOM,RADOM - OBSZAR MIEJSKI
1,0,0,2014,Opady deszczu,Najechanie na pieszego,Opady deszczu,Noc - droga oświetlona,Przejście dla pieszych,EWK-98129492Q,17,2014-02-12,Nieokreślone (puste pole),21*10'046,51*23'343,P5309W,Obszar zabudowany,,Droga powiatowa,Jednojezdniowa dwukierunkowa,N,POWIAT RADOM,RADOM - OBSZAR MIEJSKI