Liczba wypadków,Liczba zabitych,Liczba rannych,Rok,Warunki atmosferyczne,Rodzaj zdarzenia,Warunki atmosferyczne,Oświetlenie,Charakterystyka miejsca zdarzenia,IDKSIP zdarzenia,Godzina,Dzień,Ranny,GPS x,GPS y,Numer drogi,Obszar,Geometria drogi,Kategoria drogi 1,Rodzaj drogi,Czy w zdarzeniu był sprawca nietrzeźwy,Powiat,Gmina
1,1,0,2014,Opady deszczu,Najechanie na pieszego,Opady deszczu,Światło dzienne,Jezdnia,EWK-98699263T,7,2014-12-23,Nieokreślone (puste pole),21*38'442,51*09'188,79,Obszar zabudowany,Odcinek prosty,Droga krajowa,Jednojezdniowa dwukierunkowa,N,POWIAT LIPSKI,LIPSKO - OBSZAR MIEJSKI
1,0,1,2014,Opady deszczu,Najechanie na pieszego,Opady deszczu,Światło dzienne,Przejście dla pieszych,EWK-98125342P,10,2014-02-10,Lekko,21*10'045,51*23'344,9,Obszar zabudowany,,Droga krajowa,Dwie jezdnie jednokierunkowe,N,POWIAT RADOM,RADOM - OBSZAR MIEJSKI
1,0,0,2014,Opady deszczu,Najechanie na pieszego,Opady deszczu,Światło dzienne,Przejście dla pieszych,EWK-98125342P,10,2014-02-10,Nieokreślone (puste pole),21*10'045,51*23'344,9,Obszar zabudowany,,Droga krajowa,Dwie jezdnie jednokierunkowe,N,POWIAT RADOM,RADOM - OBSZAR MIEJSKI
1,0,1,2014,Opady deszczu,Najechanie na pieszego,Opady deszczu,Światło dzienne,Przejście dla pieszych,EWK-98164882R,14,2014-03-15,Lekko,19*42'240,52*33'048,P,Obszar zabudowany,Odcinek prosty,Droga powiatowa,Jednojezdniowa dwukierunkowa,N,POWIAT PŁOCK,PŁOCK - OBSZAR MIEJSKI
1,0,0,2014,Opady deszczu,Najechanie na pieszego,Opady deszczu,Światło dzienne,Przejście dla pieszych,EWK-98164882R,14,2014-03-15,Nieokreślone (puste pole),19*42'240,52*33'048,P,Obszar zabudowany,Odcinek prosty,Droga powiatowa,Jednojezdniowa dwukierunkowa,N,POWIAT PŁOCK,PŁOCK - OBSZAR MIEJSKI
1,0,1,2014,Opady deszczu,Najechanie na pieszego,Opady deszczu,Światło dzienne,Przejście dla pieszych,EWK-98333270H,7,2014-07-24,Ciężko,21*33'284,51*34'499,48,Obszar zabudowany,Odcinek prosty,Droga krajowa,Jednojezdniowa dwukierunkowa,N,POWIAT KOZIENICKI,KOZIENICE - OBSZAR MIEJSKI
1,0,0,2014,Opady deszczu,Najechanie na pieszego,Opady deszczu,Światło dzienne,Przejście dla pieszych,EWK-98333270H,7,2014-07-24,Nieokreślone (puste pole),21*33'284,51*34'499,48,Obszar zabudowany,Odcinek prosty,Droga krajowa,Jednojezdniowa dwukierunkowa,N,POWIAT KOZIENICKI,KOZIENICE - OBSZAR MIEJSKI
1,0,1,2014,Opady deszczu,Najechanie na pieszego,Opady deszczu,Światło dzienne,Przejście dla pieszych,EWK-98405004F,9,2014-09-11,Lekko,21*07'277,51*24'258,7,Obszar zabudowany,,Droga krajowa,Dwie jezdnie jednokierunkowe,N,POWIAT RADOM,RADOM - OBSZAR MIEJSKI
1,0,0,2014,Opady deszczu,Najechanie na pieszego,Opady deszczu,Światło dzienne,Przejście dla pieszych,EWK-98405004F,9,2014-09-11,Nieokreślone (puste pole),21*07'277,51*24'258,7,Obszar zabudowany,,Droga krajowa,Dwie jezdnie jednokierunkowe,N,POWIAT RADOM,RADOM - OBSZAR MIEJSKI
1,0,1,2014,Opady deszczu,Najechanie na pieszego,Opady deszczu,Światło dzienne,Przejście dla pieszych,EWK-98642348W,8,2014-11-07,Lekko,21*33'344,53*05'159,61,Obszar zabudowany,Odcinek prosty,Droga krajowa,Dwie jezdnie jednokierunkowe,N,POWIAT OSTROŁĘKA,OSTROŁĘKA - OBSZAR MIEJSKI
1,0,0,2014,Opady deszczu,Najechanie na pieszego,Opady deszczu,Światło dzienne,Przejście dla pieszych,EWK-98642348W,8,2014-11-07,Nieokreślone (puste pole),21*33'344,53*05'159,61,Obszar zabudowany,Odcinek prosty,Droga krajowa,Dwie jezdnie jednokierunkowe,N,POWIAT OSTROŁĘKA,OSTROŁĘKA - OBSZAR MIEJSKI
1,0,1,2014,Opady deszczu,Najechanie na pieszego,Opady deszczu,Światło dzienne,Przejście dla pieszych,EWK-98693188F,14,2014-12-19,Lekko,19*40'091,52*51'099,,Obszar zabudowany,Odcinek prosty,Nieokreślone (puste pole),Jednojezdniowa dwukierunkowa,N,POWIAT SIERPECKI,SIERPC - OBSZAR MIEJSKI
1,0,0,2014,Opady deszczu,Najechanie na pieszego,Opady deszczu,Światło dzienne,Przejście dla pieszych,EWK-98693188F,14,2014-12-19,Nieokreślone (puste pole),19*40'091,52*51'099,,Obszar zabudowany,Odcinek prosty,Nieokreślone (puste pole),Jednojezdniowa dwukierunkowa,N,POWIAT SIERPECKI,SIERPC - OBSZAR MIEJSKI
1,0,1,2014,Opady deszczu,Najechanie na pojazd unieruchomiony,Opady deszczu,Noc - droga oświetlona,Pobocze,EWK-98283878L,22,2014-06-21,Lekko,20*15'022,53*06'560,563,Obszar zabudowany,Odcinek prosty,Droga wojewódzka,Jednojezdniowa dwukierunkowa,N,POWIAT MŁAWSKI,LIPOWIEC KOŚCIELNY - OBSZAR WIEJSKI
1,1,0,2014,Opady deszczu,"Najechanie na słup, znak",Opady deszczu,Światło dzienne,Jezdnia,EWK-98293594L,13,2014-06-26,Nieokreślone (puste pole),22*11'561,52*05'413,P3310C,Obszar niezabudowany,Odcinek prosty,Droga powiatowa,Jednojezdniowa dwukierunkowa,N,POWIAT SIEDLECKI,SKÓRZEC - OBSZAR WIEJSKI
1,0,1,2014,Opady deszczu,"Najechanie na słup, znak",Opady deszczu,Światło dzienne,Jezdnia,EWK-98315516F,10,2014-07-10,Lekko,21*15'510,51*23'455,12,Obszar niezabudowany,Odcinek prosty,Droga krajowa,Jednojezdniowa dwukierunkowa,N,POWIAT RADOMSKI,GÓZD - OBSZAR WIEJSKI
1,0,0,2014,Opady deszczu,"Najechanie na słup, znak",Opady deszczu,Światło dzienne,Jezdnia,EWK-98315516F,10,2014-07-10,Nieokreślone (puste pole),21*15'510,51*23'455,12,Obszar niezabudowany,Odcinek prosty,Droga krajowa,Jednojezdniowa dwukierunkowa,N,POWIAT RADOMSKI,GÓZD - OBSZAR WIEJSKI
1,0,1,2014,Opady deszczu,"Najechanie na słup, znak",Opady deszczu,Światło dzienne,Pobocze,EWK-98404699R,10,2014-09-11,Lekko,21*31'027,51*28'215,691,Obszar zabudowany,Odcinek prosty,Droga wojewódzka,Jednojezdniowa dwukierunkowa,N,POWIAT RADOMSKI,PIONKI - OBSZAR WIEJSKI
1,0,2,2014,Opady deszczu,Najechanie na zwierzę,Opady deszczu,Noc - droga nieoświetlona,Jezdnia,EWK-98645844T,19,2014-11-15,Lekko,19*49'216,52*30'579,62,Obszar niezabudowany,Odcinek prosty,Droga krajowa,Jednojezdniowa dwukierunkowa,N,POWIAT PŁOCKI,SŁUPNO - OBSZAR WIEJSKI
1,0,0,2014,Opady deszczu,Najechanie na zwierzę,Opady deszczu,Noc - droga nieoświetlona,Jezdnia,EWK-98645844T,19,2014-11-15,Nieokreślone (puste pole),19*49'216,52*30'579,62,Obszar niezabudowany,Odcinek prosty,Droga krajowa,Jednojezdniowa dwukierunkowa,N,POWIAT PŁOCKI,SŁUPNO - OBSZAR WIEJSKI
1,0,1,2014,Opady deszczu,Wywrócenie się pojazdu,Opady deszczu,Noc - droga nieoświetlona,Jezdnia,EWK-98192691X,3,2014-04-06,Ciężko,21*10'349,51*11'280,P3555W,Obszar niezabudowany,Odcinek prosty,Droga powiatowa,Jednojezdniowa dwukierunkowa,T,POWIAT RADOMSKI,IŁŻA - OBSZAR WIEJSKI
1,0,1,2014,Opady deszczu,Wywrócenie się pojazdu,Opady deszczu,Noc - droga nieoświetlona,Jezdnia,EWK-98192691X,3,2014-04-06,Lekko,21*10'349,51*11'280,P3555W,Obszar niezabudowany,Odcinek prosty,Droga powiatowa,Jednojezdniowa dwukierunkowa,T,POWIAT RADOMSKI,IŁŻA - OBSZAR WIEJSKI
1,0,2,2014,Opady deszczu,Wywrócenie się pojazdu,Opady deszczu,Noc - droga nieoświetlona,Jezdnia,EWK-98268245X,21,2014-06-01,Lekko,21*36'409,52*47'219,4401W,Obszar niezabudowany,"Zakręt, łuk",Droga powiatowa,Jednojezdniowa dwukierunkowa,N,POWIAT WYSZKOWSKI,DŁUGOSIODŁO - OBSZAR WIEJSKI
1,0,0,2014,Opady deszczu,Wywrócenie się pojazdu,Opady deszczu,Noc - droga nieoświetlona,Jezdnia,EWK-98268245X,21,2014-06-01,Nieokreślone (puste pole),21*36'409,52*47'219,4401W,Obszar niezabudowany,"Zakręt, łuk",Droga powiatowa,Jednojezdniowa dwukierunkowa,N,POWIAT WYSZKOWSKI,DŁUGOSIODŁO - OBSZAR WIEJSKI
1,0,3,2014,Opady deszczu,Wywrócenie się pojazdu,Opady deszczu,Noc - droga nieoświetlona,Jezdnia,EWK-98343075N,0,2014-08-01,Lekko,21*13'174,51*53'086,731,Obszar niezabudowany,"Zakręt, łuk",Droga wojewódzka,Jednojezdniowa dwukierunkowa,N,POWIAT GRÓJECKI,WARKA - OBSZAR WIEJSKI
1,0,1,2014,Opady deszczu,Wywrócenie się pojazdu,Opady deszczu,Noc - droga nieoświetlona,Jezdnia,EWK-98416374X,22,2014-09-21,Lekko,19*38'478,52*29'116,60,Obszar niezabudowany,Odcinek prosty,Droga krajowa,Jednojezdniowa dwukierunkowa,N,POWIAT PŁOCKI,ŁĄCK - OBSZAR WIEJSKI
1,0,0,2014,Opady deszczu,Wywrócenie się pojazdu,Opady deszczu,Noc - droga nieoświetlona,Jezdnia,EWK-98416374X,22,2014-09-21,Nieokreślone (puste pole),19*38'478,52*29'116,60,Obszar niezabudowany,Odcinek prosty,Droga krajowa,Jednojezdniowa dwukierunkowa,N,POWIAT PŁOCKI,ŁĄCK - OBSZAR WIEJSKI
1,0,1,2014,Opady deszczu,Wywrócenie się pojazdu,Opady deszczu,Noc - droga nieoświetlona,Jezdnia,EWK-98671530P,23,2014-12-06,Ciężko,20*45'226,53*12'408,P3216W,Obszar niezabudowany,Odcinek prosty,Droga powiatowa,Jednojezdniowa dwukierunkowa,N,POWIAT PRZASNYSKI,KRZYNOWŁOGA MAŁA - OBSZAR WIEJSKI
1,0,1,2014,Opady deszczu,Wywrócenie się pojazdu,Opady deszczu,Noc - droga nieoświetlona,"Skarpa, rów",EWK-98283385E,21,2014-06-21,Lekko,20*12'070,52*23'341,62,Obszar niezabudowany,Odcinek prosty,Droga krajowa,Jednojezdniowa dwukierunkowa,T,POWIAT PŁOCKI,WYSZOGRÓD - OBSZAR MIEJSKI
1,1,0,2014,Opady deszczu,Wywrócenie się pojazdu,Opady deszczu,Światło dzienne,Jezdnia,EWK-98212452K,10,2014-04-26,Nieokreślone (puste pole),21*31'550,52*00'168,17,Obszar niezabudowany,Odcinek prosty,Droga krajowa,Jednojezdniowa dwukierunkowa,N,POWIAT GARWOLIŃSKI,PILAWA - OBSZAR WIEJSKI
1,0,1,2014,Opady deszczu,Wywrócenie się pojazdu,Opady deszczu,Światło dzienne,Jezdnia,EWK-98274457A,6,2014-06-14,Lekko,21*02'028,51*25'562,740,Obszar zabudowany,Odcinek prosty,Droga wojewódzka,Jednojezdniowa dwukierunkowa,N,POWIAT RADOMSKI,ZAKRZEW - OBSZAR WIEJSKI
1,0,0,2014,Opady deszczu,Wywrócenie się pojazdu,Opady deszczu,Światło dzienne,Jezdnia,EWK-98274457A,6,2014-06-14,Nieokreślone (puste pole),21*02'028,51*25'562,740,Obszar zabudowany,Odcinek prosty,Droga wojewódzka,Jednojezdniowa dwukierunkowa,N,POWIAT RADOMSKI,ZAKRZEW - OBSZAR WIEJSKI
1,0,1,2014,Opady deszczu,Wywrócenie się pojazdu,Opady deszczu,Światło dzienne,Jezdnia,EWK-98344066Q,12,2014-08-01,Lekko,21*52'080,52*47'484,S8O,Obszar niezabudowany,"Zakręt, łuk",Droga krajowa,Jednokierunkowa,N,POWIAT OSTROWSKI,OSTRÓW MAZOWIECKA - OBSZAR MIEJSKI
1,0,0,2014,Opady deszczu,Wywrócenie się pojazdu,Opady deszczu,Światło dzienne,Jezdnia,EWK-98344066Q,12,2014-08-01,Nieokreślone (puste pole),21*52'080,52*47'484,S8O,Obszar niezabudowany,"Zakręt, łuk",Droga krajowa,Jednokierunkowa,N,POWIAT OSTROWSKI,OSTRÓW MAZOWIECKA - OBSZAR MIEJSKI
1,0,3,2014,Opady deszczu,Wywrócenie się pojazdu,Opady deszczu,Światło dzienne,Jezdnia,EWK-98704440H,15,2014-12-22,Ciężko,22*14'497,52*21'083,63,Obszar niezabudowany,Odcinek prosty,Droga krajowa,Jednojezdniowa dwukierunkowa,N,POWIAT SOKOŁOWSKI,BIELANY - OBSZAR WIEJSKI
1,0,1,2014,Opady deszczu,Wywrócenie się pojazdu,Opady deszczu,Światło dzienne,Pobocze,EWK-98206606D,17,2014-04-19,Ciężko,21*30'520,51*35'379,48,Obszar niezabudowany,"Zakręt, łuk",Droga krajowa,Jednojezdniowa dwukierunkowa,N,POWIAT KOZIENICKI,KOZIENICE - OBSZAR WIEJSKI
1,0,1,2014,Opady deszczu,Wywrócenie się pojazdu,Opady deszczu,Światło dzienne,"Skarpa, rów",EWK-98197861K,7,2014-04-14,Ciężko,20*42'188,51*18'302,727,Obszar zabudowany,"Zakręt, łuk",Droga wojewódzka,Jednojezdniowa dwukierunkowa,N,POWIAT PRZYSUSKI,BORKOWICE - OBSZAR WIEJSKI
1,0,1,2014,Opady deszczu,Wywrócenie się pojazdu,Opady deszczu,Światło dzienne,"Skarpa, rów",EWK-98665057F,9,2014-11-25,Lekko,21*07'576,53*05'001,3234W,Obszar zabudowany,"Zakręt, łuk",Droga powiatowa,Jednojezdniowa dwukierunkowa,N,POWIAT MAKOWSKI,KRASNOSIELC - OBSZAR WIEJSKI
1,0,1,2014,Opady deszczu,Wywrócenie się pojazdu,Opady deszczu,Światło dzienne,"Skarpa, rów",EWK-98670112G,15,2014-12-04,Ciężko,20*37'447,52*59'217,616,Obszar niezabudowany,Wierzchołek wzn.,Droga wojewódzka,Jednojezdniowa dwukierunkowa,N,POWIAT CIECHANOWSKI,GRUDUSK - OBSZAR WIEJSKI
1,0,0,2014,Opady deszczu,Wywrócenie się pojazdu,Opady deszczu,Światło dzienne,"Skarpa, rów",EWK-98670112G,15,2014-12-04,Nieokreślone (puste pole),20*37'447,52*59'217,616,Obszar niezabudowany,Wierzchołek wzn.,Droga wojewódzka,Jednojezdniowa dwukierunkowa,N,POWIAT CIECHANOWSKI,GRUDUSK - OBSZAR WIEJSKI
1,0,4,2014,Opady deszczu,Zdarzenie z pasażerem,Opady deszczu,Noc - droga nieoświetlona,Jezdnia,EWK-98693724P,20,2014-12-22,Lekko,21*27'440,51*28'510,G,Obszar niezabudowany,Odcinek prosty,Nieokreślone (puste pole),Jednojezdniowa dwukierunkowa,N,POWIAT RADOMSKI,PIONKI - OBSZAR MIEJSKI
1,0,1,2014,Opady deszczu,Zdarzenie z pasażerem,Opady deszczu,Noc - droga nieoświetlona,"Skarpa, rów",EWK-98709752H,16,2014-12-24,Lekko,21*45'306,51*45'370,17,Obszar niezabudowany,Odcinek prosty,Droga krajowa,Jednojezdniowa dwukierunkowa,T,POWIAT GARWOLIŃSKI,SOBOLEW - OBSZAR WIEJSKI
1,0,0,2014,Opady deszczu,Zdarzenie z pasażerem,Opady deszczu,Noc - droga nieoświetlona,"Skarpa, rów",EWK-98709752H,16,2014-12-24,Nieokreślone (puste pole),21*45'306,51*45'370,17,Obszar niezabudowany,Odcinek prosty,Droga krajowa,Jednojezdniowa dwukierunkowa,T,POWIAT GARWOLIŃSKI,SOBOLEW - OBSZAR WIEJSKI
1,0,1,2014,Opady deszczu,Zdarzenie z pasażerem,Opady deszczu,Światło dzienne,Przystanek komunikacji publicznej,EWK-98299554A,13,2014-06-04,Ciężko,21*09'563,51*24'325,P5304W  ,Obszar zabudowany,Odcinek prosty,Droga powiatowa,Jednojezdniowa dwukierunkowa,N,POWIAT RADOM,RADOM - OBSZAR MIEJSKI
1,0,0,2014,Opady deszczu,Zdarzenie z pasażerem,Opady deszczu,Światło dzienne,Przystanek komunikacji publicznej,EWK-98299554A,13,2014-06-04,Nieokreślone (puste pole),21*09'563,51*24'325,P5304W  ,Obszar zabudowany,Odcinek prosty,Droga powiatowa,Jednojezdniowa dwukierunkowa,N,POWIAT RADOM,RADOM - OBSZAR MIEJSKI
1,0,1,2014,Opady deszczu,Zderzenie pojazdów boczne,Opady deszczu,Noc - droga nieoświetlona,Jezdnia,EWK-98277803Y,5,2014-02-11,Ciężko,19*39'115,52*53'171,560,Obszar niezabudowany,Wzniesienie,Droga wojewódzka,Jednojezdniowa dwukierunkowa,N,POWIAT SIERPECKI,SIERPC - OBSZAR MIEJSKI
1,0,0,2014,Opady deszczu,Zderzenie pojazdów boczne,Opady deszczu,Noc - droga nieoświetlona,Jezdnia,EWK-98277803Y,5,2014-02-11,Nieokreślone (puste pole),19*39'115,52*53'171,560,Obszar niezabudowany,Wzniesienie,Droga wojewódzka,Jednojezdniowa dwukierunkowa,N,POWIAT SIERPECKI,SIERPC - OBSZAR MIEJSKI
1,0,1,2014,Opady deszczu,Zderzenie pojazdów boczne,Opady deszczu,Noc - droga nieoświetlona,Jezdnia,EWK-98667783A,6,2014-11-20,Lekko,21*35'060,51*53'593,76,Obszar niezabudowany,,Droga krajowa,Jednojezdniowa dwukierunkowa,N,POWIAT GARWOLIŃSKI,GARWOLIN - OBSZAR MIEJSKI
1,0,0,2014,Opady deszczu,Zderzenie pojazdów boczne,Opady deszczu,Noc - droga nieoświetlona,Jezdnia,EWK-98667783A,6,2014-11-20,Nieokreślone (puste pole),21*35'060,51*53'593,76,Obszar niezabudowany,,Droga krajowa,Jednojezdniowa dwukierunkowa,N,POWIAT GARWOLIŃSKI,GARWOLIN - OBSZAR MIEJSKI
1,0,1,2014,Opady deszczu,Zderzenie pojazdów boczne,Opady deszczu,Noc - droga nieoświetlona,Jezdnia,EWK-98670573F,3,2014-12-06,Lekko,19*42'397,52*53'337,541,Obszar niezabudowany,"Zakręt, łuk",Droga wojewódzka,Jednojezdniowa dwukierunkowa,N,POWIAT SIERPECKI,ROŚCISZEWO - OBSZAR WIEJSKI
1,0,0,2014,Opady deszczu,Zderzenie pojazdów boczne,Opady deszczu,Noc - droga nieoświetlona,Jezdnia,EWK-98670573F,3,2014-12-06,Nieokreślone (puste pole),19*42'397,52*53'337,541,Obszar niezabudowany,"Zakręt, łuk",Droga wojewódzka,Jednojezdniowa dwukierunkowa,N,POWIAT SIERPECKI,ROŚCISZEWO - OBSZAR WIEJSKI
1,0,2,2014,Opady deszczu,Zderzenie pojazdów boczne,Opady deszczu,Noc - droga nieoświetlona,Jezdnia,EWK-98693124R,18,2014-12-20,Lekko,20*22'519,52*09'421,3831W,Obszar niezabudowany,Odcinek prosty,Droga powiatowa,Jednojezdniowa dwukierunkowa,N,POWIAT SOCHACZEWSKI,TERESIN - OBSZAR WIEJSKI
1,0,4,2014,Opady deszczu,Zderzenie pojazdów boczne,Opady deszczu,Noc - droga nieoświetlona,Jezdnia,EWK-98699563M,16,2014-12-22,Lekko,21*02'101,51*33'141,GMINNA,Obszar niezabudowany,Odcinek prosty,Droga gminna,Jednojezdniowa dwukierunkowa,N,POWIAT BIAŁOBRZESKI,STARA BŁOTNICA - OBSZAR WIEJSKI
1,0,0,2014,Opady deszczu,Zderzenie pojazdów boczne,Opady deszczu,Noc - droga nieoświetlona,Jezdnia,EWK-98699563M,16,2014-12-22,Nieokreślone (puste pole),21*02'101,51*33'141,GMINNA,Obszar niezabudowany,Odcinek prosty,Droga gminna,Jednojezdniowa dwukierunkowa,N,POWIAT BIAŁOBRZESKI,STARA BŁOTNICA - OBSZAR WIEJSKI
1,0,1,2014,Opady deszczu,Zderzenie pojazdów boczne,Opady deszczu,Noc - droga oświetlona,Jezdnia,EWK-98078039R,2,2014-01-01,Lekko,21*09'174,51*23'312,P5321W,Obszar zabudowany,,Droga powiatowa,Dwie jezdnie jednokierunkowe,N,POWIAT RADOM,RADOM - OBSZAR MIEJSKI
1,0,0,2014,Opady deszczu,Zderzenie pojazdów boczne,Opady deszczu,Noc - droga oświetlona,Jezdnia,EWK-98078039R,2,2014-01-01,Nieokreślone (puste pole),21*09'174,51*23'312,P5321W,Obszar zabudowany,,Droga powiatowa,Dwie jezdnie jednokierunkowe,N,POWIAT RADOM,RADOM - OBSZAR MIEJSKI
1,1,0,2014,Opady deszczu,Zderzenie pojazdów boczne,Opady deszczu,Noc - droga oświetlona,Jezdnia,EWK-98188910R,20,2014-04-08,Nieokreślone (puste pole),20*10'256,52*15'014,50,Obszar niezabudowany,,Droga krajowa,Jednojezdniowa dwukierunkowa,T,POWIAT SOCHACZEWSKI,SOCHACZEW - OBSZAR WIEJSKI
1,0,1,2014,Opady deszczu,Zderzenie pojazdów boczne,Opady deszczu,Noc - droga oświetlona,Jezdnia,EWK-98230659H,3,2014-05-12,Ciężko,20*38'253,51*32'045,48,Obszar zabudowany,Odcinek prosty,Droga krajowa,Jednojezdniowa dwukierunkowa,T,POWIAT PRZYSUSKI,KLWÓW - OBSZAR WIEJSKI
1,0,4,2014,Opady deszczu,Zderzenie pojazdów boczne,Opady deszczu,Noc - droga oświetlona,Jezdnia,EWK-98230659H,3,2014-05-12,Lekko,20*38'253,51*32'045,48,Obszar zabudowany,Odcinek prosty,Droga krajowa,Jednojezdniowa dwukierunkowa,T,POWIAT PRZYSUSKI,KLWÓW - OBSZAR WIEJSKI
1,0,0,2014,Opady deszczu,Zderzenie pojazdów boczne,Opady deszczu,Noc - droga oświetlona,Jezdnia,EWK-98230659H,3,2014-05-12,Nieokreślone (puste pole),20*38'253,51*32'045,48,Obszar zabudowany,Odcinek prosty,Droga krajowa,Jednojezdniowa dwukierunkowa,T,POWIAT PRZYSUSKI,KLWÓW - OBSZAR WIEJSKI
1,0,1,2014,Opady deszczu,Zderzenie pojazdów boczne,Opady deszczu,Noc - droga oświetlona,Jezdnia,EWK-98239616Y,23,2014-05-16,Ciężko,20*24'404,52*36'026,7,Obszar niezabudowany,,Droga krajowa,Dwie jezdnie jednokierunkowe,T,POWIAT PŁOŃSKI,PŁOŃSK - OBSZAR WIEJSKI
1,0,0,2014,Opady deszczu,Zderzenie pojazdów boczne,Opady deszczu,Noc - droga oświetlona,Jezdnia,EWK-98239616Y,23,2014-05-16,Nieokreślone (puste pole),20*24'404,52*36'026,7,Obszar niezabudowany,,Droga krajowa,Dwie jezdnie jednokierunkowe,T,POWIAT PŁOŃSKI,PŁOŃSK - OBSZAR WIEJSKI
1,0,1,2014,Opady deszczu,Zderzenie pojazdów boczne,Opady deszczu,Noc - droga oświetlona,Jezdnia,EWK-98642115J,5,2014-11-07,Lekko,20*26'315,52*03'496,GMINNA,Obszar zabudowany,,Droga gminna,Jednojezdniowa dwukierunkowa,N,POWIAT ŻYRARDOWSKI,ŻYRARDÓW - OBSZAR MIEJSKI
1,0,0,2014,Opady deszczu,Zderzenie pojazdów boczne,Opady deszczu,Noc - droga oświetlona,Jezdnia,EWK-98642115J,5,2014-11-07,Nieokreślone (puste pole),20*26'315,52*03'496,GMINNA,Obszar zabudowany,,Droga gminna,Jednojezdniowa dwukierunkowa,N,POWIAT ŻYRARDOWSKI,ŻYRARDÓW - OBSZAR MIEJSKI
1,0,1,2014,Opady deszczu,Zderzenie pojazdów boczne,Opady deszczu,Noc - droga oświetlona,Jezdnia,EWK-98671424R,6,2014-12-06,Lekko,19*38'553,52*30'159,62,Obszar zabudowany,Odcinek prosty,Droga krajowa,Jednojezdniowa dwukierunkowa,N,POWIAT PŁOCK,PŁOCK - OBSZAR MIEJSKI
1,0,0,2014,Opady deszczu,Zderzenie pojazdów boczne,Opady deszczu,Noc - droga oświetlona,Jezdnia,EWK-98671424R,6,2014-12-06,Nieokreślone (puste pole),19*38'553,52*30'159,62,Obszar zabudowany,Odcinek prosty,Droga krajowa,Jednojezdniowa dwukierunkowa,N,POWIAT PŁOCK,PŁOCK - OBSZAR MIEJSKI
1,0,2,2014,Opady deszczu,Zderzenie pojazdów boczne,Opady deszczu,"Zmrok, świt",Jezdnia,EWK-98422987A,6,2014-09-27,Ciężko,21*38'581,52*41'332,8,Obszar niezabudowany,,Droga krajowa,Jednojezdniowa dwukierunkowa,T,POWIAT WYSZKOWSKI,BRAŃSZCZYK - OBSZAR WIEJSKI
1,1,0,2014,Opady deszczu,Zderzenie pojazdów boczne,Opady deszczu,"Zmrok, świt",Jezdnia,EWK-98422987A,6,2014-09-27,Nieokreślone (puste pole),21*38'581,52*41'332,8,Obszar niezabudowany,,Droga krajowa,Jednojezdniowa dwukierunkowa,T,POWIAT WYSZKOWSKI,BRAŃSZCZYK - OBSZAR WIEJSKI
1,0,1,2014,Opady deszczu,Zderzenie pojazdów boczne,Opady deszczu,"Zmrok, świt",Jezdnia,EWK-98692758D,7,2014-12-18,Lekko,20*24'589,52*03'322,GMINNA,Obszar zabudowany,Odcinek prosty,Droga gminna,Jednojezdniowa dwukierunkowa,N,POWIAT ŻYRARDOWSKI,ŻYRARDÓW - OBSZAR MIEJSKI
1,0,0,2014,Opady deszczu,Zderzenie pojazdów boczne,Opady deszczu,"Zmrok, świt",Jezdnia,EWK-98692758D,7,2014-12-18,Nieokreślone (puste pole),20*24'589,52*03'322,GMINNA,Obszar zabudowany,Odcinek prosty,Droga gminna,Jednojezdniowa dwukierunkowa,N,POWIAT ŻYRARDOWSKI,ŻYRARDÓW - OBSZAR MIEJSKI
1,0,1,2014,Opady deszczu,Zderzenie pojazdów boczne,Opady deszczu,Światło dzienne,Jezdnia,EWK-98084707E,14,2014-01-08,Lekko,20*57'094,53*00'361,544,Obszar niezabudowany,Odcinek prosty,Droga wojewódzka,Jednojezdniowa dwukierunkowa,N,POWIAT PRZASNYSKI,PRZASNYSZ - OBSZAR WIEJSKI
1,0,0,2014,Opady deszczu,Zderzenie pojazdów boczne,Opady deszczu,Światło dzienne,Jezdnia,EWK-98084707E,14,2014-01-08,Nieokreślone (puste pole),20*57'094,53*00'361,544,Obszar niezabudowany,Odcinek prosty,Droga wojewódzka,Jednojezdniowa dwukierunkowa,N,POWIAT PRZASNYSKI,PRZASNYSZ - OBSZAR WIEJSKI
1,0,1,2014,Opady deszczu,Zderzenie pojazdów boczne,Opady deszczu,Światło dzienne,Jezdnia,EWK-98095806G,12,2014-01-17,Lekko,20*23'152,52*10'248,3831W,Obszar zabudowany,Odcinek prosty,Droga powiatowa,Jednojezdniowa dwukierunkowa,N,POWIAT SOCHACZEWSKI,TERESIN - OBSZAR WIEJSKI
1,0,0,2014,Opady deszczu,Zderzenie pojazdów boczne,Opady deszczu,Światło dzienne,Jezdnia,EWK-98095806G,12,2014-01-17,Nieokreślone (puste pole),20*23'152,52*10'248,3831W,Obszar zabudowany,Odcinek prosty,Droga powiatowa,Jednojezdniowa dwukierunkowa,N,POWIAT SOCHACZEWSKI,TERESIN - OBSZAR WIEJSKI
1,0,1,2014,Opady deszczu,Zderzenie pojazdów boczne,Opady deszczu,Światło dzienne,Jezdnia,EWK-98175272Q,8,2014-03-25,Ciężko,21*05'562,52*51'381,57,Obszar zabudowany,,Droga krajowa,Jednojezdniowa dwukierunkowa,N,POWIAT MAKOWSKI,MAKÓW MAZOWIECKI - OBSZAR MIEJSKI
1,0,0,2014,Opady deszczu,Zderzenie pojazdów boczne,Opady deszczu,Światło dzienne,Jezdnia,EWK-98175272Q,8,2014-03-25,Nieokreślone (puste pole),21*05'562,52*51'381,57,Obszar zabudowany,,Droga krajowa,Jednojezdniowa dwukierunkowa,N,POWIAT MAKOWSKI,MAKÓW MAZOWIECKI - OBSZAR MIEJSKI