Liczba wypadków,Liczba zabitych,Liczba rannych,Rok,Warunki atmosferyczne,Rodzaj zdarzenia,Warunki atmosferyczne,Oświetlenie,Charakterystyka miejsca zdarzenia,IDKSIP zdarzenia,Godzina,Dzień,Ranny,GPS x,GPS y,Numer drogi,Obszar,Geometria drogi,Kategoria drogi 1,Rodzaj drogi,Czy w zdarzeniu był sprawca nietrzeźwy,Powiat,Gmina
1,0,1,2014,Opady deszczu,Zderzenie pojazdów boczne,Opady deszczu,Światło dzienne,Jezdnia,EWK-98212947M,8,2014-04-26,Lekko,21*05'514,51*21'555,P3564W,Obszar zabudowany,"Zakręt, łuk",Droga powiatowa,Jednojezdniowa dwukierunkowa,N,POWIAT RADOM,RADOM - OBSZAR MIEJSKI
1,0,0,2014,Opady deszczu,Zderzenie pojazdów boczne,Opady deszczu,Światło dzienne,Jezdnia,EWK-98212947M,8,2014-04-26,Nieokreślone (puste pole),21*05'514,51*21'555,P3564W,Obszar zabudowany,"Zakręt, łuk",Droga powiatowa,Jednojezdniowa dwukierunkowa,N,POWIAT RADOM,RADOM - OBSZAR MIEJSKI
1,1,0,2014,Opady deszczu,Zderzenie pojazdów boczne,Opady deszczu,Światło dzienne,Jezdnia,EWK-98226930P,7,2014-05-08,Nieokreślone (puste pole),21*53'138,52*48'260,GMINNA,Obszar niezabudowany,"Zakręt, łuk",Droga gminna,Jednojezdniowa dwukierunkowa,N,POWIAT OSTROWSKI,OSTRÓW MAZOWIECKA - OBSZAR MIEJSKI
1,0,1,2014,Opady deszczu,Zderzenie pojazdów boczne,Opady deszczu,Światło dzienne,Jezdnia,EWK-98242362L,13,2014-05-16,Lekko,21*37'438,51*12'189,79,Obszar niezabudowany,Odcinek prosty,Droga krajowa,Jednojezdniowa dwukierunkowa,N,POWIAT LIPSKI,CIEPIELÓW - OBSZAR WIEJSKI
1,0,0,2014,Opady deszczu,Zderzenie pojazdów boczne,Opady deszczu,Światło dzienne,Jezdnia,EWK-98242362L,13,2014-05-16,Nieokreślone (puste pole),21*37'438,51*12'189,79,Obszar niezabudowany,Odcinek prosty,Droga krajowa,Jednojezdniowa dwukierunkowa,N,POWIAT LIPSKI,CIEPIELÓW - OBSZAR WIEJSKI
1,0,1,2014,Opady deszczu,Zderzenie pojazdów boczne,Opady deszczu,Światło dzienne,Jezdnia,EWK-98267176T,10,2014-06-06,Lekko,20*52'570,51*37'436,48,Obszar niezabudowany,Odcinek prosty,Droga krajowa,Jednojezdniowa dwukierunkowa,N,POWIAT BIAŁOBRZESKI,WYŚMIERZYCE - OBSZAR WIEJSKI
1,1,0,2014,Opady deszczu,Zderzenie pojazdów boczne,Opady deszczu,Światło dzienne,Jezdnia,EWK-98267176T,10,2014-06-06,Nieokreślone (puste pole),20*52'570,51*37'436,48,Obszar niezabudowany,Odcinek prosty,Droga krajowa,Jednojezdniowa dwukierunkowa,N,POWIAT BIAŁOBRZESKI,WYŚMIERZYCE - OBSZAR WIEJSKI
1,0,1,2014,Opady deszczu,Zderzenie pojazdów boczne,Opady deszczu,Światło dzienne,Jezdnia,EWK-98269228J,8,2014-06-09,Ciężko,20*53'467,53*01'413,GMINNA,Obszar zabudowany,Odcinek prosty,Droga gminna,Jednojezdniowa dwukierunkowa,N,POWIAT PRZASNYSKI,PRZASNYSZ - OBSZAR MIEJSKI
1,0,0,2014,Opady deszczu,Zderzenie pojazdów boczne,Opady deszczu,Światło dzienne,Jezdnia,EWK-98269228J,8,2014-06-09,Nieokreślone (puste pole),20*53'467,53*01'413,GMINNA,Obszar zabudowany,Odcinek prosty,Droga gminna,Jednojezdniowa dwukierunkowa,N,POWIAT PRZASNYSKI,PRZASNYSZ - OBSZAR MIEJSKI
1,0,1,2014,Opady deszczu,Zderzenie pojazdów boczne,Opady deszczu,Światło dzienne,Jezdnia,EWK-98276176F,16,2014-06-13,Lekko,20*41'022,51*26'461,727,Obszar niezabudowany,,Droga wojewódzka,Jednojezdniowa dwukierunkowa,N,POWIAT PRZYSUSKI,POTWORÓW - OBSZAR WIEJSKI
1,1,0,2014,Opady deszczu,Zderzenie pojazdów boczne,Opady deszczu,Światło dzienne,Jezdnia,EWK-98276176F,16,2014-06-13,Nieokreślone (puste pole),20*41'022,51*26'461,727,Obszar niezabudowany,,Droga wojewódzka,Jednojezdniowa dwukierunkowa,N,POWIAT PRZYSUSKI,POTWORÓW - OBSZAR WIEJSKI
1,0,1,2014,Opady deszczu,Zderzenie pojazdów boczne,Opady deszczu,Światło dzienne,Jezdnia,EWK-98301981J,17,2014-07-02,Lekko,20*49'388,53*01'432,GMINNA,Obszar zabudowany,Odcinek prosty,Droga gminna,Jednojezdniowa dwukierunkowa,N,POWIAT PRZASNYSKI,PRZASNYSZ - OBSZAR WIEJSKI
1,0,0,2014,Opady deszczu,Zderzenie pojazdów boczne,Opady deszczu,Światło dzienne,Jezdnia,EWK-98301981J,17,2014-07-02,Nieokreślone (puste pole),20*49'388,53*01'432,GMINNA,Obszar zabudowany,Odcinek prosty,Droga gminna,Jednojezdniowa dwukierunkowa,N,POWIAT PRZASNYSKI,PRZASNYSZ - OBSZAR WIEJSKI
1,0,1,2014,Opady deszczu,Zderzenie pojazdów boczne,Opady deszczu,Światło dzienne,Jezdnia,EWK-98318336E,13,2014-07-12,Lekko,21*11'261,51*47'045,731,Obszar zabudowany,,Droga wojewódzka,Jednojezdniowa dwukierunkowa,N,POWIAT GRÓJECKI,WARKA - OBSZAR MIEJSKI
1,0,0,2014,Opady deszczu,Zderzenie pojazdów boczne,Opady deszczu,Światło dzienne,Jezdnia,EWK-98318336E,13,2014-07-12,Nieokreślone (puste pole),21*11'261,51*47'045,731,Obszar zabudowany,,Droga wojewódzka,Jednojezdniowa dwukierunkowa,N,POWIAT GRÓJECKI,WARKA - OBSZAR MIEJSKI
1,0,1,2014,Opady deszczu,Zderzenie pojazdów boczne,Opady deszczu,Światło dzienne,Jezdnia,EWK-98342042Q,17,2014-07-30,Ciężko,21*53'184,52*49'121,627,Obszar zabudowany,,Droga wojewódzka,Jednojezdniowa dwukierunkowa,N,POWIAT OSTROWSKI,OSTRÓW MAZOWIECKA - OBSZAR MIEJSKI
1,0,0,2014,Opady deszczu,Zderzenie pojazdów boczne,Opady deszczu,Światło dzienne,Jezdnia,EWK-98342042Q,17,2014-07-30,Nieokreślone (puste pole),21*53'184,52*49'121,627,Obszar zabudowany,,Droga wojewódzka,Jednojezdniowa dwukierunkowa,N,POWIAT OSTROWSKI,OSTRÓW MAZOWIECKA - OBSZAR MIEJSKI
1,0,1,2014,Opady deszczu,Zderzenie pojazdów boczne,Opady deszczu,Światło dzienne,Jezdnia,EWK-98380321J,8,2014-08-24,Lekko,20*57'003,52*53'470,3238W,Obszar zabudowany,,Droga powiatowa,Jednojezdniowa dwukierunkowa,N,POWIAT PRZASNYSKI,KRASNE - OBSZAR WIEJSKI
1,0,0,2014,Opady deszczu,Zderzenie pojazdów boczne,Opady deszczu,Światło dzienne,Jezdnia,EWK-98380321J,8,2014-08-24,Nieokreślone (puste pole),20*57'003,52*53'470,3238W,Obszar zabudowany,,Droga powiatowa,Jednojezdniowa dwukierunkowa,N,POWIAT PRZASNYSKI,KRASNE - OBSZAR WIEJSKI
1,0,1,2014,Opady deszczu,Zderzenie pojazdów boczne,Opady deszczu,Światło dzienne,Jezdnia,EWK-98382156X,16,2014-08-26,Ciężko,21*02'445,51*25'481,740,Obszar zabudowany,Odcinek prosty,Droga wojewódzka,Jednojezdniowa dwukierunkowa,N,POWIAT RADOMSKI,ZAKRZEW - OBSZAR WIEJSKI
1,0,0,2014,Opady deszczu,Zderzenie pojazdów boczne,Opady deszczu,Światło dzienne,Jezdnia,EWK-98382156X,16,2014-08-26,Nieokreślone (puste pole),21*02'445,51*25'481,740,Obszar zabudowany,Odcinek prosty,Droga wojewódzka,Jednojezdniowa dwukierunkowa,N,POWIAT RADOMSKI,ZAKRZEW - OBSZAR WIEJSKI
1,0,1,2014,Opady deszczu,Zderzenie pojazdów boczne,Opady deszczu,Światło dzienne,Jezdnia,EWK-98383850G,10,2014-08-26,Lekko,19*43'590,52*23'558,577,Obszar zabudowany,,Droga wojewódzka,Jednojezdniowa dwukierunkowa,N,POWIAT PŁOCKI,GĄBIN - OBSZAR MIEJSKI
1,0,0,2014,Opady deszczu,Zderzenie pojazdów boczne,Opady deszczu,Światło dzienne,Jezdnia,EWK-98383850G,10,2014-08-26,Nieokreślone (puste pole),19*43'590,52*23'558,577,Obszar zabudowany,,Droga wojewódzka,Jednojezdniowa dwukierunkowa,N,POWIAT PŁOCKI,GĄBIN - OBSZAR MIEJSKI
1,0,1,2014,Opady deszczu,Zderzenie pojazdów boczne,Opady deszczu,Światło dzienne,Jezdnia,EWK-98389364C,8,2014-08-30,Lekko,20*59'193,52*49'459,P3238W  ,Obszar zabudowany,Odcinek prosty,Droga powiatowa,Jednojezdniowa dwukierunkowa,N,POWIAT MAKOWSKI,KARNIEWO - OBSZAR WIEJSKI
1,0,0,2014,Opady deszczu,Zderzenie pojazdów boczne,Opady deszczu,Światło dzienne,Jezdnia,EWK-98389364C,8,2014-08-30,Nieokreślone (puste pole),20*59'193,52*49'459,P3238W  ,Obszar zabudowany,Odcinek prosty,Droga powiatowa,Jednojezdniowa dwukierunkowa,N,POWIAT MAKOWSKI,KARNIEWO - OBSZAR WIEJSKI
1,0,1,2014,Opady deszczu,Zderzenie pojazdów boczne,Opady deszczu,Światło dzienne,Jezdnia,EWK-98423457W,11,2014-09-22,Lekko,20*31'144,51*58'199,GMINNA,Obszar zabudowany,,Droga gminna,Jednojezdniowa dwukierunkowa,N,POWIAT ŻYRARDOWSKI,MSZCZONÓW - OBSZAR MIEJSKI
1,0,0,2014,Opady deszczu,Zderzenie pojazdów boczne,Opady deszczu,Światło dzienne,Jezdnia,EWK-98423457W,11,2014-09-22,Nieokreślone (puste pole),20*31'144,51*58'199,GMINNA,Obszar zabudowany,,Droga gminna,Jednojezdniowa dwukierunkowa,N,POWIAT ŻYRARDOWSKI,MSZCZONÓW - OBSZAR MIEJSKI
1,0,1,2014,Opady deszczu,Zderzenie pojazdów boczne,Opady deszczu,Światło dzienne,Jezdnia,EWK-98423467P,10,2014-09-23,Lekko,20*26'093,52*03'069,GMINNA,Obszar zabudowany,,Droga gminna,Jednojezdniowa dwukierunkowa,N,POWIAT ŻYRARDOWSKI,ŻYRARDÓW - OBSZAR MIEJSKI
1,0,0,2014,Opady deszczu,Zderzenie pojazdów boczne,Opady deszczu,Światło dzienne,Jezdnia,EWK-98423467P,10,2014-09-23,Nieokreślone (puste pole),20*26'093,52*03'069,GMINNA,Obszar zabudowany,,Droga gminna,Jednojezdniowa dwukierunkowa,N,POWIAT ŻYRARDOWSKI,ŻYRARDÓW - OBSZAR MIEJSKI
1,0,1,2014,Opady deszczu,Zderzenie pojazdów boczne,Opady deszczu,Światło dzienne,Jezdnia,EWK-98442499Y,12,2014-10-01,Lekko,21*05'091,51*19'238,733,Obszar zabudowany,Odcinek prosty,Droga wojewódzka,Jednojezdniowa dwukierunkowa,N,POWIAT RADOMSKI,KOWALA - OBSZAR WIEJSKI
1,0,0,2014,Opady deszczu,Zderzenie pojazdów boczne,Opady deszczu,Światło dzienne,Jezdnia,EWK-98442499Y,12,2014-10-01,Nieokreślone (puste pole),21*05'091,51*19'238,733,Obszar zabudowany,Odcinek prosty,Droga wojewódzka,Jednojezdniowa dwukierunkowa,N,POWIAT RADOMSKI,KOWALA - OBSZAR WIEJSKI
1,0,1,2014,Opady deszczu,Zderzenie pojazdów boczne,Opady deszczu,Światło dzienne,Jezdnia,EWK-98446743U,6,2014-10-01,Ciężko,20*25'473,52*03'045,GMINNA,Obszar zabudowany,,Droga gminna,Jednojezdniowa dwukierunkowa,N,POWIAT ŻYRARDOWSKI,ŻYRARDÓW - OBSZAR MIEJSKI
1,0,0,2014,Opady deszczu,Zderzenie pojazdów boczne,Opady deszczu,Światło dzienne,Jezdnia,EWK-98446743U,6,2014-10-01,Nieokreślone (puste pole),20*25'473,52*03'045,GMINNA,Obszar zabudowany,,Droga gminna,Jednojezdniowa dwukierunkowa,N,POWIAT ŻYRARDOWSKI,ŻYRARDÓW - OBSZAR MIEJSKI
1,0,1,2014,Opady deszczu,Zderzenie pojazdów boczne,Opady deszczu,Światło dzienne,Jezdnia,EWK-98638357W,6,2014-11-09,Ciężko,21*33'580,51*21'315,12,Obszar zabudowany,,Droga krajowa,Jednojezdniowa dwukierunkowa,N,POWIAT ZWOLEŃSKI,ZWOLEŃ - OBSZAR MIEJSKI
1,0,1,2014,Opady deszczu,Zderzenie pojazdów boczne,Opady deszczu,Światło dzienne,Jezdnia,EWK-98638357W,6,2014-11-09,Lekko,21*33'580,51*21'315,12,Obszar zabudowany,,Droga krajowa,Jednojezdniowa dwukierunkowa,N,POWIAT ZWOLEŃSKI,ZWOLEŃ - OBSZAR MIEJSKI
1,0,0,2014,Opady deszczu,Zderzenie pojazdów boczne,Opady deszczu,Światło dzienne,Jezdnia,EWK-98638357W,6,2014-11-09,Nieokreślone (puste pole),21*33'580,51*21'315,12,Obszar zabudowany,,Droga krajowa,Jednojezdniowa dwukierunkowa,N,POWIAT ZWOLEŃSKI,ZWOLEŃ - OBSZAR MIEJSKI
1,0,1,2014,Opady deszczu,Zderzenie pojazdów boczne,Opady deszczu,Światło dzienne,Jezdnia,EWK-98658520K,10,2014-11-25,Lekko,21*07'433,51*21'092,744,Obszar zabudowany,,Droga wojewódzka,Jednojezdniowa dwukierunkowa,N,POWIAT RADOMSKI,KOWALA - OBSZAR WIEJSKI
1,0,0,2014,Opady deszczu,Zderzenie pojazdów boczne,Opady deszczu,Światło dzienne,Jezdnia,EWK-98658520K,10,2014-11-25,Nieokreślone (puste pole),21*07'433,51*21'092,744,Obszar zabudowany,,Droga wojewódzka,Jednojezdniowa dwukierunkowa,N,POWIAT RADOMSKI,KOWALA - OBSZAR WIEJSKI
1,0,1,2014,Opady deszczu,Zderzenie pojazdów boczne,Opady deszczu,Światło dzienne,Jezdnia,EWK-98684353E,10,2014-12-14,Ciężko,22*17'166,52*08'390,W628,Obszar zabudowany,Odcinek prosty,Droga wojewódzka,Jednojezdniowa dwukierunkowa,N,POWIAT SIEDLCE,SIEDLCE - OBSZAR MIEJSKI
1,0,0,2014,Opady deszczu,Zderzenie pojazdów boczne,Opady deszczu,Światło dzienne,Jezdnia,EWK-98684353E,10,2014-12-14,Nieokreślone (puste pole),22*17'166,52*08'390,W628,Obszar zabudowany,Odcinek prosty,Droga wojewódzka,Jednojezdniowa dwukierunkowa,N,POWIAT SIEDLCE,SIEDLCE - OBSZAR MIEJSKI
1,0,1,2014,Opady deszczu,Zderzenie pojazdów boczne,Opady deszczu,Światło dzienne,Jezdnia,EWK-98684387R,12,2014-12-12,Lekko,22*24'067,52*03'096,GMINNA,Obszar zabudowany,Odcinek prosty,Droga gminna,Jednojezdniowa dwukierunkowa,N,POWIAT SIEDLECKI,ZBUCZYN - OBSZAR WIEJSKI
1,0,0,2014,Opady deszczu,Zderzenie pojazdów boczne,Opady deszczu,Światło dzienne,Jezdnia,EWK-98684387R,12,2014-12-12,Nieokreślone (puste pole),22*24'067,52*03'096,GMINNA,Obszar zabudowany,Odcinek prosty,Droga gminna,Jednojezdniowa dwukierunkowa,N,POWIAT SIEDLECKI,ZBUCZYN - OBSZAR WIEJSKI
1,0,1,2014,Opady deszczu,Zderzenie pojazdów boczne,Opady deszczu,Światło dzienne,Jezdnia,EWK-98691940P,7,2014-12-19,Lekko,21*26'518,51*28'489,GMINNA,Obszar zabudowany,,Droga gminna,Jednojezdniowa dwukierunkowa,N,POWIAT RADOMSKI,PIONKI - OBSZAR MIEJSKI
1,0,0,2014,Opady deszczu,Zderzenie pojazdów boczne,Opady deszczu,Światło dzienne,Jezdnia,EWK-98691940P,7,2014-12-19,Nieokreślone (puste pole),21*26'518,51*28'489,GMINNA,Obszar zabudowany,,Droga gminna,Jednojezdniowa dwukierunkowa,N,POWIAT RADOMSKI,PIONKI - OBSZAR MIEJSKI
1,0,1,2014,Opady deszczu,Zderzenie pojazdów boczne,Opady deszczu,Światło dzienne,Jezdnia,EWK-98697212K,8,2014-12-22,Ciężko,20*52'192,51*52'318,722,Obszar niezabudowany,Odcinek prosty,Droga wojewódzka,Jednojezdniowa dwukierunkowa,N,POWIAT GRÓJECKI,GRÓJEC - OBSZAR MIEJSKI
1,0,0,2014,Opady deszczu,Zderzenie pojazdów boczne,Opady deszczu,Światło dzienne,Jezdnia,EWK-98697212K,8,2014-12-22,Nieokreślone (puste pole),20*52'192,51*52'318,722,Obszar niezabudowany,Odcinek prosty,Droga wojewódzka,Jednojezdniowa dwukierunkowa,N,POWIAT GRÓJECKI,GRÓJEC - OBSZAR MIEJSKI
1,0,3,2014,Opady deszczu,Zderzenie pojazdów boczne,Opady deszczu,Światło dzienne,Jezdnia,EWK-98707320E,8,2014-12-24,Lekko,21*57'132,52*12'139,2,Obszar zabudowany,,Droga krajowa,Jednojezdniowa dwukierunkowa,N,POWIAT SIEDLECKI,KOTUŃ - OBSZAR WIEJSKI
1,0,0,2014,Opady deszczu,Zderzenie pojazdów boczne,Opady deszczu,Światło dzienne,Jezdnia,EWK-98707320E,8,2014-12-24,Nieokreślone (puste pole),21*57'132,52*12'139,2,Obszar zabudowany,,Droga krajowa,Jednojezdniowa dwukierunkowa,N,POWIAT SIEDLECKI,KOTUŃ - OBSZAR WIEJSKI
1,0,2,2014,Opady deszczu,Zderzenie pojazdów boczne,Opady deszczu,Światło dzienne,Przejazd kolejowy niestrzeżony,EWK-98346858X,8,2014-08-01,Lekko,20*18'589,51*58'348,GMINNA,Obszar zabudowany,Odcinek prosty,Droga gminna,Jednojezdniowa dwukierunkowa,N,POWIAT ŻYRARDOWSKI,PUSZCZA MARIAŃSKA - OBSZAR WIEJSKI
1,0,0,2014,Opady deszczu,Zderzenie pojazdów boczne,Opady deszczu,Światło dzienne,Przejazd kolejowy niestrzeżony,EWK-98346858X,8,2014-08-01,Nieokreślone (puste pole),20*18'589,51*58'348,GMINNA,Obszar zabudowany,Odcinek prosty,Droga gminna,Jednojezdniowa dwukierunkowa,N,POWIAT ŻYRARDOWSKI,PUSZCZA MARIAŃSKA - OBSZAR WIEJSKI
1,3,0,2014,Opady deszczu,Zderzenie pojazdów czołowe,Opady deszczu,Noc - droga nieoświetlona,Jezdnia,EWK-98636171Q,22,2014-11-07,Nieokreślone (puste pole),21*14'479,51*17'098,9,Obszar niezabudowany,Odcinek prosty,Droga krajowa,Jednojezdniowa dwukierunkowa,N,POWIAT RADOMSKI,SKARYSZEW - OBSZAR MIEJSKI
1,0,1,2014,Opady deszczu,Zderzenie pojazdów czołowe,Opady deszczu,Noc - droga nieoświetlona,Jezdnia,EWK-98671649F,23,2014-12-05,Lekko,19*54'160,52*58'090,541,Obszar niezabudowany,"Zakręt, łuk",Droga wojewódzka,Jednojezdniowa dwukierunkowa,N,POWIAT ŻUROMIŃSKI,BIEŻUŃ - OBSZAR WIEJSKI
1,0,0,2014,Opady deszczu,Zderzenie pojazdów czołowe,Opady deszczu,Noc - droga nieoświetlona,Jezdnia,EWK-98671649F,23,2014-12-05,Nieokreślone (puste pole),19*54'160,52*58'090,541,Obszar niezabudowany,"Zakręt, łuk",Droga wojewódzka,Jednojezdniowa dwukierunkowa,N,POWIAT ŻUROMIŃSKI,BIEŻUŃ - OBSZAR WIEJSKI
1,0,1,2014,Opady deszczu,Zderzenie pojazdów czołowe,Opady deszczu,Noc - droga nieoświetlona,Jezdnia,EWK-98698793A,23,2014-12-23,Lekko,19*55'283,52*46'194,10,Obszar niezabudowany,,Droga krajowa,Jednojezdniowa dwukierunkowa,T,POWIAT SIERPECKI,ZAWIDZ - OBSZAR WIEJSKI
1,0,0,2014,Opady deszczu,Zderzenie pojazdów czołowe,Opady deszczu,Noc - droga nieoświetlona,Jezdnia,EWK-98698793A,23,2014-12-23,Nieokreślone (puste pole),19*55'283,52*46'194,10,Obszar niezabudowany,,Droga krajowa,Jednojezdniowa dwukierunkowa,T,POWIAT SIERPECKI,ZAWIDZ - OBSZAR WIEJSKI
1,0,2,2014,Opady deszczu,Zderzenie pojazdów czołowe,Opady deszczu,Noc - droga nieoświetlona,Jezdnia,EWK-98707124W,18,2014-12-24,Ciężko,20*34'095,51*58'334,K50B,Obszar niezabudowany,Odcinek prosty,Droga krajowa,Jednojezdniowa dwukierunkowa,N,POWIAT ŻYRARDOWSKI,MSZCZONÓW - OBSZAR WIEJSKI
1,0,1,2014,Opady deszczu,Zderzenie pojazdów czołowe,Opady deszczu,Noc - droga oświetlona,Jezdnia,EWK-98124634T,5,2014-02-09,Ciężko,21*05'051,52*41'416,618,Obszar zabudowany,"Zakręt, łuk",Droga wojewódzka,Jednojezdniowa dwukierunkowa,T,POWIAT PUŁTUSKI,PUŁTUSK - OBSZAR MIEJSKI
1,0,1,2014,Opady deszczu,Zderzenie pojazdów czołowe,Opady deszczu,Noc - droga oświetlona,Jezdnia,EWK-98124634T,5,2014-02-09,Lekko,21*05'051,52*41'416,618,Obszar zabudowany,"Zakręt, łuk",Droga wojewódzka,Jednojezdniowa dwukierunkowa,T,POWIAT PUŁTUSKI,PUŁTUSK - OBSZAR MIEJSKI
1,0,0,2014,Opady deszczu,Zderzenie pojazdów czołowe,Opady deszczu,Noc - droga oświetlona,Jezdnia,EWK-98124634T,5,2014-02-09,Nieokreślone (puste pole),21*05'051,52*41'416,618,Obszar zabudowany,"Zakręt, łuk",Droga wojewódzka,Jednojezdniowa dwukierunkowa,T,POWIAT PUŁTUSKI,PUŁTUSK - OBSZAR MIEJSKI
1,1,0,2014,Opady deszczu,Zderzenie pojazdów czołowe,Opady deszczu,Noc - droga oświetlona,Jezdnia,EWK-98638141M,20,2014-11-07,Nieokreślone (puste pole),22*59'286,52*12'279,02120W,Obszar zabudowany,Odcinek prosty,Droga powiatowa,Jednojezdniowa dwukierunkowa,N,POWIAT ŁOSICKI,STARA KORNICA - OBSZAR WIEJSKI
1,0,1,2014,Opady deszczu,Zderzenie pojazdów czołowe,Opady deszczu,Noc - droga oświetlona,Jezdnia,EWK-98698467N,16,2014-12-23,Ciężko,20*13'166,52*15'053,GMINNA,Obszar zabudowany,Odcinek prosty,Droga gminna,Jednojezdniowa dwukierunkowa,N,POWIAT SOCHACZEWSKI,SOCHACZEW - OBSZAR WIEJSKI
1,0,0,2014,Opady deszczu,Zderzenie pojazdów czołowe,Opady deszczu,Noc - droga oświetlona,Jezdnia,EWK-98698467N,16,2014-12-23,Nieokreślone (puste pole),20*13'166,52*15'053,GMINNA,Obszar zabudowany,Odcinek prosty,Droga gminna,Jednojezdniowa dwukierunkowa,N,POWIAT SOCHACZEWSKI,SOCHACZEW - OBSZAR WIEJSKI
1,0,4,2014,Opady deszczu,Zderzenie pojazdów czołowe,Opady deszczu,"Zmrok, świt",Jezdnia,EWK-98638486C,16,2014-11-07,Ciężko,21*06'346,51*48'495,730,Obszar niezabudowany,Odcinek prosty,Droga wojewódzka,Jednojezdniowa dwukierunkowa,N,POWIAT GRÓJECKI,WARKA - OBSZAR WIEJSKI
1,0,1,2014,Opady deszczu,Zderzenie pojazdów czołowe,Opady deszczu,"Zmrok, świt",Jezdnia,EWK-98685121T,15,2014-12-16,Ciężko,20*55'287,53*00'575,544,Obszar niezabudowany,,Droga wojewódzka,Jednojezdniowa dwukierunkowa,N,POWIAT PRZASNYSKI,PRZASNYSZ - OBSZAR MIEJSKI
1,0,1,2014,Opady deszczu,Zderzenie pojazdów czołowe,Opady deszczu,"Zmrok, świt",Jezdnia,EWK-98685121T,15,2014-12-16,Lekko,20*55'287,53*00'575,544,Obszar niezabudowany,,Droga wojewódzka,Jednojezdniowa dwukierunkowa,N,POWIAT PRZASNYSKI,PRZASNYSZ - OBSZAR MIEJSKI
1,1,0,2014,Opady deszczu,Zderzenie pojazdów czołowe,Opady deszczu,"Zmrok, świt",Jezdnia,EWK-98685121T,15,2014-12-16,Nieokreślone (puste pole),20*55'287,53*00'575,544,Obszar niezabudowany,,Droga wojewódzka,Jednojezdniowa dwukierunkowa,N,POWIAT PRZASNYSKI,PRZASNYSZ - OBSZAR MIEJSKI
1,0,2,2014,Opady deszczu,Zderzenie pojazdów czołowe,Opady deszczu,Światło dzienne,Jezdnia,EWK-98160738W,15,2014-03-15,Lekko,21*23'039,51*22'413,12,Obszar zabudowany,,Droga krajowa,Jednojezdniowa dwukierunkowa,N,POWIAT RADOMSKI,GÓZD - OBSZAR WIEJSKI
1,0,1,2014,Opady deszczu,Zderzenie pojazdów czołowe,Opady deszczu,Światło dzienne,Jezdnia,EWK-98204708T,18,2014-04-20,Ciężko,22*45'343,52*13'535,19,Obszar niezabudowany,Odcinek prosty,Droga krajowa,Jednojezdniowa dwukierunkowa,N,POWIAT ŁOSICKI,ŁOSICE - OBSZAR WIEJSKI
1,0,0,2014,Opady deszczu,Zderzenie pojazdów czołowe,Opady deszczu,Światło dzienne,Jezdnia,EWK-98204708T,18,2014-04-20,Nieokreślone (puste pole),22*45'343,52*13'535,19,Obszar niezabudowany,Odcinek prosty,Droga krajowa,Jednojezdniowa dwukierunkowa,N,POWIAT ŁOSICKI,ŁOSICE - OBSZAR WIEJSKI
1,0,1,2014,Opady deszczu,Zderzenie pojazdów czołowe,Opady deszczu,Światło dzienne,Jezdnia,EWK-98212907R,11,2014-04-27,Lekko,20*18'360,52*58'211,7,Obszar niezabudowany,Odcinek prosty; Wzniesienie,Droga krajowa,Jednojezdniowa dwukierunkowa,N,POWIAT MŁAWSKI,STRZEGOWO - OBSZAR WIEJSKI
1,1,0,2014,Opady deszczu,Zderzenie pojazdów czołowe,Opady deszczu,Światło dzienne,Jezdnia,EWK-98212907R,11,2014-04-27,Nieokreślone (puste pole),20*18'360,52*58'211,7,Obszar niezabudowany,Odcinek prosty; Wzniesienie,Droga krajowa,Jednojezdniowa dwukierunkowa,N,POWIAT MŁAWSKI,STRZEGOWO - OBSZAR WIEJSKI
1,0,2,2014,Opady deszczu,Zderzenie pojazdów czołowe,Opady deszczu,Światło dzienne,Jezdnia,EWK-98257815G,7,2014-06-02,Lekko,20*03'071,52*56'485,P2359W,Obszar niezabudowany,"Zakręt, łuk",Droga powiatowa,Jednojezdniowa dwukierunkowa,N,POWIAT MŁAWSKI,RADZANÓW - OBSZAR WIEJSKI
1,1,0,2014,Opady deszczu,Zderzenie pojazdów czołowe,Opady deszczu,Światło dzienne,Jezdnia,EWK-98295958A,7,2014-06-29,Nieokreślone (puste pole),20*15'035,52*12'351,50,Obszar zabudowany,Odcinek prosty,Droga krajowa,Jednojezdniowa dwukierunkowa,N,POWIAT SOCHACZEWSKI,SOCHACZEW - OBSZAR WIEJSKI
1,0,1,2014,Opady deszczu,Zderzenie pojazdów czołowe,Opady deszczu,Światło dzienne,Jezdnia,EWK-98300005A,15,2014-06-30,Lekko,20*15'531,52*40'563,P3028W,Obszar niezabudowany,,Droga powiatowa,Jednojezdniowa dwukierunkowa,N,POWIAT PŁOŃSKI,BABOSZEWO - OBSZAR WIEJSKI
1,0,0,2014,Opady deszczu,Zderzenie pojazdów czołowe,Opady deszczu,Światło dzienne,Jezdnia,EWK-98300005A,15,2014-06-30,Nieokreślone (puste pole),20*15'531,52*40'563,P3028W,Obszar niezabudowany,,Droga powiatowa,Jednojezdniowa dwukierunkowa,N,POWIAT PŁOŃSKI,BABOSZEWO - OBSZAR WIEJSKI
1,0,1,2014,Opady deszczu,Zderzenie pojazdów czołowe,Opady deszczu,Światło dzienne,Jezdnia,EWK-98354569W,8,2014-08-08,Lekko,19*31'418,52*27'013,G140209W,Obszar niezabudowany,"Zakręt, łuk",Droga gminna,Jednojezdniowa dwukierunkowa,N,POWIAT GOSTYNIŃSKI,GOSTYNIN - OBSZAR WIEJSKI