Liczba wypadków,Liczba zabitych,Liczba rannych,Rok,Warunki atmosferyczne,Rodzaj zdarzenia,Warunki atmosferyczne,Oświetlenie,Charakterystyka miejsca zdarzenia,IDKSIP zdarzenia,Godzina,Dzień,Ranny,GPS x,GPS y,Numer drogi,Obszar,Geometria drogi,Kategoria drogi 1,Rodzaj drogi,Czy w zdarzeniu był sprawca nietrzeźwy,Powiat,Gmina
1,0,0,2014,Opady deszczu,Zderzenie pojazdów czołowe,Opady deszczu,Światło dzienne,Jezdnia,EWK-98354569W,8,2014-08-08,Nieokreślone (puste pole),19*31'418,52*27'013,G140209W,Obszar niezabudowany,"Zakręt, łuk",Droga gminna,Jednojezdniowa dwukierunkowa,N,POWIAT GOSTYNIŃSKI,GOSTYNIN - OBSZAR WIEJSKI
1,0,2,2014,Opady deszczu,Zderzenie pojazdów czołowe,Opady deszczu,Światło dzienne,Jezdnia,EWK-98357192D,18,2014-08-11,Lekko,19*28'342,52*24'426,573,Obszar niezabudowany,Odcinek prosty,Droga wojewódzka,Jednojezdniowa dwukierunkowa,N,POWIAT GOSTYNIŃSKI,GOSTYNIN - OBSZAR MIEJSKI
1,0,0,2014,Opady deszczu,Zderzenie pojazdów czołowe,Opady deszczu,Światło dzienne,Jezdnia,EWK-98357192D,18,2014-08-11,Nieokreślone (puste pole),19*28'342,52*24'426,573,Obszar niezabudowany,Odcinek prosty,Droga wojewódzka,Jednojezdniowa dwukierunkowa,N,POWIAT GOSTYNIŃSKI,GOSTYNIN - OBSZAR MIEJSKI
1,0,2,2014,Opady deszczu,Zderzenie pojazdów czołowe,Opady deszczu,Światło dzienne,Jezdnia,EWK-98420241R,8,2014-09-23,Lekko,21*08'336,51*24'329,P5302W,Obszar zabudowany,,Droga powiatowa,Dwie jezdnie jednokierunkowe,N,POWIAT RADOM,RADOM - OBSZAR MIEJSKI
1,0,1,2014,Opady deszczu,Zderzenie pojazdów czołowe,Opady deszczu,Światło dzienne,Jezdnia,EWK-98428195U,7,2014-09-27,Lekko,21*05'136,52*42'141,61,Obszar zabudowany,,Droga krajowa,Jednojezdniowa dwukierunkowa,N,POWIAT PUŁTUSKI,PUŁTUSK - OBSZAR MIEJSKI
1,0,0,2014,Opady deszczu,Zderzenie pojazdów czołowe,Opady deszczu,Światło dzienne,Jezdnia,EWK-98428195U,7,2014-09-27,Nieokreślone (puste pole),21*05'136,52*42'141,61,Obszar zabudowany,,Droga krajowa,Jednojezdniowa dwukierunkowa,N,POWIAT PUŁTUSKI,PUŁTUSK - OBSZAR MIEJSKI
1,0,3,2014,Opady deszczu,Zderzenie pojazdów czołowe,Opady deszczu,Światło dzienne,Jezdnia,EWK-98443639P,7,2014-09-22,Lekko,21*39'316,52*00'503,P2246W,Obszar zabudowany,"Zakręt, łuk",Droga powiatowa,Jednojezdniowa dwukierunkowa,N,POWIAT GARWOLIŃSKI,PARYSÓW - OBSZAR WIEJSKI
1,0,0,2014,Opady deszczu,Zderzenie pojazdów czołowe,Opady deszczu,Światło dzienne,Jezdnia,EWK-98443639P,7,2014-09-22,Nieokreślone (puste pole),21*39'316,52*00'503,P2246W,Obszar zabudowany,"Zakręt, łuk",Droga powiatowa,Jednojezdniowa dwukierunkowa,N,POWIAT GARWOLIŃSKI,PARYSÓW - OBSZAR WIEJSKI
1,0,1,2014,Opady deszczu,Zderzenie pojazdów czołowe,Opady deszczu,Światło dzienne,Jezdnia,EWK-98638943W,9,2014-11-08,Lekko,20*56'048,51*14'366,727,Obszar zabudowany,Odcinek prosty,Droga wojewódzka,Jednojezdniowa dwukierunkowa,N,POWIAT SZYDŁOWIECKI,JASTRZĄB - OBSZAR WIEJSKI
1,0,0,2014,Opady deszczu,Zderzenie pojazdów czołowe,Opady deszczu,Światło dzienne,Jezdnia,EWK-98638943W,9,2014-11-08,Nieokreślone (puste pole),20*56'048,51*14'366,727,Obszar zabudowany,Odcinek prosty,Droga wojewódzka,Jednojezdniowa dwukierunkowa,N,POWIAT SZYDŁOWIECKI,JASTRZĄB - OBSZAR WIEJSKI
1,0,1,2014,Opady deszczu,Zderzenie pojazdów czołowe,Opady deszczu,Światło dzienne,Jezdnia,EWK-98648991R,13,2014-11-17,Lekko,21*40'339,52*32'027,62,Obszar zabudowany,Odcinek prosty,Droga krajowa,Jednojezdniowa dwukierunkowa,N,POWIAT WĘGROWSKI,ŁOCHÓW - OBSZAR MIEJSKI
1,0,0,2014,Opady deszczu,Zderzenie pojazdów czołowe,Opady deszczu,Światło dzienne,Jezdnia,EWK-98648991R,13,2014-11-17,Nieokreślone (puste pole),21*40'339,52*32'027,62,Obszar zabudowany,Odcinek prosty,Droga krajowa,Jednojezdniowa dwukierunkowa,N,POWIAT WĘGROWSKI,ŁOCHÓW - OBSZAR MIEJSKI
1,0,2,2014,Opady deszczu,Zderzenie pojazdów czołowe,Opady deszczu,Światło dzienne,Jezdnia,EWK-98684427M,11,2014-12-14,Ciężko,22*07'513,52*06'263,803,Obszar zabudowany,"Zakręt, łuk",Droga wojewódzka,Jednojezdniowa dwukierunkowa,N,POWIAT SIEDLECKI,SKÓRZEC - OBSZAR WIEJSKI
1,0,2,2014,Opady deszczu,Zderzenie pojazdów czołowe,Opady deszczu,Światło dzienne,Jezdnia,EWK-98684427M,11,2014-12-14,Lekko,22*07'513,52*06'263,803,Obszar zabudowany,"Zakręt, łuk",Droga wojewódzka,Jednojezdniowa dwukierunkowa,N,POWIAT SIEDLECKI,SKÓRZEC - OBSZAR WIEJSKI
1,0,0,2014,Opady deszczu,Zderzenie pojazdów czołowe,Opady deszczu,Światło dzienne,Jezdnia,EWK-98684427M,11,2014-12-14,Nieokreślone (puste pole),22*07'513,52*06'263,803,Obszar zabudowany,"Zakręt, łuk",Droga wojewódzka,Jednojezdniowa dwukierunkowa,N,POWIAT SIEDLECKI,SKÓRZEC - OBSZAR WIEJSKI
1,0,2,2014,Opady deszczu,Zderzenie pojazdów tylne,Opady deszczu,Noc - droga nieoświetlona,Jezdnia,EWK-98096941C,19,2014-01-17,Lekko,21*06'507,51*30'556,7,Obszar niezabudowany,,Droga krajowa,Dwie jezdnie jednokierunkowe,T,POWIAT RADOMSKI,JEDLIŃSK - OBSZAR WIEJSKI
1,0,0,2014,Opady deszczu,Zderzenie pojazdów tylne,Opady deszczu,Noc - droga nieoświetlona,Jezdnia,EWK-98096941C,19,2014-01-17,Nieokreślone (puste pole),21*06'507,51*30'556,7,Obszar niezabudowany,,Droga krajowa,Dwie jezdnie jednokierunkowe,T,POWIAT RADOMSKI,JEDLIŃSK - OBSZAR WIEJSKI
1,0,1,2014,Opady deszczu,Zderzenie pojazdów tylne,Opady deszczu,Noc - droga nieoświetlona,Jezdnia,EWK-98254132K,22,2014-05-02,Lekko,20*49'524,51*40'095,GMINNA,Obszar niezabudowany,Odcinek prosty,Droga gminna,Jednojezdniowa dwukierunkowa,N,POWIAT BIAŁOBRZESKI,PROMNA - OBSZAR WIEJSKI
1,0,0,2014,Opady deszczu,Zderzenie pojazdów tylne,Opady deszczu,Noc - droga nieoświetlona,Jezdnia,EWK-98254132K,22,2014-05-02,Nieokreślone (puste pole),20*49'524,51*40'095,GMINNA,Obszar niezabudowany,Odcinek prosty,Droga gminna,Jednojezdniowa dwukierunkowa,N,POWIAT BIAŁOBRZESKI,PROMNA - OBSZAR WIEJSKI
1,0,1,2014,Opady deszczu,Zderzenie pojazdów tylne,Opady deszczu,Noc - droga nieoświetlona,Jezdnia,EWK-98383233D,21,2014-08-22,Lekko,20*28'044,52*47'418,G120433W,Obszar niezabudowany,Odcinek prosty,Droga gminna,Jednojezdniowa dwukierunkowa,N,POWIAT CIECHANOWSKI,GOŁYMIN-OŚRODEK - OBSZAR WIEJSKI
1,0,0,2014,Opady deszczu,Zderzenie pojazdów tylne,Opady deszczu,Noc - droga nieoświetlona,Jezdnia,EWK-98383233D,21,2014-08-22,Nieokreślone (puste pole),20*28'044,52*47'418,G120433W,Obszar niezabudowany,Odcinek prosty,Droga gminna,Jednojezdniowa dwukierunkowa,N,POWIAT CIECHANOWSKI,GOŁYMIN-OŚRODEK - OBSZAR WIEJSKI
1,0,1,2014,Opady deszczu,Zderzenie pojazdów tylne,Opady deszczu,Noc - droga nieoświetlona,Jezdnia,EWK-98416359E,21,2014-09-19,Ciężko,19*47'212,52*31'428,62,Obszar zabudowany,,Droga krajowa,Jednojezdniowa dwukierunkowa,N,POWIAT PŁOCK,PŁOCK - OBSZAR MIEJSKI
1,0,0,2014,Opady deszczu,Zderzenie pojazdów tylne,Opady deszczu,Noc - droga nieoświetlona,Jezdnia,EWK-98416359E,21,2014-09-19,Nieokreślone (puste pole),19*47'212,52*31'428,62,Obszar zabudowany,,Droga krajowa,Jednojezdniowa dwukierunkowa,N,POWIAT PŁOCK,PŁOCK - OBSZAR MIEJSKI
1,0,1,2014,Opady deszczu,Zderzenie pojazdów tylne,Opady deszczu,Noc - droga nieoświetlona,Jezdnia,EWK-98657308A,16,2014-11-25,Lekko,20*39'557,51*39'406,728,Obszar niezabudowany,Odcinek prosty,Droga wojewódzka,Jednojezdniowa dwukierunkowa,N,POWIAT GRÓJECKI,MOGIELNICA - OBSZAR WIEJSKI
1,0,0,2014,Opady deszczu,Zderzenie pojazdów tylne,Opady deszczu,Noc - droga nieoświetlona,Jezdnia,EWK-98657308A,16,2014-11-25,Nieokreślone (puste pole),20*39'557,51*39'406,728,Obszar niezabudowany,Odcinek prosty,Droga wojewódzka,Jednojezdniowa dwukierunkowa,N,POWIAT GRÓJECKI,MOGIELNICA - OBSZAR WIEJSKI
1,0,1,2014,Opady deszczu,Zderzenie pojazdów tylne,Opady deszczu,Noc - droga nieoświetlona,Jezdnia,EWK-98660861C,18,2014-11-20,Ciężko,22*14'270,52*07'543,W628,Obszar zabudowany,Odcinek prosty,Droga wojewódzka,Jednojezdniowa dwukierunkowa,N,POWIAT SIEDLCE,SIEDLCE - OBSZAR MIEJSKI
1,0,0,2014,Opady deszczu,Zderzenie pojazdów tylne,Opady deszczu,Noc - droga nieoświetlona,Jezdnia,EWK-98660861C,18,2014-11-20,Nieokreślone (puste pole),22*14'270,52*07'543,W628,Obszar zabudowany,Odcinek prosty,Droga wojewódzka,Jednojezdniowa dwukierunkowa,N,POWIAT SIEDLCE,SIEDLCE - OBSZAR MIEJSKI
1,0,2,2014,Opady deszczu,Zderzenie pojazdów tylne,Opady deszczu,Noc - droga nieoświetlona,Jezdnia,EWK-98694548P,22,2014-12-19,Lekko,20*58'289,51*38'391,S7D,Obszar niezabudowany,"Zakręt, łuk",Droga krajowa,Ekspresowa,N,POWIAT BIAŁOBRZESKI,BIAŁOBRZEGI - OBSZAR WIEJSKI
1,0,0,2014,Opady deszczu,Zderzenie pojazdów tylne,Opady deszczu,Noc - droga nieoświetlona,Jezdnia,EWK-98694548P,22,2014-12-19,Nieokreślone (puste pole),20*58'289,51*38'391,S7D,Obszar niezabudowany,"Zakręt, łuk",Droga krajowa,Ekspresowa,N,POWIAT BIAŁOBRZESKI,BIAŁOBRZEGI - OBSZAR WIEJSKI
1,0,1,2014,Opady deszczu,Zderzenie pojazdów tylne,Opady deszczu,Noc - droga nieoświetlona,Jezdnia,EWK-98701026T,19,2014-12-23,Lekko,21*23'171,51*44'338,79,Obszar niezabudowany,Odcinek prosty,Droga krajowa,Jednojezdniowa dwukierunkowa,N,POWIAT KOZIENICKI,MAGNUSZEW - OBSZAR WIEJSKI
1,0,0,2014,Opady deszczu,Zderzenie pojazdów tylne,Opady deszczu,Noc - droga nieoświetlona,Jezdnia,EWK-98701026T,19,2014-12-23,Nieokreślone (puste pole),21*23'171,51*44'338,79,Obszar niezabudowany,Odcinek prosty,Droga krajowa,Jednojezdniowa dwukierunkowa,N,POWIAT KOZIENICKI,MAGNUSZEW - OBSZAR WIEJSKI
1,0,1,2014,Opady deszczu,Zderzenie pojazdów tylne,Opady deszczu,Noc - droga nieoświetlona,Jezdnia,EWK-98709759H,16,2014-12-23,Lekko,21*34'502,51*54'008,76,Obszar zabudowany,Odcinek prosty,Droga krajowa,Jednojezdniowa dwukierunkowa,N,POWIAT GARWOLIŃSKI,GARWOLIN - OBSZAR WIEJSKI
1,0,0,2014,Opady deszczu,Zderzenie pojazdów tylne,Opady deszczu,Noc - droga nieoświetlona,Jezdnia,EWK-98709759H,16,2014-12-23,Nieokreślone (puste pole),21*34'502,51*54'008,76,Obszar zabudowany,Odcinek prosty,Droga krajowa,Jednojezdniowa dwukierunkowa,N,POWIAT GARWOLIŃSKI,GARWOLIN - OBSZAR WIEJSKI
1,0,1,2014,Opady deszczu,Zderzenie pojazdów tylne,Opady deszczu,Noc - droga oświetlona,Jezdnia,EWK-98189153R,20,2014-04-08,Lekko,21*08'342,51*22'373,P5335W,Obszar zabudowany,,Droga powiatowa,Jednojezdniowa dwukierunkowa,T,POWIAT RADOM,RADOM - OBSZAR MIEJSKI
1,0,0,2014,Opady deszczu,Zderzenie pojazdów tylne,Opady deszczu,Noc - droga oświetlona,Jezdnia,EWK-98189153R,20,2014-04-08,Nieokreślone (puste pole),21*08'342,51*22'373,P5335W,Obszar zabudowany,,Droga powiatowa,Jednojezdniowa dwukierunkowa,T,POWIAT RADOM,RADOM - OBSZAR MIEJSKI
1,0,1,2014,Opady deszczu,Zderzenie pojazdów tylne,Opady deszczu,Noc - droga oświetlona,Jezdnia,EWK-98685264J,17,2014-12-16,Lekko,21*10'026,51*23'307,P5331W,Obszar zabudowany,Odcinek prosty,Droga powiatowa,Jednojezdniowa dwukierunkowa,N,POWIAT RADOM,RADOM - OBSZAR MIEJSKI
1,0,0,2014,Opady deszczu,Zderzenie pojazdów tylne,Opady deszczu,Noc - droga oświetlona,Jezdnia,EWK-98685264J,17,2014-12-16,Nieokreślone (puste pole),21*10'026,51*23'307,P5331W,Obszar zabudowany,Odcinek prosty,Droga powiatowa,Jednojezdniowa dwukierunkowa,N,POWIAT RADOM,RADOM - OBSZAR MIEJSKI
1,0,1,2014,Opady deszczu,Zderzenie pojazdów tylne,Opady deszczu,Noc - droga oświetlona,"Most, wiadukt, łącznica, tunel",EWK-98693661D,16,2014-12-22,Lekko,21*35'584,53*05'189,61,Obszar zabudowany,Odcinek prosty,Droga krajowa,Jednojezdniowa dwukierunkowa,T,POWIAT OSTROŁĘKA,OSTROŁĘKA - OBSZAR MIEJSKI
1,0,0,2014,Opady deszczu,Zderzenie pojazdów tylne,Opady deszczu,Noc - droga oświetlona,"Most, wiadukt, łącznica, tunel",EWK-98693661D,16,2014-12-22,Nieokreślone (puste pole),21*35'584,53*05'189,61,Obszar zabudowany,Odcinek prosty,Droga krajowa,Jednojezdniowa dwukierunkowa,T,POWIAT OSTROŁĘKA,OSTROŁĘKA - OBSZAR MIEJSKI
1,0,1,2014,Opady deszczu,Zderzenie pojazdów tylne,Opady deszczu,Noc - droga oświetlona,Przejście dla pieszych,EWK-98693794F,17,2014-12-11,Ciężko,21*09'371,51*24'156,P5309W,Obszar zabudowany,Odcinek prosty,Droga powiatowa,Jednojezdniowa dwukierunkowa,N,POWIAT RADOM,RADOM - OBSZAR MIEJSKI
1,0,0,2014,Opady deszczu,Zderzenie pojazdów tylne,Opady deszczu,Noc - droga oświetlona,Przejście dla pieszych,EWK-98693794F,17,2014-12-11,Nieokreślone (puste pole),21*09'371,51*24'156,P5309W,Obszar zabudowany,Odcinek prosty,Droga powiatowa,Jednojezdniowa dwukierunkowa,N,POWIAT RADOM,RADOM - OBSZAR MIEJSKI
1,0,3,2014,Opady deszczu,Zderzenie pojazdów tylne,Opady deszczu,"Zmrok, świt",Jezdnia,EWK-98272927A,5,2014-06-12,Lekko,19*42'414,52*33'483,60,Obszar zabudowany,Odcinek prosty,Droga krajowa,Jednojezdniowa dwukierunkowa,N,POWIAT PŁOCK,PŁOCK - OBSZAR MIEJSKI
1,0,0,2014,Opady deszczu,Zderzenie pojazdów tylne,Opady deszczu,"Zmrok, świt",Jezdnia,EWK-98272927A,5,2014-06-12,Nieokreślone (puste pole),19*42'414,52*33'483,60,Obszar zabudowany,Odcinek prosty,Droga krajowa,Jednojezdniowa dwukierunkowa,N,POWIAT PŁOCK,PŁOCK - OBSZAR MIEJSKI
1,0,1,2014,Opady deszczu,Zderzenie pojazdów tylne,Opady deszczu,"Zmrok, świt",Jezdnia,EWK-98697961L,7,2014-12-22,Ciężko,21*08'155,51*19'008,GMINNA,Obszar niezabudowany,Odcinek prosty,Droga gminna,Jednojezdniowa dwukierunkowa,N,POWIAT RADOMSKI,KOWALA - OBSZAR WIEJSKI
1,0,0,2014,Opady deszczu,Zderzenie pojazdów tylne,Opady deszczu,"Zmrok, świt",Jezdnia,EWK-98697961L,7,2014-12-22,Nieokreślone (puste pole),21*08'155,51*19'008,GMINNA,Obszar niezabudowany,Odcinek prosty,Droga gminna,Jednojezdniowa dwukierunkowa,N,POWIAT RADOMSKI,KOWALA - OBSZAR WIEJSKI
1,0,1,2014,Opady deszczu,Zderzenie pojazdów tylne,Opady deszczu,Światło dzienne,Jezdnia,EWK-98099481Y,9,2014-01-20,Lekko,20*57'200,51*17'151,7,Obszar niezabudowany,Odcinek prosty,Droga krajowa,Jednojezdniowa dwukierunkowa,N,POWIAT SZYDŁOWIECKI,OROŃSKO - OBSZAR WIEJSKI
1,0,0,2014,Opady deszczu,Zderzenie pojazdów tylne,Opady deszczu,Światło dzienne,Jezdnia,EWK-98099481Y,9,2014-01-20,Nieokreślone (puste pole),20*57'200,51*17'151,7,Obszar niezabudowany,Odcinek prosty,Droga krajowa,Jednojezdniowa dwukierunkowa,N,POWIAT SZYDŁOWIECKI,OROŃSKO - OBSZAR WIEJSKI
1,0,1,2014,Opady deszczu,Zderzenie pojazdów tylne,Opady deszczu,Światło dzienne,Jezdnia,EWK-98130924N,13,2014-02-12,Lekko,21*22'088,51*46'098,79,Obszar niezabudowany,Odcinek prosty,Droga krajowa,Jednojezdniowa dwukierunkowa,N,POWIAT KOZIENICKI,MAGNUSZEW - OBSZAR WIEJSKI
1,0,0,2014,Opady deszczu,Zderzenie pojazdów tylne,Opady deszczu,Światło dzienne,Jezdnia,EWK-98130924N,13,2014-02-12,Nieokreślone (puste pole),21*22'088,51*46'098,79,Obszar niezabudowany,Odcinek prosty,Droga krajowa,Jednojezdniowa dwukierunkowa,N,POWIAT KOZIENICKI,MAGNUSZEW - OBSZAR WIEJSKI
1,0,1,2014,Opady deszczu,Zderzenie pojazdów tylne,Opady deszczu,Światło dzienne,Jezdnia,EWK-98211669U,14,2014-04-26,Ciężko,20*55'429,53*00'546,544,Obszar niezabudowany,Odcinek prosty,Droga wojewódzka,Jednojezdniowa dwukierunkowa,N,POWIAT PRZASNYSKI,PRZASNYSZ - OBSZAR WIEJSKI
1,0,0,2014,Opady deszczu,Zderzenie pojazdów tylne,Opady deszczu,Światło dzienne,Jezdnia,EWK-98211669U,14,2014-04-26,Nieokreślone (puste pole),20*55'429,53*00'546,544,Obszar niezabudowany,Odcinek prosty,Droga wojewódzka,Jednojezdniowa dwukierunkowa,N,POWIAT PRZASNYSKI,PRZASNYSZ - OBSZAR WIEJSKI
1,0,1,2014,Opady deszczu,Zderzenie pojazdów tylne,Opady deszczu,Światło dzienne,Jezdnia,EWK-98259903E,7,2014-06-02,Lekko,20*22'290,53*06'430,P,Obszar zabudowany,,Droga powiatowa,Jednojezdniowa dwukierunkowa,N,POWIAT MŁAWSKI,MŁAWA - OBSZAR MIEJSKI
1,0,0,2014,Opady deszczu,Zderzenie pojazdów tylne,Opady deszczu,Światło dzienne,Jezdnia,EWK-98259903E,7,2014-06-02,Nieokreślone (puste pole),20*22'290,53*06'430,P,Obszar zabudowany,,Droga powiatowa,Jednojezdniowa dwukierunkowa,N,POWIAT MŁAWSKI,MŁAWA - OBSZAR MIEJSKI
1,0,1,2014,Opady deszczu,Zderzenie pojazdów tylne,Opady deszczu,Światło dzienne,Jezdnia,EWK-98274469G,16,2014-06-13,Lekko,21*07'507,51*23'088,744,Obszar zabudowany,,Droga wojewódzka,Jednojezdniowa dwukierunkowa,N,POWIAT RADOM,RADOM - OBSZAR MIEJSKI
1,0,0,2014,Opady deszczu,Zderzenie pojazdów tylne,Opady deszczu,Światło dzienne,Jezdnia,EWK-98274469G,16,2014-06-13,Nieokreślone (puste pole),21*07'507,51*23'088,744,Obszar zabudowany,,Droga wojewódzka,Jednojezdniowa dwukierunkowa,N,POWIAT RADOM,RADOM - OBSZAR MIEJSKI
1,0,2,2014,Opady deszczu,Zderzenie pojazdów tylne,Opady deszczu,Światło dzienne,Jezdnia,EWK-98285373G,13,2014-06-22,Lekko,19*31'410,52*25'364,P1452W,Obszar niezabudowany,Odcinek prosty,Droga powiatowa,Jednojezdniowa dwukierunkowa,N,POWIAT GOSTYNIŃSKI,GOSTYNIN - OBSZAR WIEJSKI
1,0,0,2014,Opady deszczu,Zderzenie pojazdów tylne,Opady deszczu,Światło dzienne,Jezdnia,EWK-98285373G,13,2014-06-22,Nieokreślone (puste pole),19*31'410,52*25'364,P1452W,Obszar niezabudowany,Odcinek prosty,Droga powiatowa,Jednojezdniowa dwukierunkowa,N,POWIAT GOSTYNIŃSKI,GOSTYNIN - OBSZAR WIEJSKI
1,0,1,2014,Opady deszczu,Zderzenie pojazdów tylne,Opady deszczu,Światło dzienne,Jezdnia,EWK-98325345X,13,2014-07-14,Lekko,21*02'579,51*17'189,744,Obszar zabudowany,Odcinek prosty,Droga wojewódzka,Jednojezdniowa dwukierunkowa,N,POWIAT RADOMSKI,WIERZBICA - OBSZAR WIEJSKI
1,0,0,2014,Opady deszczu,Zderzenie pojazdów tylne,Opady deszczu,Światło dzienne,Jezdnia,EWK-98325345X,13,2014-07-14,Nieokreślone (puste pole),21*02'579,51*17'189,744,Obszar zabudowany,Odcinek prosty,Droga wojewódzka,Jednojezdniowa dwukierunkowa,N,POWIAT RADOMSKI,WIERZBICA - OBSZAR WIEJSKI
1,0,3,2014,Opady deszczu,Zderzenie pojazdów tylne,Opady deszczu,Światło dzienne,Jezdnia,EWK-98328171A,15,2014-07-20,Lekko,19*40'225,52*34'391,P,Obszar zabudowany,Odcinek prosty,Droga powiatowa,Jednojezdniowa dwukierunkowa,N,POWIAT PŁOCK,PŁOCK - OBSZAR MIEJSKI
1,0,0,2014,Opady deszczu,Zderzenie pojazdów tylne,Opady deszczu,Światło dzienne,Jezdnia,EWK-98328171A,15,2014-07-20,Nieokreślone (puste pole),19*40'225,52*34'391,P,Obszar zabudowany,Odcinek prosty,Droga powiatowa,Jednojezdniowa dwukierunkowa,N,POWIAT PŁOCK,PŁOCK - OBSZAR MIEJSKI
1,0,1,2014,Opady deszczu,Zderzenie pojazdów tylne,Opady deszczu,Światło dzienne,Jezdnia,EWK-98375914J,13,2014-08-16,Lekko,19*44'241,52*31'573,60,Obszar zabudowany,Odcinek prosty,Droga krajowa,Dwie jezdnie jednokierunkowe,N,POWIAT PŁOCK,PŁOCK - OBSZAR MIEJSKI
1,0,0,2014,Opady deszczu,Zderzenie pojazdów tylne,Opady deszczu,Światło dzienne,Jezdnia,EWK-98375914J,13,2014-08-16,Nieokreślone (puste pole),19*44'241,52*31'573,60,Obszar zabudowany,Odcinek prosty,Droga krajowa,Dwie jezdnie jednokierunkowe,N,POWIAT PŁOCK,PŁOCK - OBSZAR MIEJSKI
1,0,1,2014,Opady deszczu,Zderzenie pojazdów tylne,Opady deszczu,Światło dzienne,Jezdnia,EWK-98418214G,10,2014-09-23,Lekko,21*08'438,51*26'323,7,Obszar zabudowany,,Droga krajowa,Dwie jezdnie jednokierunkowe,N,POWIAT RADOM,RADOM - OBSZAR MIEJSKI
1,0,0,2014,Opady deszczu,Zderzenie pojazdów tylne,Opady deszczu,Światło dzienne,Jezdnia,EWK-98418214G,10,2014-09-23,Nieokreślone (puste pole),21*08'438,51*26'323,7,Obszar zabudowany,,Droga krajowa,Dwie jezdnie jednokierunkowe,N,POWIAT RADOM,RADOM - OBSZAR MIEJSKI
1,0,1,2014,Opady deszczu,Zderzenie pojazdów tylne,Opady deszczu,Światło dzienne,Jezdnia,EWK-98426754R,6,2014-09-27,Lekko,20*24'066,52*25'157,62,Obszar zabudowany,Odcinek prosty,Droga krajowa,Jednojezdniowa dwukierunkowa,N,POWIAT PŁOŃSKI,CZERWIŃSK NAD WISŁĄ - OBSZAR WIEJSKI
1,0,0,2014,Opady deszczu,Zderzenie pojazdów tylne,Opady deszczu,Światło dzienne,Jezdnia,EWK-98426754R,6,2014-09-27,Nieokreślone (puste pole),20*24'066,52*25'157,62,Obszar zabudowany,Odcinek prosty,Droga krajowa,Jednojezdniowa dwukierunkowa,N,POWIAT PŁOŃSKI,CZERWIŃSK NAD WISŁĄ - OBSZAR WIEJSKI
1,0,2,2014,Opady deszczu,Zderzenie pojazdów tylne,Opady deszczu,Światło dzienne,Jezdnia,EWK-98636451G,7,2014-11-08,Ciężko,21*07'192,51*29'141,7,Obszar zabudowany,Odcinek prosty,Droga krajowa,Dwie jezdnie jednokierunkowe,N,POWIAT RADOMSKI,JEDLIŃSK - OBSZAR WIEJSKI
1,0,2,2014,Opady deszczu,Zderzenie pojazdów tylne,Opady deszczu,Światło dzienne,Jezdnia,EWK-98636451G,7,2014-11-08,Lekko,21*07'192,51*29'141,7,Obszar zabudowany,Odcinek prosty,Droga krajowa,Dwie jezdnie jednokierunkowe,N,POWIAT RADOMSKI,JEDLIŃSK - OBSZAR WIEJSKI
1,0,1,2014,"Opady deszczu; Mgła, dym",Najechanie na drzewo,"Opady deszczu; Mgła, dym",Noc - droga nieoświetlona,Pobocze,EWK-98639587C,0,2014-11-10,Ciężko,21*51'527,52*53'045,677,Obszar niezabudowany,"Zakręt, łuk",Droga wojewódzka,Jednojezdniowa dwukierunkowa,N,POWIAT OSTROWSKI,STARY LUBOTYŃ - OBSZAR WIEJSKI
1,0,0,2014,"Opady deszczu; Mgła, dym",Najechanie na drzewo,"Opady deszczu; Mgła, dym",Noc - droga nieoświetlona,Pobocze,EWK-98639587C,0,2014-11-10,Nieokreślone (puste pole),21*51'527,52*53'045,677,Obszar niezabudowany,"Zakręt, łuk",Droga wojewódzka,Jednojezdniowa dwukierunkowa,N,POWIAT OSTROWSKI,STARY LUBOTYŃ - OBSZAR WIEJSKI
1,0,1,2014,"Opady deszczu; Mgła, dym",Wywrócenie się pojazdu,"Opady deszczu; Mgła, dym",Noc - droga oświetlona,"Skarpa, rów",EWK-98685961X,22,2014-12-14,Lekko,21*13'174,51*53'085,731,Obszar niezabudowany,Odcinek prosty,Droga wojewódzka,Jednojezdniowa dwukierunkowa,N,POWIAT GRÓJECKI,WARKA - OBSZAR WIEJSKI
1,0,0,2014,"Opady deszczu; Mgła, dym",Wywrócenie się pojazdu,"Opady deszczu; Mgła, dym",Noc - droga oświetlona,"Skarpa, rów",EWK-98685961X,22,2014-12-14,Nieokreślone (puste pole),21*13'174,51*53'085,731,Obszar niezabudowany,Odcinek prosty,Droga wojewódzka,Jednojezdniowa dwukierunkowa,N,POWIAT GRÓJECKI,WARKA - OBSZAR WIEJSKI
1,0,1,2014,"Opady deszczu; Opady śniegu, gradu",Zderzenie pojazdów czołowe,"Opady deszczu; Opady śniegu, gradu","Zmrok, świt",Jezdnia,EWK-98099343J,11,2014-01-19,Lekko,21*00'546,51*19'511,7,Obszar niezabudowany,Odcinek prosty,Droga krajowa,Jednojezdniowa dwukierunkowa,T,POWIAT SZYDŁOWIECKI,OROŃSKO - OBSZAR WIEJSKI
1,0,0,2014,"Opady deszczu; Opady śniegu, gradu",Zderzenie pojazdów czołowe,"Opady deszczu; Opady śniegu, gradu","Zmrok, świt",Jezdnia,EWK-98099343J,11,2014-01-19,Nieokreślone (puste pole),21*00'546,51*19'511,7,Obszar niezabudowany,Odcinek prosty,Droga krajowa,Jednojezdniowa dwukierunkowa,T,POWIAT SZYDŁOWIECKI,OROŃSKO - OBSZAR WIEJSKI
1,0,1,2014,"Opady śniegu, gradu",Inne,"Opady śniegu, gradu",Noc - droga nieoświetlona,Jezdnia,EWK-98093533E,22,2014-01-14,Lekko,19*53'153,52*54'136,561,Obszar niezabudowany,,Droga wojewódzka,Jednojezdniowa dwukierunkowa,N,POWIAT SIERPECKI,ZAWIDZ - OBSZAR WIEJSKI