Liczba wypadków,Liczba zabitych,Liczba rannych,Rok,Warunki atmosferyczne,Rodzaj zdarzenia,Warunki atmosferyczne,Oświetlenie,Charakterystyka miejsca zdarzenia,IDKSIP zdarzenia,Godzina,Dzień,Ranny,GPS x,GPS y,Numer drogi,Obszar,Geometria drogi,Kategoria drogi 1,Rodzaj drogi,Czy w zdarzeniu był sprawca nietrzeźwy,Powiat,Gmina
1,0,3,2014,"Opady śniegu, gradu",Najechanie na drzewo,"Opady śniegu, gradu",Noc - droga nieoświetlona,"Skarpa, rów",EWK-98702603U,21,2014-12-25,Ciężko,20*50'396,53*04'546,P3216W,Obszar niezabudowany,Odcinek prosty; Spadek,Droga powiatowa,Jednojezdniowa dwukierunkowa,N,POWIAT PRZASNYSKI,PRZASNYSZ - OBSZAR WIEJSKI
1,0,1,2014,"Opady śniegu, gradu",Najechanie na drzewo,"Opady śniegu, gradu",Noc - droga nieoświetlona,"Skarpa, rów",EWK-98702603U,21,2014-12-25,Lekko,20*50'396,53*04'546,P3216W,Obszar niezabudowany,Odcinek prosty; Spadek,Droga powiatowa,Jednojezdniowa dwukierunkowa,N,POWIAT PRZASNYSKI,PRZASNYSZ - OBSZAR WIEJSKI
1,0,1,2014,"Opady śniegu, gradu",Najechanie na drzewo,"Opady śniegu, gradu",Światło dzienne,Jezdnia,EWK-98097152C,9,2014-01-17,Lekko,19*46'503,52*49'081,10,Obszar niezabudowany,"Zakręt, łuk",Droga krajowa,Jednojezdniowa dwukierunkowa,N,POWIAT SIERPECKI,ZAWIDZ - OBSZAR WIEJSKI
1,0,1,2014,"Opady śniegu, gradu",Najechanie na drzewo,"Opady śniegu, gradu",Światło dzienne,Pobocze,EWK-98109422G,7,2014-01-27,Lekko,20*02'410,52*45'164,60,Obszar niezabudowany,"Zakręt, łuk",Droga krajowa,Jednojezdniowa dwukierunkowa,N,POWIAT PŁOCKI,DROBIN - OBSZAR WIEJSKI
1,0,0,2014,"Opady śniegu, gradu",Najechanie na drzewo,"Opady śniegu, gradu",Światło dzienne,Pobocze,EWK-98109422G,7,2014-01-27,Nieokreślone (puste pole),20*02'410,52*45'164,60,Obszar niezabudowany,"Zakręt, łuk",Droga krajowa,Jednojezdniowa dwukierunkowa,N,POWIAT PŁOCKI,DROBIN - OBSZAR WIEJSKI
1,0,1,2014,"Opady śniegu, gradu",Najechanie na pieszego,"Opady śniegu, gradu",Noc - droga nieoświetlona,Jezdnia,EWK-98096278L,20,2014-01-19,Ciężko,20*47'008,53*01'143,544,Obszar niezabudowany,,Droga wojewódzka,Jednojezdniowa dwukierunkowa,N,POWIAT PRZASNYSKI,CZERNICE BOROWE - OBSZAR WIEJSKI
1,0,0,2014,"Opady śniegu, gradu",Najechanie na pieszego,"Opady śniegu, gradu",Noc - droga nieoświetlona,Jezdnia,EWK-98096278L,20,2014-01-19,Nieokreślone (puste pole),20*47'008,53*01'143,544,Obszar niezabudowany,,Droga wojewódzka,Jednojezdniowa dwukierunkowa,N,POWIAT PRZASNYSKI,CZERNICE BOROWE - OBSZAR WIEJSKI
1,1,0,2014,"Opady śniegu, gradu",Najechanie na pieszego,"Opady śniegu, gradu",Noc - droga nieoświetlona,Jezdnia,EWK-98096674A,19,2014-01-16,Nieokreślone (puste pole),20*05'063,52*46'263,60,Obszar niezabudowany,"Zakręt, łuk",Droga krajowa,Jednojezdniowa dwukierunkowa,T,POWIAT PŁOŃSKI,RACIĄŻ - OBSZAR WIEJSKI
1,1,0,2014,"Opady śniegu, gradu",Najechanie na pieszego,"Opady śniegu, gradu",Noc - droga nieoświetlona,Jezdnia,EWK-98699610F,17,2014-12-27,Nieokreślone (puste pole),19*52'335,52*20'207,P1454W,Obszar niezabudowany,Odcinek prosty,Droga powiatowa,Jednojezdniowa dwukierunkowa,N,POWIAT GOSTYNIŃSKI,SANNIKI - OBSZAR WIEJSKI
1,0,1,2014,"Opady śniegu, gradu",Najechanie na pieszego,"Opady śniegu, gradu",Noc - droga oświetlona,Jezdnia,EWK-98109860E,19,2014-01-26,Ciężko,20*56'403,51*54'535,,Obszar niezabudowany,Odcinek prosty,Nieokreślone (puste pole),Jednojezdniowa dwukierunkowa,N,POWIAT GRÓJECKI,GRÓJEC - OBSZAR WIEJSKI
1,0,0,2014,"Opady śniegu, gradu",Najechanie na pieszego,"Opady śniegu, gradu",Noc - droga oświetlona,Jezdnia,EWK-98109860E,19,2014-01-26,Nieokreślone (puste pole),20*56'403,51*54'535,,Obszar niezabudowany,Odcinek prosty,Nieokreślone (puste pole),Jednojezdniowa dwukierunkowa,N,POWIAT GRÓJECKI,GRÓJEC - OBSZAR WIEJSKI
1,0,1,2014,"Opady śniegu, gradu",Najechanie na pieszego,"Opady śniegu, gradu",Światło dzienne,Jezdnia,EWK-98098048F,14,2014-01-20,Ciężko,19*40'434,52*31'425,GMINNA,Obszar zabudowany,Odcinek prosty,Droga gminna,Jednojezdniowa dwukierunkowa,N,POWIAT PŁOCK,PŁOCK - OBSZAR MIEJSKI
1,0,0,2014,"Opady śniegu, gradu",Najechanie na pieszego,"Opady śniegu, gradu",Światło dzienne,Jezdnia,EWK-98098048F,14,2014-01-20,Nieokreślone (puste pole),19*40'434,52*31'425,GMINNA,Obszar zabudowany,Odcinek prosty,Droga gminna,Jednojezdniowa dwukierunkowa,N,POWIAT PŁOCK,PŁOCK - OBSZAR MIEJSKI
1,0,1,2014,"Opady śniegu, gradu",Najechanie na pieszego,"Opady śniegu, gradu",Światło dzienne,Przejście dla pieszych,EWK-98100067R,8,2014-01-20,Lekko,22*12'574,52*24'258,62,Obszar zabudowany,Odcinek prosty,Droga krajowa,Jednojezdniowa dwukierunkowa,N,POWIAT SOKOŁOWSKI,SOKOŁÓW PODLASKI - OBSZAR MIEJSKI
1,0,0,2014,"Opady śniegu, gradu",Najechanie na pieszego,"Opady śniegu, gradu",Światło dzienne,Przejście dla pieszych,EWK-98100067R,8,2014-01-20,Nieokreślone (puste pole),22*12'574,52*24'258,62,Obszar zabudowany,Odcinek prosty,Droga krajowa,Jednojezdniowa dwukierunkowa,N,POWIAT SOKOŁOWSKI,SOKOŁÓW PODLASKI - OBSZAR MIEJSKI
1,0,2,2014,"Opady śniegu, gradu","Najechanie na słup, znak","Opady śniegu, gradu",Noc - droga nieoświetlona,Jezdnia,EWK-98089125C,2,2014-01-13,Lekko,21*08'029,51*28'205,7,Obszar zabudowany,Odcinek prosty,Droga krajowa,Dwie jezdnie jednokierunkowe,N,POWIAT RADOMSKI,JEDLIŃSK - OBSZAR WIEJSKI
1,0,0,2014,"Opady śniegu, gradu","Najechanie na słup, znak","Opady śniegu, gradu",Noc - droga nieoświetlona,Jezdnia,EWK-98089125C,2,2014-01-13,Nieokreślone (puste pole),21*08'029,51*28'205,7,Obszar zabudowany,Odcinek prosty,Droga krajowa,Dwie jezdnie jednokierunkowe,N,POWIAT RADOMSKI,JEDLIŃSK - OBSZAR WIEJSKI
1,0,1,2014,"Opady śniegu, gradu","Najechanie na słup, znak","Opady śniegu, gradu",Światło dzienne,Jezdnia,EWK-98676539H,8,2014-12-10,Lekko,20*55'125,51*29'366,732,Obszar zabudowany,Odcinek prosty,Droga wojewódzka,Jednojezdniowa dwukierunkowa,N,POWIAT RADOMSKI,PRZYTYK - OBSZAR WIEJSKI
1,0,1,2014,"Opady śniegu, gradu",Wywrócenie się pojazdu,"Opady śniegu, gradu",Noc - droga nieoświetlona,Jezdnia,EWK-98707984A,18,2014-12-29,Lekko,21*31'568,52*34'511,62,Obszar niezabudowany,Odcinek prosty,Droga krajowa,Jednojezdniowa dwukierunkowa,N,POWIAT WYSZKOWSKI,WYSZKÓW - OBSZAR WIEJSKI
1,0,2,2014,"Opady śniegu, gradu",Wywrócenie się pojazdu,"Opady śniegu, gradu","Zmrok, świt",Jezdnia,EWK-98105368C,6,2014-01-20,Lekko,20*32'350,51*30'230,728,Obszar niezabudowany,Odcinek prosty,Droga wojewódzka,Jednojezdniowa dwukierunkowa,N,POWIAT PRZYSUSKI,ODRZYWÓŁ - OBSZAR WIEJSKI
1,0,0,2014,"Opady śniegu, gradu",Wywrócenie się pojazdu,"Opady śniegu, gradu","Zmrok, świt",Jezdnia,EWK-98105368C,6,2014-01-20,Nieokreślone (puste pole),20*32'350,51*30'230,728,Obszar niezabudowany,Odcinek prosty,Droga wojewódzka,Jednojezdniowa dwukierunkowa,N,POWIAT PRZYSUSKI,ODRZYWÓŁ - OBSZAR WIEJSKI
1,0,1,2014,"Opady śniegu, gradu",Zderzenie pojazdów boczne,"Opady śniegu, gradu",Noc - droga nieoświetlona,Jezdnia,EWK-98115110T,19,2014-01-15,Ciężko,20*21'590,52*04'328,50a,Obszar niezabudowany,Odcinek prosty,Droga krajowa,Jednojezdniowa dwukierunkowa,N,POWIAT ŻYRARDOWSKI,WISKITKI - OBSZAR WIEJSKI
1,0,1,2014,"Opady śniegu, gradu",Zderzenie pojazdów boczne,"Opady śniegu, gradu",Noc - droga nieoświetlona,Jezdnia,EWK-98115110T,19,2014-01-15,Lekko,20*21'590,52*04'328,50a,Obszar niezabudowany,Odcinek prosty,Droga krajowa,Jednojezdniowa dwukierunkowa,N,POWIAT ŻYRARDOWSKI,WISKITKI - OBSZAR WIEJSKI
1,0,0,2014,"Opady śniegu, gradu",Zderzenie pojazdów boczne,"Opady śniegu, gradu",Noc - droga nieoświetlona,Jezdnia,EWK-98115110T,19,2014-01-15,Nieokreślone (puste pole),20*21'590,52*04'328,50a,Obszar niezabudowany,Odcinek prosty,Droga krajowa,Jednojezdniowa dwukierunkowa,N,POWIAT ŻYRARDOWSKI,WISKITKI - OBSZAR WIEJSKI
1,0,1,2014,"Opady śniegu, gradu",Zderzenie pojazdów boczne,"Opady śniegu, gradu","Zmrok, świt",Jezdnia,EWK-98660865X,16,2014-11-25,Ciężko,22*26'223,52*16'467,3500E,Obszar niezabudowany,Odcinek prosty,Droga powiatowa,Jednojezdniowa dwukierunkowa,N,POWIAT SIEDLECKI,PAPROTNIA - OBSZAR WIEJSKI
1,0,0,2014,"Opady śniegu, gradu",Zderzenie pojazdów boczne,"Opady śniegu, gradu","Zmrok, świt",Jezdnia,EWK-98660865X,16,2014-11-25,Nieokreślone (puste pole),22*26'223,52*16'467,3500E,Obszar niezabudowany,Odcinek prosty,Droga powiatowa,Jednojezdniowa dwukierunkowa,N,POWIAT SIEDLECKI,PAPROTNIA - OBSZAR WIEJSKI
1,1,0,2014,"Opady śniegu, gradu",Zderzenie pojazdów boczne,"Opady śniegu, gradu",Światło dzienne,Jezdnia,EWK-98113163H,8,2014-01-15,Nieokreślone (puste pole),22*02'329,52*42'592,GMINNA,Obszar niezabudowany,Odcinek prosty,Droga gminna,Jednojezdniowa dwukierunkowa,N,POWIAT OSTROWSKI,MAŁKINIA GÓRNA - OBSZAR WIEJSKI
1,0,1,2014,"Opady śniegu, gradu",Zderzenie pojazdów czołowe,"Opady śniegu, gradu",Noc - droga nieoświetlona,Jezdnia,EWK-98101166F,17,2014-01-21,Lekko,21*17'599,51*26'131,737,Obszar zabudowany,Odcinek prosty,Droga wojewódzka,Jednojezdniowa dwukierunkowa,N,POWIAT RADOMSKI,JEDLNIA-LETNISKO - OBSZAR WIEJSKI
1,0,0,2014,"Opady śniegu, gradu",Zderzenie pojazdów czołowe,"Opady śniegu, gradu",Noc - droga nieoświetlona,Jezdnia,EWK-98101166F,17,2014-01-21,Nieokreślone (puste pole),21*17'599,51*26'131,737,Obszar zabudowany,Odcinek prosty,Droga wojewódzka,Jednojezdniowa dwukierunkowa,N,POWIAT RADOMSKI,JEDLNIA-LETNISKO - OBSZAR WIEJSKI
1,0,1,2014,"Opady śniegu, gradu",Zderzenie pojazdów czołowe,"Opady śniegu, gradu",Noc - droga nieoświetlona,Jezdnia,EWK-98105470P,17,2014-01-20,Lekko,19*44'196,52*27'290,574,Obszar niezabudowany,Odcinek prosty,Droga wojewódzka,Jednojezdniowa dwukierunkowa,N,POWIAT PŁOCKI,GĄBIN - OBSZAR WIEJSKI
1,0,0,2014,"Opady śniegu, gradu",Zderzenie pojazdów czołowe,"Opady śniegu, gradu",Noc - droga nieoświetlona,Jezdnia,EWK-98105470P,17,2014-01-20,Nieokreślone (puste pole),19*44'196,52*27'290,574,Obszar niezabudowany,Odcinek prosty,Droga wojewódzka,Jednojezdniowa dwukierunkowa,N,POWIAT PŁOCKI,GĄBIN - OBSZAR WIEJSKI
1,0,1,2014,"Opady śniegu, gradu",Zderzenie pojazdów czołowe,"Opady śniegu, gradu",Noc - droga nieoświetlona,Jezdnia,EWK-98135370D,20,2014-02-12,Lekko,22*06'355,52*17'003,696,Obszar niezabudowany,Odcinek prosty,Droga wojewódzka,Jednojezdniowa dwukierunkowa,N,POWIAT SIEDLECKI,MOKOBODY - OBSZAR WIEJSKI
1,0,0,2014,"Opady śniegu, gradu",Zderzenie pojazdów czołowe,"Opady śniegu, gradu",Noc - droga nieoświetlona,Jezdnia,EWK-98135370D,20,2014-02-12,Nieokreślone (puste pole),22*06'355,52*17'003,696,Obszar niezabudowany,Odcinek prosty,Droga wojewódzka,Jednojezdniowa dwukierunkowa,N,POWIAT SIEDLECKI,MOKOBODY - OBSZAR WIEJSKI
1,0,1,2014,"Opady śniegu, gradu",Zderzenie pojazdów czołowe,"Opady śniegu, gradu",Noc - droga nieoświetlona,Jezdnia,EWK-98701975D,18,2014-12-25,Ciężko,22*44'375,52*13'293,19,Obszar niezabudowany,Odcinek prosty,Droga krajowa,Jednojezdniowa dwukierunkowa,N,POWIAT ŁOSICKI,ŁOSICE - OBSZAR WIEJSKI
1,0,0,2014,"Opady śniegu, gradu",Zderzenie pojazdów czołowe,"Opady śniegu, gradu",Noc - droga nieoświetlona,Jezdnia,EWK-98701975D,18,2014-12-25,Nieokreślone (puste pole),22*44'375,52*13'293,19,Obszar niezabudowany,Odcinek prosty,Droga krajowa,Jednojezdniowa dwukierunkowa,N,POWIAT ŁOSICKI,ŁOSICE - OBSZAR WIEJSKI
1,0,1,2014,"Opady śniegu, gradu",Zderzenie pojazdów czołowe,"Opady śniegu, gradu",Noc - droga nieoświetlona,Jezdnia,EWK-98701999F,18,2014-12-25,Ciężko,22*43'441,52*11'369,19,Obszar zabudowany,Odcinek prosty,Droga krajowa,Jednojezdniowa dwukierunkowa,N,POWIAT ŁOSICKI,ŁOSICE - OBSZAR MIEJSKI
1,1,0,2014,"Opady śniegu, gradu",Zderzenie pojazdów czołowe,"Opady śniegu, gradu",Noc - droga nieoświetlona,Jezdnia,EWK-98701999F,18,2014-12-25,Nieokreślone (puste pole),22*43'441,52*11'369,19,Obszar zabudowany,Odcinek prosty,Droga krajowa,Jednojezdniowa dwukierunkowa,N,POWIAT ŁOSICKI,ŁOSICE - OBSZAR MIEJSKI
1,0,3,2014,"Opady śniegu, gradu",Zderzenie pojazdów czołowe,"Opady śniegu, gradu",Noc - droga nieoświetlona,Jezdnia,EWK-98707374T,17,2014-12-25,Lekko,22*19'317,52*27'182,36157W,Obszar niezabudowany,Odcinek prosty,Droga powiatowa,Jednojezdniowa dwukierunkowa,N,POWIAT SOKOŁOWSKI,SABNIE - OBSZAR WIEJSKI
1,0,2,2014,"Opady śniegu, gradu",Zderzenie pojazdów czołowe,"Opady śniegu, gradu",Światło dzienne,Jezdnia,EWK-98107726Q,10,2014-01-26,Lekko,21*10'574,51*25'137,9,Obszar zabudowany,Wierzchołek wzn.,Droga krajowa,Jednojezdniowa dwukierunkowa,N,POWIAT RADOM,RADOM - OBSZAR MIEJSKI
1,0,0,2014,"Opady śniegu, gradu",Zderzenie pojazdów czołowe,"Opady śniegu, gradu",Światło dzienne,Jezdnia,EWK-98107726Q,10,2014-01-26,Nieokreślone (puste pole),21*10'574,51*25'137,9,Obszar zabudowany,Wierzchołek wzn.,Droga krajowa,Jednojezdniowa dwukierunkowa,N,POWIAT RADOM,RADOM - OBSZAR MIEJSKI
1,0,2,2014,"Opady śniegu, gradu",Zderzenie pojazdów czołowe,"Opady śniegu, gradu",Światło dzienne,Jezdnia,EWK-98113628G,13,2014-01-28,Lekko,21*20'333,53*23'559,53,Obszar niezabudowany,Odcinek prosty,Droga krajowa,Jednojezdniowa dwukierunkowa,N,POWIAT OSTROŁĘCKI,KADZIDŁO - OBSZAR WIEJSKI
1,0,2,2014,"Opady śniegu, gradu",Zderzenie pojazdów tylne,"Opady śniegu, gradu",Światło dzienne,Jezdnia,EWK-98112660E,15,2014-01-27,Lekko,22*14'440,52*12'161,63,Obszar zabudowany,,Droga krajowa,Jednojezdniowa dwukierunkowa,N,POWIAT SIEDLECKI,SIEDLCE - OBSZAR WIEJSKI
1,0,0,2014,"Opady śniegu, gradu",Zderzenie pojazdów tylne,"Opady śniegu, gradu",Światło dzienne,Jezdnia,EWK-98112660E,15,2014-01-27,Nieokreślone (puste pole),22*14'440,52*12'161,63,Obszar zabudowany,,Droga krajowa,Jednojezdniowa dwukierunkowa,N,POWIAT SIEDLECKI,SIEDLCE - OBSZAR WIEJSKI
1,0,1,2014,Oślepiające słońce,Inne,Oślepiające słońce,Światło dzienne,"Chodnik, droga dla pieszych",EWK-98273389J,12,2014-06-11,Lekko,22*15'563,52*11'291,W628,Obszar zabudowany,Odcinek prosty,Droga wojewódzka,Jednojezdniowa dwukierunkowa,N,POWIAT SIEDLCE,SIEDLCE - OBSZAR MIEJSKI
1,0,0,2014,Oślepiające słońce,Inne,Oślepiające słońce,Światło dzienne,"Chodnik, droga dla pieszych",EWK-98273389J,12,2014-06-11,Nieokreślone (puste pole),22*15'563,52*11'291,W628,Obszar zabudowany,Odcinek prosty,Droga wojewódzka,Jednojezdniowa dwukierunkowa,N,POWIAT SIEDLCE,SIEDLCE - OBSZAR MIEJSKI
1,0,1,2014,Oślepiające słońce,Inne,Oślepiające słońce,Światło dzienne,Jezdnia,EWK-98213454H,12,2014-04-25,Lekko,19*42'263,52*33'156,GMINNA,Obszar zabudowany,,Droga gminna,Jednokierunkowa,N,POWIAT PŁOCK,PŁOCK - OBSZAR MIEJSKI
1,0,0,2014,Oślepiające słońce,Inne,Oślepiające słońce,Światło dzienne,Jezdnia,EWK-98213454H,12,2014-04-25,Nieokreślone (puste pole),19*42'263,52*33'156,GMINNA,Obszar zabudowany,,Droga gminna,Jednokierunkowa,N,POWIAT PŁOCK,PŁOCK - OBSZAR MIEJSKI
1,0,1,2014,Oślepiające słońce,Inne,Oślepiające słońce,Światło dzienne,Jezdnia,EWK-98395553R,12,2014-09-03,Lekko,19*41'267,52*32'587,60,Obszar zabudowany,,Droga krajowa,Dwie jezdnie jednokierunkowe,N,POWIAT PŁOCK,PŁOCK - OBSZAR MIEJSKI
1,0,0,2014,Oślepiające słońce,Inne,Oślepiające słońce,Światło dzienne,Jezdnia,EWK-98395553R,12,2014-09-03,Nieokreślone (puste pole),19*41'267,52*32'587,60,Obszar zabudowany,,Droga krajowa,Dwie jezdnie jednokierunkowe,N,POWIAT PŁOCK,PŁOCK - OBSZAR MIEJSKI
1,0,1,2014,Oślepiające słońce,Najechanie na drzewo,Oślepiające słońce,Światło dzienne,Jezdnia,EWK-98624815T,11,2014-10-29,Lekko,21*10'154,51*18'482,34446W,Obszar niezabudowany,Odcinek prosty,Droga powiatowa,Jednojezdniowa dwukierunkowa,N,POWIAT RADOMSKI,SKARYSZEW - OBSZAR WIEJSKI
1,0,1,2014,Oślepiające słońce,Najechanie na drzewo,Oślepiające słońce,Światło dzienne,Pobocze,EWK-98347397Y,14,2014-08-02,Ciężko,19*49'084,52*28'048,P2979W,Obszar niezabudowany,"Zakręt, łuk",Droga powiatowa,Jednojezdniowa dwukierunkowa,N,POWIAT PŁOCKI,GĄBIN - OBSZAR WIEJSKI
1,0,1,2014,Oślepiające słońce,Najechanie na pieszego,Oślepiające słońce,Światło dzienne,Jezdnia,EWK-98091314H,13,2014-01-13,Ciężko,21*10'181,51*24'157,P5329W,Obszar zabudowany,,Droga powiatowa,Jednojezdniowa dwukierunkowa,N,POWIAT RADOM,RADOM - OBSZAR MIEJSKI
1,0,0,2014,Oślepiające słońce,Najechanie na pieszego,Oślepiające słońce,Światło dzienne,Jezdnia,EWK-98091314H,13,2014-01-13,Nieokreślone (puste pole),21*10'181,51*24'157,P5329W,Obszar zabudowany,,Droga powiatowa,Jednojezdniowa dwukierunkowa,N,POWIAT RADOM,RADOM - OBSZAR MIEJSKI
1,1,0,2014,Oślepiające słońce,Najechanie na pieszego,Oślepiające słońce,Światło dzienne,Jezdnia,EWK-98095216F,13,2014-01-13,Nieokreślone (puste pole),21*05'323,52*52'487,57,Obszar zabudowany,Odcinek prosty,Droga krajowa,Jednojezdniowa dwukierunkowa,N,POWIAT MAKOWSKI,MAKÓW MAZOWIECKI - OBSZAR MIEJSKI
1,0,1,2014,Oślepiające słońce,Najechanie na pieszego,Oślepiające słońce,Światło dzienne,Jezdnia,EWK-98262549H,11,2014-06-05,Lekko,19*41'106,52*32'405,GMINNA,Obszar zabudowany,,Droga gminna,Jednojezdniowa dwukierunkowa,N,POWIAT PŁOCK,PŁOCK - OBSZAR MIEJSKI
1,0,0,2014,Oślepiające słońce,Najechanie na pieszego,Oślepiające słońce,Światło dzienne,Jezdnia,EWK-98262549H,11,2014-06-05,Nieokreślone (puste pole),19*41'106,52*32'405,GMINNA,Obszar zabudowany,,Droga gminna,Jednojezdniowa dwukierunkowa,N,POWIAT PŁOCK,PŁOCK - OBSZAR MIEJSKI
1,0,1,2014,Oślepiające słońce,Najechanie na pieszego,Oślepiające słońce,Światło dzienne,"Parking, plac",EWK-98399680J,9,2014-09-05,Ciężko,19*41'123,52*33'111,I2,Obszar zabudowany,Odcinek prosty,Inna,Jednojezdniowa dwukierunkowa,N,POWIAT PŁOCK,PŁOCK - OBSZAR MIEJSKI
1,0,0,2014,Oślepiające słońce,Najechanie na pieszego,Oślepiające słońce,Światło dzienne,"Parking, plac",EWK-98399680J,9,2014-09-05,Nieokreślone (puste pole),19*41'123,52*33'111,I2,Obszar zabudowany,Odcinek prosty,Inna,Jednojezdniowa dwukierunkowa,N,POWIAT PŁOCK,PŁOCK - OBSZAR MIEJSKI
1,0,1,2014,Oślepiające słońce,Najechanie na pieszego,Oślepiające słońce,Światło dzienne,Przejście dla pieszych,EWK-98126469L,14,2014-02-10,Ciężko,20*52'013,51*51'520,P,Obszar zabudowany,,Droga powiatowa,Jednojezdniowa dwukierunkowa,N,POWIAT GRÓJECKI,GRÓJEC - OBSZAR MIEJSKI
1,0,0,2014,Oślepiające słońce,Najechanie na pieszego,Oślepiające słońce,Światło dzienne,Przejście dla pieszych,EWK-98126469L,14,2014-02-10,Nieokreślone (puste pole),20*52'013,51*51'520,P,Obszar zabudowany,,Droga powiatowa,Jednojezdniowa dwukierunkowa,N,POWIAT GRÓJECKI,GRÓJEC - OBSZAR MIEJSKI
1,0,1,2014,Oślepiające słońce,Najechanie na pieszego,Oślepiające słońce,Światło dzienne,Przejście dla pieszych,EWK-98275068J,16,2014-06-10,Lekko,20*30'583,51*58'221,GMINNA,Obszar zabudowany,,Droga gminna,Jednojezdniowa dwukierunkowa,N,POWIAT ŻYRARDOWSKI,MSZCZONÓW - OBSZAR MIEJSKI
1,0,0,2014,Oślepiające słońce,Najechanie na pieszego,Oślepiające słońce,Światło dzienne,Przejście dla pieszych,EWK-98275068J,16,2014-06-10,Nieokreślone (puste pole),20*30'583,51*58'221,GMINNA,Obszar zabudowany,,Droga gminna,Jednojezdniowa dwukierunkowa,N,POWIAT ŻYRARDOWSKI,MSZCZONÓW - OBSZAR MIEJSKI
1,0,1,2014,Oślepiające słońce,Najechanie na pieszego,Oślepiające słońce,Światło dzienne,Przejście dla pieszych,EWK-98330335P,17,2014-07-22,Lekko,20*57'053,51*38'590,G110150W,Obszar zabudowany,,Droga gminna,Jednojezdniowa dwukierunkowa,N,POWIAT BIAŁOBRZESKI,BIAŁOBRZEGI - OBSZAR MIEJSKI
1,0,0,2014,Oślepiające słońce,Najechanie na pieszego,Oślepiające słońce,Światło dzienne,Przejście dla pieszych,EWK-98330335P,17,2014-07-22,Nieokreślone (puste pole),20*57'053,51*38'590,G110150W,Obszar zabudowany,,Droga gminna,Jednojezdniowa dwukierunkowa,N,POWIAT BIAŁOBRZESKI,BIAŁOBRZEGI - OBSZAR MIEJSKI
1,0,1,2014,Oślepiające słońce,Najechanie na pieszego,Oślepiające słońce,Światło dzienne,Przejście dla pieszych,EWK-98400481K,18,2014-09-05,Lekko,19*43'386,52*32'200,P,Obszar zabudowany,,Droga powiatowa,Jednojezdniowa dwukierunkowa,N,POWIAT PŁOCK,PŁOCK - OBSZAR MIEJSKI
1,0,0,2014,Oślepiające słońce,Najechanie na pieszego,Oślepiające słońce,Światło dzienne,Przejście dla pieszych,EWK-98400481K,18,2014-09-05,Nieokreślone (puste pole),19*43'386,52*32'200,P,Obszar zabudowany,,Droga powiatowa,Jednojezdniowa dwukierunkowa,N,POWIAT PŁOCK,PŁOCK - OBSZAR MIEJSKI
1,0,2,2014,Oślepiające słońce,Wywrócenie się pojazdu,Oślepiające słońce,Światło dzienne,Pobocze,EWK-98347536P,15,2014-08-03,Lekko,21*07'325,51*55'204,P,Obszar zabudowany,Odcinek prosty,Droga powiatowa,Jednojezdniowa dwukierunkowa,N,POWIAT GRÓJECKI,CHYNÓW - OBSZAR WIEJSKI
1,0,1,2014,Oślepiające słońce,Wywrócenie się pojazdu,Oślepiające słońce,Światło dzienne,"Skarpa, rów",EWK-98316044H,7,2014-07-10,Lekko,22*18'047,52*30'170,63,Obszar zabudowany,,Droga krajowa,Jednojezdniowa dwukierunkowa,N,POWIAT SOKOŁOWSKI,SABNIE - OBSZAR WIEJSKI
1,0,0,2014,Oślepiające słońce,Wywrócenie się pojazdu,Oślepiające słońce,Światło dzienne,"Skarpa, rów",EWK-98316044H,7,2014-07-10,Nieokreślone (puste pole),22*18'047,52*30'170,63,Obszar zabudowany,,Droga krajowa,Jednojezdniowa dwukierunkowa,N,POWIAT SOKOŁOWSKI,SABNIE - OBSZAR WIEJSKI
1,0,1,2014,Oślepiające słońce,Wywrócenie się pojazdu,Oślepiające słońce,Światło dzienne,"Skarpa, rów",EWK-98625478G,8,2014-10-28,Lekko,20*04'108,52*40'128,10,Obszar niezabudowany,Odcinek prosty,Droga krajowa,Jednojezdniowa dwukierunkowa,N,POWIAT PŁOCKI,STAROŹREBY - OBSZAR WIEJSKI
1,0,2,2014,Oślepiające słońce,Wywrócenie się pojazdu,Oślepiające słońce,Światło dzienne,"Skarpa, rów",EWK-98654151T,11,2014-11-23,Ciężko,19*58'070,52*45'045,10,Obszar niezabudowany,Odcinek prosty,Droga krajowa,Jednojezdniowa dwukierunkowa,N,POWIAT PŁOCKI,DROBIN - OBSZAR WIEJSKI
1,0,2,2014,Oślepiające słońce,Wywrócenie się pojazdu,Oślepiające słońce,Światło dzienne,"Skarpa, rów",EWK-98654151T,11,2014-11-23,Lekko,19*58'070,52*45'045,10,Obszar niezabudowany,Odcinek prosty,Droga krajowa,Jednojezdniowa dwukierunkowa,N,POWIAT PŁOCKI,DROBIN - OBSZAR WIEJSKI
1,0,1,2014,Oślepiające słońce,Zderzenie pojazdów boczne,Oślepiające słońce,Światło dzienne,Jezdnia,EWK-98105292K,14,2014-01-22,Lekko,21*29'120,53*00'324,61,Obszar niezabudowany,Odcinek prosty,Droga krajowa,Jednojezdniowa dwukierunkowa,N,POWIAT OSTROŁĘCKI,OLSZEWO-BORKI - OBSZAR WIEJSKI