Liczba wypadków,Liczba zabitych,Liczba rannych,Rok,Warunki atmosferyczne,Rodzaj zdarzenia,Warunki atmosferyczne,Oświetlenie,Charakterystyka miejsca zdarzenia,IDKSIP zdarzenia,Godzina,Dzień,Ranny,GPS x,GPS y,Numer drogi,Obszar,Geometria drogi,Kategoria drogi 1,Rodzaj drogi,Czy w zdarzeniu był sprawca nietrzeźwy,Powiat,Gmina
1,0,0,2014,Oślepiające słońce,Zderzenie pojazdów boczne,Oślepiające słońce,Światło dzienne,Jezdnia,EWK-98105292K,14,2014-01-22,Nieokreślone (puste pole),21*29'120,53*00'324,61,Obszar niezabudowany,Odcinek prosty,Droga krajowa,Jednojezdniowa dwukierunkowa,N,POWIAT OSTROŁĘCKI,OLSZEWO-BORKI - OBSZAR WIEJSKI
1,1,0,2014,Oślepiające słońce,Zderzenie pojazdów boczne,Oślepiające słońce,Światło dzienne,Jezdnia,EWK-98141495Y,13,2014-02-23,Nieokreślone (puste pole),21*13'204,51*24'501,12,Obszar zabudowany,,Droga krajowa,Jednojezdniowa dwukierunkowa,N,POWIAT RADOMSKI,JEDLNIA-LETNISKO - OBSZAR WIEJSKI
1,1,0,2014,Oślepiające słońce,Zderzenie pojazdów boczne,Oślepiające słońce,Światło dzienne,Jezdnia,EWK-98157447M,11,2014-03-12,Nieokreślone (puste pole),20*04'100,52*25'387,62,Obszar niezabudowany,,Droga krajowa,Jednojezdniowa dwukierunkowa,T,POWIAT PŁOCKI,MAŁA WIEŚ - OBSZAR WIEJSKI
1,0,1,2014,Oślepiające słońce,Zderzenie pojazdów boczne,Oślepiające słońce,Światło dzienne,Jezdnia,EWK-98181750G,13,2014-03-31,Lekko,22*12'239,52*27'298,627,Obszar niezabudowany,Odcinek prosty,Droga wojewódzka,Jednojezdniowa dwukierunkowa,N,POWIAT SOKOŁOWSKI,SOKOŁÓW PODLASKI - OBSZAR WIEJSKI
1,0,0,2014,Oślepiające słońce,Zderzenie pojazdów boczne,Oślepiające słońce,Światło dzienne,Jezdnia,EWK-98181750G,13,2014-03-31,Nieokreślone (puste pole),22*12'239,52*27'298,627,Obszar niezabudowany,Odcinek prosty,Droga wojewódzka,Jednojezdniowa dwukierunkowa,N,POWIAT SOKOŁOWSKI,SOKOŁÓW PODLASKI - OBSZAR WIEJSKI
1,0,2,2014,Oślepiające słońce,Zderzenie pojazdów boczne,Oślepiające słońce,Światło dzienne,Jezdnia,EWK-98263057N,16,2014-06-04,Lekko,21*09'508,51*25'429,P5301W,Obszar zabudowany,,Droga powiatowa,Dwie jezdnie jednokierunkowe,N,POWIAT RADOM,RADOM - OBSZAR MIEJSKI
1,0,0,2014,Oślepiające słońce,Zderzenie pojazdów boczne,Oślepiające słońce,Światło dzienne,Jezdnia,EWK-98263057N,16,2014-06-04,Nieokreślone (puste pole),21*09'508,51*25'429,P5301W,Obszar zabudowany,,Droga powiatowa,Dwie jezdnie jednokierunkowe,N,POWIAT RADOM,RADOM - OBSZAR MIEJSKI
1,0,1,2014,Oślepiające słońce,Zderzenie pojazdów boczne,Oślepiające słońce,Światło dzienne,Jezdnia,EWK-98308620E,13,2014-07-05,Lekko,21*13'234,51*07'030,9,Obszar zabudowany,,Droga krajowa,Jednojezdniowa dwukierunkowa,N,POWIAT RADOMSKI,IŁŻA - OBSZAR WIEJSKI
1,0,0,2014,Oślepiające słońce,Zderzenie pojazdów boczne,Oślepiające słońce,Światło dzienne,Jezdnia,EWK-98308620E,13,2014-07-05,Nieokreślone (puste pole),21*13'234,51*07'030,9,Obszar zabudowany,,Droga krajowa,Jednojezdniowa dwukierunkowa,N,POWIAT RADOMSKI,IŁŻA - OBSZAR WIEJSKI
1,0,1,2014,Oślepiające słońce,Zderzenie pojazdów boczne,Oślepiające słońce,Światło dzienne,Jezdnia,EWK-98324045X,15,2014-07-16,Ciężko,19*43'493,52*32'196,P,Obszar zabudowany,,Droga powiatowa,Jednojezdniowa dwukierunkowa,N,POWIAT PŁOCK,PŁOCK - OBSZAR MIEJSKI
1,0,0,2014,Oślepiające słońce,Zderzenie pojazdów boczne,Oślepiające słońce,Światło dzienne,Jezdnia,EWK-98324045X,15,2014-07-16,Nieokreślone (puste pole),19*43'493,52*32'196,P,Obszar zabudowany,,Droga powiatowa,Jednojezdniowa dwukierunkowa,N,POWIAT PŁOCK,PŁOCK - OBSZAR MIEJSKI
1,0,2,2014,Oślepiające słońce,Zderzenie pojazdów boczne,Oślepiające słońce,Światło dzienne,Jezdnia,EWK-98326907H,9,2014-07-19,Lekko,20*59'271,51*23'070,12,Obszar niezabudowany,Odcinek prosty,Droga krajowa,Jednojezdniowa dwukierunkowa,N,POWIAT RADOMSKI,WOLANÓW - OBSZAR WIEJSKI
1,0,1,2014,Oślepiające słońce,Zderzenie pojazdów boczne,Oślepiające słońce,Światło dzienne,Jezdnia,EWK-98329275W,15,2014-07-10,Lekko,21*17'145,53*10'250,2577W,Obszar zabudowany,,Droga powiatowa,Jednojezdniowa dwukierunkowa,N,POWIAT OSTROŁĘCKI,BARANOWO - OBSZAR WIEJSKI
1,0,0,2014,Oślepiające słońce,Zderzenie pojazdów boczne,Oślepiające słońce,Światło dzienne,Jezdnia,EWK-98329275W,15,2014-07-10,Nieokreślone (puste pole),21*17'145,53*10'250,2577W,Obszar zabudowany,,Droga powiatowa,Jednojezdniowa dwukierunkowa,N,POWIAT OSTROŁĘCKI,BARANOWO - OBSZAR WIEJSKI
1,0,1,2014,Oślepiające słońce,Zderzenie pojazdów boczne,Oślepiające słońce,Światło dzienne,Jezdnia,EWK-98336616J,6,2014-07-28,Ciężko,21*10'046,51*23'344,P5309W,Obszar zabudowany,,Droga powiatowa,Jednojezdniowa dwukierunkowa,N,POWIAT RADOM,RADOM - OBSZAR MIEJSKI
1,0,0,2014,Oślepiające słońce,Zderzenie pojazdów boczne,Oślepiające słońce,Światło dzienne,Jezdnia,EWK-98336616J,6,2014-07-28,Nieokreślone (puste pole),21*10'046,51*23'344,P5309W,Obszar zabudowany,,Droga powiatowa,Jednojezdniowa dwukierunkowa,N,POWIAT RADOM,RADOM - OBSZAR MIEJSKI
1,0,1,2014,Oślepiające słońce,Zderzenie pojazdów boczne,Oślepiające słońce,Światło dzienne,Jezdnia,EWK-98389691W,6,2014-08-28,Ciężko,20*22'091,52*39'445,W632,Obszar niezabudowany,Odcinek prosty,Droga wojewódzka,Jednojezdniowa dwukierunkowa,N,POWIAT PŁOŃSKI,SOCHOCIN - OBSZAR WIEJSKI
1,0,0,2014,Oślepiające słońce,Zderzenie pojazdów boczne,Oślepiające słońce,Światło dzienne,Jezdnia,EWK-98389691W,6,2014-08-28,Nieokreślone (puste pole),20*22'091,52*39'445,W632,Obszar niezabudowany,Odcinek prosty,Droga wojewódzka,Jednojezdniowa dwukierunkowa,N,POWIAT PŁOŃSKI,SOCHOCIN - OBSZAR WIEJSKI
1,0,1,2014,Oślepiające słońce,Zderzenie pojazdów boczne,Oślepiające słońce,Światło dzienne,Jezdnia,EWK-98410206M,16,2014-09-16,Lekko,19*43'544,52*45'490,560,Obszar niezabudowany,"Zakręt, łuk",Droga wojewódzka,Jednojezdniowa dwukierunkowa,N,POWIAT SIERPECKI,SIERPC - OBSZAR WIEJSKI
1,0,0,2014,Oślepiające słońce,Zderzenie pojazdów boczne,Oślepiające słońce,Światło dzienne,Jezdnia,EWK-98410206M,16,2014-09-16,Nieokreślone (puste pole),19*43'544,52*45'490,560,Obszar niezabudowany,"Zakręt, łuk",Droga wojewódzka,Jednojezdniowa dwukierunkowa,N,POWIAT SIERPECKI,SIERPC - OBSZAR WIEJSKI
1,0,1,2014,Oślepiające słońce,Zderzenie pojazdów boczne,Oślepiające słońce,Światło dzienne,Jezdnia,EWK-98410798E,12,2014-09-15,Lekko,19*44'576,52*32'141,62,Obszar zabudowany,,Droga krajowa,Dwie jezdnie jednokierunkowe,N,POWIAT PŁOCK,PŁOCK - OBSZAR MIEJSKI
1,0,0,2014,Oślepiające słońce,Zderzenie pojazdów boczne,Oślepiające słońce,Światło dzienne,Jezdnia,EWK-98410798E,12,2014-09-15,Nieokreślone (puste pole),19*44'576,52*32'141,62,Obszar zabudowany,,Droga krajowa,Dwie jezdnie jednokierunkowe,N,POWIAT PŁOCK,PŁOCK - OBSZAR MIEJSKI
1,0,1,2014,Oślepiające słońce,Zderzenie pojazdów boczne,Oślepiające słońce,Światło dzienne,Jezdnia,EWK-98411232D,13,2014-09-17,Ciężko,20*53'053,53*00'458,GMINNA,Obszar zabudowany,,Droga gminna,Jednojezdniowa dwukierunkowa,N,POWIAT PRZASNYSKI,PRZASNYSZ - OBSZAR MIEJSKI
1,0,0,2014,Oślepiające słońce,Zderzenie pojazdów boczne,Oślepiające słońce,Światło dzienne,Jezdnia,EWK-98411232D,13,2014-09-17,Nieokreślone (puste pole),20*53'053,53*00'458,GMINNA,Obszar zabudowany,,Droga gminna,Jednojezdniowa dwukierunkowa,N,POWIAT PRZASNYSKI,PRZASNYSZ - OBSZAR MIEJSKI
1,0,1,2014,Oślepiające słońce,Zderzenie pojazdów boczne,Oślepiające słońce,Światło dzienne,Jezdnia,EWK-98412256G,18,2014-09-17,Lekko,20*53'147,53*01'142,GMINNA,Obszar zabudowany,,Droga gminna,Jednojezdniowa dwukierunkowa,N,POWIAT PRZASNYSKI,PRZASNYSZ - OBSZAR MIEJSKI
1,0,0,2014,Oślepiające słońce,Zderzenie pojazdów boczne,Oślepiające słońce,Światło dzienne,Jezdnia,EWK-98412256G,18,2014-09-17,Nieokreślone (puste pole),20*53'147,53*01'142,GMINNA,Obszar zabudowany,,Droga gminna,Jednojezdniowa dwukierunkowa,N,POWIAT PRZASNYSKI,PRZASNYSZ - OBSZAR MIEJSKI
1,0,1,2014,Oślepiające słońce,Zderzenie pojazdów boczne,Oślepiające słońce,Światło dzienne,Jezdnia,EWK-98630911N,15,2014-10-10,Ciężko,21*35'151,51*52'363,31320W,Obszar niezabudowany,,Droga powiatowa,Jednojezdniowa dwukierunkowa,N,POWIAT GARWOLIŃSKI,GARWOLIN - OBSZAR WIEJSKI
1,0,0,2014,Oślepiające słońce,Zderzenie pojazdów boczne,Oślepiające słońce,Światło dzienne,Jezdnia,EWK-98630911N,15,2014-10-10,Nieokreślone (puste pole),21*35'151,51*52'363,31320W,Obszar niezabudowany,,Droga powiatowa,Jednojezdniowa dwukierunkowa,N,POWIAT GARWOLIŃSKI,GARWOLIN - OBSZAR WIEJSKI
1,0,1,2014,Oślepiające słońce,Zderzenie pojazdów boczne,Oślepiające słońce,Światło dzienne,Pobocze,EWK-98323031Q,7,2014-07-15,Lekko,20*21'165,51*58'253,GMINNA,Obszar niezabudowany,Odcinek prosty,Droga gminna,Jednojezdniowa dwukierunkowa,N,POWIAT ŻYRARDOWSKI,PUSZCZA MARIAŃSKA - OBSZAR WIEJSKI
1,0,0,2014,Oślepiające słońce,Zderzenie pojazdów boczne,Oślepiające słońce,Światło dzienne,Pobocze,EWK-98323031Q,7,2014-07-15,Nieokreślone (puste pole),20*21'165,51*58'253,GMINNA,Obszar niezabudowany,Odcinek prosty,Droga gminna,Jednojezdniowa dwukierunkowa,N,POWIAT ŻYRARDOWSKI,PUSZCZA MARIAŃSKA - OBSZAR WIEJSKI
1,0,1,2014,Oślepiające słońce,Zderzenie pojazdów boczne,Oślepiające słońce,Światło dzienne,Przejście dla pieszych,EWK-98126023N,12,2014-02-08,Lekko,19*42'137,52*33'305,60,Obszar zabudowany,,Droga krajowa,Dwie jezdnie jednokierunkowe,N,POWIAT PŁOCK,PŁOCK - OBSZAR MIEJSKI
1,0,0,2014,Oślepiające słońce,Zderzenie pojazdów boczne,Oślepiające słońce,Światło dzienne,Przejście dla pieszych,EWK-98126023N,12,2014-02-08,Nieokreślone (puste pole),19*42'137,52*33'305,60,Obszar zabudowany,,Droga krajowa,Dwie jezdnie jednokierunkowe,N,POWIAT PŁOCK,PŁOCK - OBSZAR MIEJSKI
1,0,1,2014,Oślepiające słońce,Zderzenie pojazdów boczne,Oślepiające słońce,Światło dzienne,Przejście dla pieszych,EWK-98245724P,9,2014-05-22,Lekko,19*40'460,52*33'170,P,Obszar zabudowany,,Droga powiatowa,Jednojezdniowa dwukierunkowa,N,POWIAT PŁOCK,PŁOCK - OBSZAR MIEJSKI
1,0,0,2014,Oślepiające słońce,Zderzenie pojazdów boczne,Oślepiające słońce,Światło dzienne,Przejście dla pieszych,EWK-98245724P,9,2014-05-22,Nieokreślone (puste pole),19*40'460,52*33'170,P,Obszar zabudowany,,Droga powiatowa,Jednojezdniowa dwukierunkowa,N,POWIAT PŁOCK,PŁOCK - OBSZAR MIEJSKI
1,0,1,2014,Oślepiające słońce,Zderzenie pojazdów boczne,Oślepiające słońce,Światło dzienne,"Wjazd, wyjazd z posesji, pola",EWK-98338488U,10,2014-07-28,Lekko,19*41'197,52*23'471,P1453W,Obszar zabudowany,Odcinek prosty,Droga powiatowa,Jednojezdniowa dwukierunkowa,N,POWIAT PŁOCKI,GĄBIN - OBSZAR WIEJSKI
1,0,0,2014,Oślepiające słońce,Zderzenie pojazdów boczne,Oślepiające słońce,Światło dzienne,"Wjazd, wyjazd z posesji, pola",EWK-98338488U,10,2014-07-28,Nieokreślone (puste pole),19*41'197,52*23'471,P1453W,Obszar zabudowany,Odcinek prosty,Droga powiatowa,Jednojezdniowa dwukierunkowa,N,POWIAT PŁOCKI,GĄBIN - OBSZAR WIEJSKI
1,0,2,2014,Oślepiające słońce,Zderzenie pojazdów czołowe,Oślepiające słońce,Światło dzienne,Jezdnia,EWK-98177614D,16,2014-03-30,Lekko,21*51'199,52*45'010,50,Obszar niezabudowany,Odcinek prosty,Droga krajowa,Jednojezdniowa dwukierunkowa,N,POWIAT OSTROWSKI,OSTRÓW MAZOWIECKA - OBSZAR WIEJSKI
1,0,0,2014,Oślepiające słońce,Zderzenie pojazdów czołowe,Oślepiające słońce,Światło dzienne,Jezdnia,EWK-98177614D,16,2014-03-30,Nieokreślone (puste pole),21*51'199,52*45'010,50,Obszar niezabudowany,Odcinek prosty,Droga krajowa,Jednojezdniowa dwukierunkowa,N,POWIAT OSTROWSKI,OSTRÓW MAZOWIECKA - OBSZAR WIEJSKI
1,0,1,2014,Oślepiające słońce,Zderzenie pojazdów czołowe,Oślepiające słońce,Światło dzienne,Jezdnia,EWK-98178743J,8,2014-03-30,Ciężko,22*02'329,52*47'056,P,Obszar niezabudowany,Odcinek prosty,Droga powiatowa,Jednojezdniowa dwukierunkowa,N,POWIAT OSTROWSKI,OSTRÓW MAZOWIECKA - OBSZAR WIEJSKI
1,0,2,2014,Oślepiające słońce,Zderzenie pojazdów czołowe,Oślepiające słońce,Światło dzienne,Jezdnia,EWK-98178743J,8,2014-03-30,Lekko,22*02'329,52*47'056,P,Obszar niezabudowany,Odcinek prosty,Droga powiatowa,Jednojezdniowa dwukierunkowa,N,POWIAT OSTROWSKI,OSTRÓW MAZOWIECKA - OBSZAR WIEJSKI
1,0,0,2014,Oślepiające słońce,Zderzenie pojazdów czołowe,Oślepiające słońce,Światło dzienne,Jezdnia,EWK-98178743J,8,2014-03-30,Nieokreślone (puste pole),22*02'329,52*47'056,P,Obszar niezabudowany,Odcinek prosty,Droga powiatowa,Jednojezdniowa dwukierunkowa,N,POWIAT OSTROWSKI,OSTRÓW MAZOWIECKA - OBSZAR WIEJSKI
1,0,1,2014,Oślepiające słońce,Zderzenie pojazdów czołowe,Oślepiające słońce,Światło dzienne,Jezdnia,EWK-98218974T,18,2014-04-30,Ciężko,20*14'305,52*00'457,GMINNA,Obszar zabudowany,Odcinek prosty,Droga gminna,Jednojezdniowa dwukierunkowa,N,POWIAT ŻYRARDOWSKI,PUSZCZA MARIAŃSKA - OBSZAR WIEJSKI
1,0,1,2014,Oślepiające słońce,Zderzenie pojazdów czołowe,Oślepiające słońce,Światło dzienne,Jezdnia,EWK-98218974T,18,2014-04-30,Lekko,20*14'305,52*00'457,GMINNA,Obszar zabudowany,Odcinek prosty,Droga gminna,Jednojezdniowa dwukierunkowa,N,POWIAT ŻYRARDOWSKI,PUSZCZA MARIAŃSKA - OBSZAR WIEJSKI
1,0,2,2014,Oślepiające słońce,Zderzenie pojazdów czołowe,Oślepiające słońce,Światło dzienne,Jezdnia,EWK-98232019A,18,2014-05-09,Ciężko,21*04'586,52*39'316,61,Obszar niezabudowany,"Zakręt, łuk; Wzniesienie",Droga krajowa,Jednojezdniowa dwukierunkowa,N,POWIAT PUŁTUSKI,PUŁTUSK - OBSZAR WIEJSKI
1,0,0,2014,Oślepiające słońce,Zderzenie pojazdów czołowe,Oślepiające słońce,Światło dzienne,Jezdnia,EWK-98232019A,18,2014-05-09,Nieokreślone (puste pole),21*04'586,52*39'316,61,Obszar niezabudowany,"Zakręt, łuk; Wzniesienie",Droga krajowa,Jednojezdniowa dwukierunkowa,N,POWIAT PUŁTUSKI,PUŁTUSK - OBSZAR WIEJSKI
1,0,1,2014,Oślepiające słońce,Zderzenie pojazdów czołowe,Oślepiające słońce,Światło dzienne,Jezdnia,EWK-98249944E,7,2014-05-26,Ciężko,20*18'570,52*12'065,GMINNA,Obszar zabudowany,Odcinek prosty,Droga gminna,Jednojezdniowa dwukierunkowa,N,POWIAT SOCHACZEWSKI,TERESIN - OBSZAR WIEJSKI
1,0,0,2014,Oślepiające słońce,Zderzenie pojazdów czołowe,Oślepiające słońce,Światło dzienne,Jezdnia,EWK-98249944E,7,2014-05-26,Nieokreślone (puste pole),20*18'570,52*12'065,GMINNA,Obszar zabudowany,Odcinek prosty,Droga gminna,Jednojezdniowa dwukierunkowa,N,POWIAT SOCHACZEWSKI,TERESIN - OBSZAR WIEJSKI
1,0,1,2014,Oślepiające słońce,Zderzenie pojazdów czołowe,Oślepiające słońce,Światło dzienne,Jezdnia,EWK-98260686A,20,2014-05-21,Lekko,20*18'229,52*51'174,P2354W,Obszar zabudowany,,Droga powiatowa,Jednojezdniowa dwukierunkowa,N,POWIAT MŁAWSKI,STRZEGOWO - OBSZAR WIEJSKI
1,0,0,2014,Oślepiające słońce,Zderzenie pojazdów czołowe,Oślepiające słońce,Światło dzienne,Jezdnia,EWK-98260686A,20,2014-05-21,Nieokreślone (puste pole),20*18'229,52*51'174,P2354W,Obszar zabudowany,,Droga powiatowa,Jednojezdniowa dwukierunkowa,N,POWIAT MŁAWSKI,STRZEGOWO - OBSZAR WIEJSKI
1,0,3,2014,Oślepiające słońce,Zderzenie pojazdów czołowe,Oślepiające słońce,Światło dzienne,Jezdnia,EWK-98398210R,8,2014-09-05,Ciężko,20*11'119,52*24'341,50,Obszar niezabudowany,Odcinek prosty,Droga krajowa,Jednojezdniowa dwukierunkowa,N,POWIAT PŁOCKI,WYSZOGRÓD - OBSZAR WIEJSKI
1,0,1,2014,Oślepiające słońce,Zderzenie pojazdów czołowe,Oślepiające słońce,Światło dzienne,Jezdnia,EWK-98562233T,16,2014-10-20,Lekko,21*12'191,51*25'018,737,Obszar zabudowany,Odcinek prosty,Droga wojewódzka,Jednojezdniowa dwukierunkowa,N,POWIAT RADOM,RADOM - OBSZAR MIEJSKI
1,0,0,2014,Oślepiające słońce,Zderzenie pojazdów czołowe,Oślepiające słońce,Światło dzienne,Jezdnia,EWK-98562233T,16,2014-10-20,Nieokreślone (puste pole),21*12'191,51*25'018,737,Obszar zabudowany,Odcinek prosty,Droga wojewódzka,Jednojezdniowa dwukierunkowa,N,POWIAT RADOM,RADOM - OBSZAR MIEJSKI
1,0,1,2014,Oślepiające słońce,Zderzenie pojazdów czołowe,Oślepiające słońce,Światło dzienne,Jezdnia,EWK-98627011J,8,2014-10-28,Lekko,21*15'136,51*48'274,GMINNA,Obszar zabudowany,Odcinek prosty,Droga gminna,Jednojezdniowa dwukierunkowa,N,POWIAT GRÓJECKI,WARKA - OBSZAR WIEJSKI
1,0,0,2014,Oślepiające słońce,Zderzenie pojazdów czołowe,Oślepiające słońce,Światło dzienne,Jezdnia,EWK-98627011J,8,2014-10-28,Nieokreślone (puste pole),21*15'136,51*48'274,GMINNA,Obszar zabudowany,Odcinek prosty,Droga gminna,Jednojezdniowa dwukierunkowa,N,POWIAT GRÓJECKI,WARKA - OBSZAR WIEJSKI
1,0,2,2014,Oślepiające słońce,Zderzenie pojazdów czołowe,Oślepiające słońce,Światło dzienne,Jezdnia,EWK-98632354Q,12,2014-11-02,Lekko,19*44'338,52*34'467,5203W,Obszar niezabudowany,,Droga powiatowa,Jednojezdniowa dwukierunkowa,N,POWIAT PŁOCKI,RADZANOWO - OBSZAR WIEJSKI
1,0,0,2014,Oślepiające słońce,Zderzenie pojazdów czołowe,Oślepiające słońce,Światło dzienne,Jezdnia,EWK-98632354Q,12,2014-11-02,Nieokreślone (puste pole),19*44'338,52*34'467,5203W,Obszar niezabudowany,,Droga powiatowa,Jednojezdniowa dwukierunkowa,N,POWIAT PŁOCKI,RADZANOWO - OBSZAR WIEJSKI
1,1,0,2014,Oślepiające słońce,Zderzenie pojazdów tylne,Oślepiające słońce,Światło dzienne,Jezdnia,EWK-98085859W,15,2014-01-06,Nieokreślone (puste pole),19*44'333,52*24'064,GMINNA,Obszar zabudowany,Odcinek prosty,Droga gminna,Jednojezdniowa dwukierunkowa,N,POWIAT PŁOCKI,GĄBIN - OBSZAR MIEJSKI
1,0,1,2014,Oślepiające słońce,Zderzenie pojazdów tylne,Oślepiające słońce,Światło dzienne,Jezdnia,EWK-98123023L,8,2014-02-05,Ciężko,21*31'221,51*36'028,79,Obszar niezabudowany,Odcinek prosty,Droga krajowa,Jednojezdniowa dwukierunkowa,N,POWIAT KOZIENICKI,KOZIENICE - OBSZAR MIEJSKI
1,0,0,2014,Oślepiające słońce,Zderzenie pojazdów tylne,Oślepiające słońce,Światło dzienne,Jezdnia,EWK-98123023L,8,2014-02-05,Nieokreślone (puste pole),21*31'221,51*36'028,79,Obszar niezabudowany,Odcinek prosty,Droga krajowa,Jednojezdniowa dwukierunkowa,N,POWIAT KOZIENICKI,KOZIENICE - OBSZAR MIEJSKI
1,0,1,2014,Oślepiające słońce,Zderzenie pojazdów tylne,Oślepiające słońce,Światło dzienne,Jezdnia,EWK-98155505D,6,2014-03-10,Ciężko,19*39'167,52*36'262,P,Obszar niezabudowany,,Droga powiatowa,Jednojezdniowa dwukierunkowa,N,POWIAT PŁOCKI,STARA BIAŁA - OBSZAR WIEJSKI
1,0,1,2014,Oślepiające słońce,Zderzenie pojazdów tylne,Oślepiające słońce,Światło dzienne,Jezdnia,EWK-98155505D,6,2014-03-10,Lekko,19*39'167,52*36'262,P,Obszar niezabudowany,,Droga powiatowa,Jednojezdniowa dwukierunkowa,N,POWIAT PŁOCKI,STARA BIAŁA - OBSZAR WIEJSKI
1,0,0,2014,Oślepiające słońce,Zderzenie pojazdów tylne,Oślepiające słońce,Światło dzienne,Jezdnia,EWK-98155505D,6,2014-03-10,Nieokreślone (puste pole),19*39'167,52*36'262,P,Obszar niezabudowany,,Droga powiatowa,Jednojezdniowa dwukierunkowa,N,POWIAT PŁOCKI,STARA BIAŁA - OBSZAR WIEJSKI
1,0,1,2014,Oślepiające słońce,Zderzenie pojazdów tylne,Oślepiające słońce,Światło dzienne,Jezdnia,EWK-98158835R,6,2014-03-12,Lekko,21*01'225,51*11'338,P4015W,Obszar zabudowany,Odcinek prosty,Droga powiatowa,Jednojezdniowa dwukierunkowa,N,POWIAT SZYDŁOWIECKI,MIRÓW - OBSZAR WIEJSKI
1,0,0,2014,Oślepiające słońce,Zderzenie pojazdów tylne,Oślepiające słońce,Światło dzienne,Jezdnia,EWK-98158835R,6,2014-03-12,Nieokreślone (puste pole),21*01'225,51*11'338,P4015W,Obszar zabudowany,Odcinek prosty,Droga powiatowa,Jednojezdniowa dwukierunkowa,N,POWIAT SZYDŁOWIECKI,MIRÓW - OBSZAR WIEJSKI
1,0,1,2014,Oślepiające słońce,Zderzenie pojazdów tylne,Oślepiające słońce,Światło dzienne,Jezdnia,EWK-98271579K,10,2014-06-10,Lekko,21*36'427,53*19'499,645,Obszar niezabudowany,,Droga wojewódzka,Jednojezdniowa dwukierunkowa,N,POWIAT OSTROŁĘCKI,ŁYSE - OBSZAR WIEJSKI
1,0,0,2014,Oślepiające słońce,Zderzenie pojazdów tylne,Oślepiające słońce,Światło dzienne,Jezdnia,EWK-98271579K,10,2014-06-10,Nieokreślone (puste pole),21*36'427,53*19'499,645,Obszar niezabudowany,,Droga wojewódzka,Jednojezdniowa dwukierunkowa,N,POWIAT OSTROŁĘCKI,ŁYSE - OBSZAR WIEJSKI
1,0,1,2014,Oślepiające słońce,Zderzenie pojazdów tylne,Oślepiające słońce,Światło dzienne,Jezdnia,EWK-98285880T,18,2014-06-22,Lekko,19*33'118,52*45'568,541,Obszar zabudowany,Odcinek prosty,Droga wojewódzka,Jednojezdniowa dwukierunkowa,N,POWIAT SIERPECKI,MOCHOWO - OBSZAR WIEJSKI
1,0,0,2014,Oślepiające słońce,Zderzenie pojazdów tylne,Oślepiające słońce,Światło dzienne,Jezdnia,EWK-98285880T,18,2014-06-22,Nieokreślone (puste pole),19*33'118,52*45'568,541,Obszar zabudowany,Odcinek prosty,Droga wojewódzka,Jednojezdniowa dwukierunkowa,N,POWIAT SIERPECKI,MOCHOWO - OBSZAR WIEJSKI
1,0,1,2014,Oślepiające słońce,Zderzenie pojazdów tylne,Oślepiające słońce,Światło dzienne,Jezdnia,EWK-98304703F,14,2014-07-04,Ciężko,19*45'425,52*33'099,GMINNA,Obszar niezabudowany,,Droga gminna,Jednojezdniowa dwukierunkowa,N,POWIAT PŁOCK,PŁOCK - OBSZAR MIEJSKI
1,0,0,2014,Oślepiające słońce,Zderzenie pojazdów tylne,Oślepiające słońce,Światło dzienne,Jezdnia,EWK-98304703F,14,2014-07-04,Nieokreślone (puste pole),19*45'425,52*33'099,GMINNA,Obszar niezabudowany,,Droga gminna,Jednojezdniowa dwukierunkowa,N,POWIAT PŁOCK,PŁOCK - OBSZAR MIEJSKI
1,0,1,2014,Oślepiające słońce,Zderzenie pojazdów tylne,Oślepiające słońce,Światło dzienne,Jezdnia,EWK-98329281K,20,2014-07-13,Lekko,21*36'450,53*04'232,P5116W,Obszar zabudowany,Odcinek prosty,Droga powiatowa,Jednojezdniowa dwukierunkowa,N,POWIAT OSTROŁĘKA,OSTROŁĘKA - OBSZAR MIEJSKI
1,0,0,2014,Oślepiające słońce,Zderzenie pojazdów tylne,Oślepiające słońce,Światło dzienne,Jezdnia,EWK-98329281K,20,2014-07-13,Nieokreślone (puste pole),21*36'450,53*04'232,P5116W,Obszar zabudowany,Odcinek prosty,Droga powiatowa,Jednojezdniowa dwukierunkowa,N,POWIAT OSTROŁĘKA,OSTROŁĘKA - OBSZAR MIEJSKI
1,0,2,2014,Oślepiające słońce,Zderzenie pojazdów tylne,Oślepiające słońce,Światło dzienne,Jezdnia,EWK-98390637W,7,2014-08-29,Lekko,21*08'197,51*24'354,P5302W,Obszar zabudowany,Odcinek prosty,Droga powiatowa,Jednojezdniowa dwukierunkowa,N,POWIAT RADOM,RADOM - OBSZAR MIEJSKI
1,0,0,2014,Oślepiające słońce,Zderzenie pojazdów tylne,Oślepiające słońce,Światło dzienne,Jezdnia,EWK-98390637W,7,2014-08-29,Nieokreślone (puste pole),21*08'197,51*24'354,P5302W,Obszar zabudowany,Odcinek prosty,Droga powiatowa,Jednojezdniowa dwukierunkowa,N,POWIAT RADOM,RADOM - OBSZAR MIEJSKI