Liczba wypadków,Liczba zabitych,Liczba rannych,Rok,Warunki atmosferyczne,Rodzaj zdarzenia,Warunki atmosferyczne,Oświetlenie,Charakterystyka miejsca zdarzenia,IDKSIP zdarzenia,Godzina,Dzień,Ranny,GPS x,GPS y,Numer drogi,Obszar,Geometria drogi,Kategoria drogi 1,Rodzaj drogi,Czy w zdarzeniu był sprawca nietrzeźwy,Powiat,Gmina
1,0,1,2014,Oślepiające słońce,Zderzenie pojazdów tylne,Oślepiające słońce,Światło dzienne,Jezdnia,EWK-98450053H,8,2014-10-09,Lekko,19*40'369,52*51'392,10,Obszar zabudowany,Odcinek prosty,Droga krajowa,Jednojezdniowa dwukierunkowa,N,POWIAT SIERPECKI,SIERPC - OBSZAR MIEJSKI
1,0,0,2014,Oślepiające słońce,Zderzenie pojazdów tylne,Oślepiające słońce,Światło dzienne,Jezdnia,EWK-98450053H,8,2014-10-09,Nieokreślone (puste pole),19*40'369,52*51'392,10,Obszar zabudowany,Odcinek prosty,Droga krajowa,Jednojezdniowa dwukierunkowa,N,POWIAT SIERPECKI,SIERPC - OBSZAR MIEJSKI
1,0,1,2014,Oślepiające słońce,Zderzenie pojazdów tylne,Oślepiające słońce,Światło dzienne,Jezdnia,EWK-98623141T,9,2014-10-28,Lekko,20*58'203,51*37'261,S7,Obszar niezabudowany,Odcinek prosty,Droga krajowa,Ekspresowa,N,POWIAT BIAŁOBRZESKI,BIAŁOBRZEGI - OBSZAR WIEJSKI
1,0,0,2014,Oślepiające słońce,Zderzenie pojazdów tylne,Oślepiające słońce,Światło dzienne,Jezdnia,EWK-98623141T,9,2014-10-28,Nieokreślone (puste pole),20*58'203,51*37'261,S7,Obszar niezabudowany,Odcinek prosty,Droga krajowa,Ekspresowa,N,POWIAT BIAŁOBRZESKI,BIAŁOBRZEGI - OBSZAR WIEJSKI
1,0,1,2014,Oślepiające słońce,Zderzenie pojazdów tylne,Oślepiające słońce,Światło dzienne,Jezdnia,EWK-98630910T,13,2014-10-27,Lekko,21*41'390,51*44'277,807,Obszar niezabudowany,"Zakręt, łuk",Droga wojewódzka,Jednojezdniowa dwukierunkowa,N,POWIAT GARWOLIŃSKI,SOBOLEW - OBSZAR WIEJSKI
1,0,0,2014,Oślepiające słońce,Zderzenie pojazdów tylne,Oślepiające słońce,Światło dzienne,Jezdnia,EWK-98630910T,13,2014-10-27,Nieokreślone (puste pole),21*41'390,51*44'277,807,Obszar niezabudowany,"Zakręt, łuk",Droga wojewódzka,Jednojezdniowa dwukierunkowa,N,POWIAT GARWOLIŃSKI,SOBOLEW - OBSZAR WIEJSKI
1,0,1,2014,Oślepiające słońce,Zderzenie pojazdów tylne,Oślepiające słońce,Światło dzienne,"Roboty drogowe, oznakowanie tymczasowe",EWK-98409546Y,10,2014-09-15,Lekko,19*44'367,52*40'114,5201W,Obszar niezabudowany,Odcinek prosty,Droga powiatowa,Jednojezdniowa dwukierunkowa,N,POWIAT PŁOCKI,BIELSK - OBSZAR WIEJSKI
1,0,0,2014,Oślepiające słońce,Zderzenie pojazdów tylne,Oślepiające słońce,Światło dzienne,"Roboty drogowe, oznakowanie tymczasowe",EWK-98409546Y,10,2014-09-15,Nieokreślone (puste pole),19*44'367,52*40'114,5201W,Obszar niezabudowany,Odcinek prosty,Droga powiatowa,Jednojezdniowa dwukierunkowa,N,POWIAT PŁOCKI,BIELSK - OBSZAR WIEJSKI
1,1,0,2014,Oślepiające słońce,Zderzenie pojazdów tylne,Oślepiające słońce,Światło dzienne,"Wjazd, wyjazd z posesji, pola",EWK-98337446J,17,2014-07-28,Nieokreślone (puste pole),19*45'428,52*32'566,GMINNA,Obszar zabudowany,Odcinek prosty,Droga gminna,Jednojezdniowa dwukierunkowa,N,POWIAT PŁOCK,PŁOCK - OBSZAR MIEJSKI
1,0,1,2014,Pochmurno,Inne,Pochmurno,Noc - droga nieoświetlona,Jezdnia,EWK-98155854R,4,2014-03-09,Ciężko,20*49'481,53*15'269,3234W,Obszar niezabudowany,Odcinek prosty,Droga powiatowa,Jednojezdniowa dwukierunkowa,N,POWIAT PRZASNYSKI,CHORZELE - OBSZAR WIEJSKI
1,0,2,2014,Pochmurno,Inne,Pochmurno,Noc - droga oświetlona,Jezdnia,EWK-98481804N,4,2014-10-18,Lekko,21*13'236,51*28'324,34507W,Obszar niezabudowany,Odcinek prosty,Droga powiatowa,Jednojezdniowa dwukierunkowa,T,POWIAT RADOMSKI,JASTRZĘBIA - OBSZAR WIEJSKI
1,0,0,2014,Pochmurno,Inne,Pochmurno,Noc - droga oświetlona,Jezdnia,EWK-98481804N,4,2014-10-18,Nieokreślone (puste pole),21*13'236,51*28'324,34507W,Obszar niezabudowany,Odcinek prosty,Droga powiatowa,Jednojezdniowa dwukierunkowa,T,POWIAT RADOMSKI,JASTRZĘBIA - OBSZAR WIEJSKI
1,0,1,2014,Pochmurno,Inne,Pochmurno,Noc - droga oświetlona,"Skarpa, rów",EWK-98665122E,5,2014-11-30,Ciężko,21*32'017,51*22'320,,Obszar niezabudowany,"Zakręt, łuk",Nieokreślone (puste pole),Jednojezdniowa dwukierunkowa,N,POWIAT ZWOLEŃSKI,ZWOLEŃ - OBSZAR WIEJSKI
1,0,0,2014,Pochmurno,Inne,Pochmurno,Noc - droga oświetlona,"Skarpa, rów",EWK-98665122E,5,2014-11-30,Nieokreślone (puste pole),21*32'017,51*22'320,,Obszar niezabudowany,"Zakręt, łuk",Nieokreślone (puste pole),Jednojezdniowa dwukierunkowa,N,POWIAT ZWOLEŃSKI,ZWOLEŃ - OBSZAR WIEJSKI
1,0,1,2014,Pochmurno,Inne,Pochmurno,Noc - droga oświetlona,"Skarpa, rów",EWK-98681833E,21,2014-12-14,Lekko,19*45'427,52*33'029,GMINNA,Obszar niezabudowany,Odcinek prosty,Droga gminna,Jednojezdniowa dwukierunkowa,N,POWIAT PŁOCK,PŁOCK - OBSZAR MIEJSKI
1,0,1,2014,Pochmurno,Inne,Pochmurno,"Zmrok, świt","Skarpa, rów",EWK-98171364A,17,2014-03-17,Lekko,21*48'023,51*57'427,76,Obszar niezabudowany,"Zakręt, łuk",Droga krajowa,Jednojezdniowa dwukierunkowa,T,POWIAT GARWOLIŃSKI,BOROWIE - OBSZAR WIEJSKI
1,0,3,2014,Pochmurno,Inne,Pochmurno,Światło dzienne,Jezdnia,EWK-98205708L,13,2014-04-20,Lekko,21*07'394,51*20'116,744,Obszar zabudowany,Odcinek prosty,Droga wojewódzka,Jednojezdniowa dwukierunkowa,N,POWIAT RADOMSKI,KOWALA - OBSZAR WIEJSKI
1,0,1,2014,Pochmurno,Inne,Pochmurno,Światło dzienne,Jezdnia,EWK-98217649M,6,2014-04-27,Ciężko,21*34'424,51*48'524,31325W,Obszar niezabudowany,Odcinek prosty,Droga powiatowa,Jednojezdniowa dwukierunkowa,N,POWIAT GARWOLIŃSKI,ŁASKARZEW - OBSZAR WIEJSKI
1,0,1,2014,Pochmurno,Inne,Pochmurno,Światło dzienne,Jezdnia,EWK-98292166L,14,2014-06-25,Ciężko,21*41'575,51*17'271,GMINNA,Obszar zabudowany,Odcinek prosty,Droga gminna,Jednojezdniowa dwukierunkowa,N,POWIAT LIPSKI,CHOTCZA - OBSZAR WIEJSKI
1,0,1,2014,Pochmurno,Inne,Pochmurno,Światło dzienne,Jezdnia,EWK-98358210U,9,2014-08-12,Ciężko,20*47'000,51*55'215,GMINNA,Obszar zabudowany,"Zakręt, łuk",Droga gminna,Jednojezdniowa dwukierunkowa,N,POWIAT GRÓJECKI,PNIEWY - OBSZAR WIEJSKI
1,0,0,2014,Pochmurno,Inne,Pochmurno,Światło dzienne,Jezdnia,EWK-98358210U,9,2014-08-12,Nieokreślone (puste pole),20*47'000,51*55'215,GMINNA,Obszar zabudowany,"Zakręt, łuk",Droga gminna,Jednojezdniowa dwukierunkowa,N,POWIAT GRÓJECKI,PNIEWY - OBSZAR WIEJSKI
1,0,1,2014,Pochmurno,Inne,Pochmurno,Światło dzienne,Jezdnia,EWK-98465160T,9,2014-10-16,Ciężko,19*40'041,52*44'297,P3735W,Obszar zabudowany,Odcinek prosty,Droga powiatowa,Jednojezdniowa dwukierunkowa,N,POWIAT SIERPECKI,GOZDOWO - OBSZAR WIEJSKI
1,0,1,2014,Pochmurno,Inne,Pochmurno,Światło dzienne,Jezdnia,EWK-98465160T,9,2014-10-16,Lekko,19*40'041,52*44'297,P3735W,Obszar zabudowany,Odcinek prosty,Droga powiatowa,Jednojezdniowa dwukierunkowa,N,POWIAT SIERPECKI,GOZDOWO - OBSZAR WIEJSKI
1,0,0,2014,Pochmurno,Inne,Pochmurno,Światło dzienne,Jezdnia,EWK-98465160T,9,2014-10-16,Nieokreślone (puste pole),19*40'041,52*44'297,P3735W,Obszar zabudowany,Odcinek prosty,Droga powiatowa,Jednojezdniowa dwukierunkowa,N,POWIAT SIERPECKI,GOZDOWO - OBSZAR WIEJSKI
1,0,1,2014,Pochmurno,Inne,Pochmurno,Światło dzienne,Jezdnia,EWK-98615076N,16,2014-10-22,Lekko,19*43'146,52*32'350,60,Obszar zabudowany,,Droga krajowa,Dwie jezdnie jednokierunkowe,N,POWIAT PŁOCK,PŁOCK - OBSZAR MIEJSKI
1,0,0,2014,Pochmurno,Inne,Pochmurno,Światło dzienne,Jezdnia,EWK-98615076N,16,2014-10-22,Nieokreślone (puste pole),19*43'146,52*32'350,60,Obszar zabudowany,,Droga krajowa,Dwie jezdnie jednokierunkowe,N,POWIAT PŁOCK,PŁOCK - OBSZAR MIEJSKI
1,0,1,2014,Pochmurno,Inne,Pochmurno,Światło dzienne,Jezdnia,EWK-98636079D,14,2014-11-08,Lekko,19*18'292,52*22'412,A1,Obszar niezabudowany,Odcinek prosty,Autostrada,Autostrada,N,POWIAT GOSTYNIŃSKI,GOSTYNIN - OBSZAR WIEJSKI
1,0,0,2014,Pochmurno,Inne,Pochmurno,Światło dzienne,Jezdnia,EWK-98636079D,14,2014-11-08,Nieokreślone (puste pole),19*18'292,52*22'412,A1,Obszar niezabudowany,Odcinek prosty,Autostrada,Autostrada,N,POWIAT GOSTYNIŃSKI,GOSTYNIN - OBSZAR WIEJSKI
1,0,1,2014,Pochmurno,Inne,Pochmurno,Światło dzienne,Jezdnia,EWK-98674174X,11,2014-12-05,Lekko,22*16'361,52*10'281,W628,Obszar zabudowany,,Droga wojewódzka,Jednojezdniowa dwukierunkowa,N,POWIAT SIEDLCE,SIEDLCE - OBSZAR MIEJSKI
1,0,0,2014,Pochmurno,Inne,Pochmurno,Światło dzienne,Jezdnia,EWK-98674174X,11,2014-12-05,Nieokreślone (puste pole),22*16'361,52*10'281,W628,Obszar zabudowany,,Droga wojewódzka,Jednojezdniowa dwukierunkowa,N,POWIAT SIEDLCE,SIEDLCE - OBSZAR MIEJSKI
1,0,1,2014,Pochmurno,Inne,Pochmurno,Światło dzienne,Pobocze,EWK-98395407N,10,2014-09-02,Lekko,21*14'548,51*08'193,P3550W,Obszar zabudowany,Odcinek prosty,Droga powiatowa,Jednojezdniowa dwukierunkowa,N,POWIAT RADOMSKI,IŁŻA - OBSZAR WIEJSKI
1,0,0,2014,Pochmurno,Inne,Pochmurno,Światło dzienne,Pobocze,EWK-98395407N,10,2014-09-02,Nieokreślone (puste pole),21*14'548,51*08'193,P3550W,Obszar zabudowany,Odcinek prosty,Droga powiatowa,Jednojezdniowa dwukierunkowa,N,POWIAT RADOMSKI,IŁŻA - OBSZAR WIEJSKI
1,0,1,2014,Pochmurno,Inne,Pochmurno,Światło dzienne,"Skarpa, rów",EWK-98115772Q,9,2014-01-30,Lekko,20*45'352,51*33'188,48,Obszar niezabudowany,"Zakręt, łuk",Droga krajowa,Jednojezdniowa dwukierunkowa,N,POWIAT BIAŁOBRZESKI,WYŚMIERZYCE - OBSZAR WIEJSKI
1,2,0,2014,Pochmurno,Inne,Pochmurno,Światło dzienne,"Wjazd, wyjazd z posesji, pola",EWK-98258220P,20,2014-05-30,Nieokreślone (puste pole),20*38'046,51*37'078,GMINNA,Obszar niezabudowany,"Zakręt, łuk",Droga gminna,Jednojezdniowa dwukierunkowa,N,POWIAT GRÓJECKI,NOWE MIASTO NAD PILICĄ - OBSZAR WIEJSKI
1,0,2,2014,Pochmurno,Najechanie na barierę ochronną,Pochmurno,Noc - droga nieoświetlona,Pobocze,EWK-98094911D,17,2014-01-14,Lekko,21*23'324,52*30'344,8,Obszar niezabudowany,Odcinek prosty,Droga krajowa,Jednojezdniowa dwukierunkowa,N,POWIAT WYSZKOWSKI,ZABRODZIE - OBSZAR WIEJSKI
1,0,0,2014,Pochmurno,Najechanie na barierę ochronną,Pochmurno,Noc - droga nieoświetlona,Pobocze,EWK-98094911D,17,2014-01-14,Nieokreślone (puste pole),21*23'324,52*30'344,8,Obszar niezabudowany,Odcinek prosty,Droga krajowa,Jednojezdniowa dwukierunkowa,N,POWIAT WYSZKOWSKI,ZABRODZIE - OBSZAR WIEJSKI
1,1,0,2014,Pochmurno,Najechanie na drzewo,Pochmurno,Noc - droga nieoświetlona,Jezdnia,EWK-98378587C,23,2014-08-22,Nieokreślone (puste pole),21*12'083,52*33'073,62,Obszar niezabudowany,Odcinek prosty,Droga krajowa,Jednojezdniowa dwukierunkowa,T,POWIAT WYSZKOWSKI,SOMIANKA - OBSZAR WIEJSKI
1,0,1,2014,Pochmurno,Najechanie na drzewo,Pochmurno,Noc - droga nieoświetlona,Jezdnia,EWK-98665100W,0,2014-11-30,Ciężko,21*35'396,51*19'203,79,Obszar niezabudowany,Odcinek prosty,Droga krajowa,Jednojezdniowa dwukierunkowa,N,POWIAT ZWOLEŃSKI,ZWOLEŃ - OBSZAR WIEJSKI
1,0,1,2014,Pochmurno,Najechanie na drzewo,Pochmurno,Noc - droga nieoświetlona,Pobocze,EWK-98316745U,2,2014-07-13,Ciężko,21*28'354,53*05'146,544,Obszar niezabudowany,"Zakręt, łuk",Droga wojewódzka,Jednojezdniowa dwukierunkowa,N,POWIAT OSTROŁĘCKI,OLSZEWO-BORKI - OBSZAR WIEJSKI
1,0,1,2014,Pochmurno,Najechanie na drzewo,Pochmurno,Noc - droga nieoświetlona,Pobocze,EWK-98316745U,2,2014-07-13,Lekko,21*28'354,53*05'146,544,Obszar niezabudowany,"Zakręt, łuk",Droga wojewódzka,Jednojezdniowa dwukierunkowa,N,POWIAT OSTROŁĘCKI,OLSZEWO-BORKI - OBSZAR WIEJSKI
1,1,0,2014,Pochmurno,Najechanie na drzewo,Pochmurno,Noc - droga nieoświetlona,Pobocze,EWK-98316745U,2,2014-07-13,Nieokreślone (puste pole),21*28'354,53*05'146,544,Obszar niezabudowany,"Zakręt, łuk",Droga wojewódzka,Jednojezdniowa dwukierunkowa,N,POWIAT OSTROŁĘCKI,OLSZEWO-BORKI - OBSZAR WIEJSKI
1,0,1,2014,Pochmurno,Najechanie na drzewo,Pochmurno,Noc - droga nieoświetlona,Pobocze,EWK-98379152X,3,2014-08-24,Lekko,20*54'184,51*33'552,GMINNA,Obszar niezabudowany,"Zakręt, łuk",Droga gminna,Jednojezdniowa dwukierunkowa,N,POWIAT BIAŁOBRZESKI,STARA BŁOTNICA - OBSZAR WIEJSKI
1,0,0,2014,Pochmurno,Najechanie na drzewo,Pochmurno,Noc - droga nieoświetlona,Pobocze,EWK-98379152X,3,2014-08-24,Nieokreślone (puste pole),20*54'184,51*33'552,GMINNA,Obszar niezabudowany,"Zakręt, łuk",Droga gminna,Jednojezdniowa dwukierunkowa,N,POWIAT BIAŁOBRZESKI,STARA BŁOTNICA - OBSZAR WIEJSKI
1,0,1,2014,Pochmurno,Najechanie na drzewo,Pochmurno,Noc - droga nieoświetlona,Pobocze,EWK-98686010W,20,2014-12-16,Ciężko,19*45'552,52*37'042,GMINNA,Obszar niezabudowany,Odcinek prosty,Droga gminna,Jednojezdniowa dwukierunkowa,N,POWIAT PŁOCKI,BIELSK - OBSZAR WIEJSKI
1,0,1,2014,Pochmurno,Najechanie na drzewo,Pochmurno,Noc - droga oświetlona,Pobocze,EWK-98701623U,22,2014-12-27,Lekko,21*21'120,53*07'437,2543W,Obszar zabudowany,"Zakręt, łuk",Droga powiatowa,Jednojezdniowa dwukierunkowa,N,POWIAT OSTROŁĘCKI,OLSZEWO-BORKI - OBSZAR WIEJSKI
1,1,0,2014,Pochmurno,Najechanie na drzewo,Pochmurno,"Zmrok, świt",Jezdnia,EWK-98308143R,4,2014-07-06,Nieokreślone (puste pole),19*50'507,52*51'298,561,Obszar niezabudowany,Odcinek prosty,Droga wojewódzka,Jednojezdniowa dwukierunkowa,N,POWIAT SIERPECKI,ZAWIDZ - OBSZAR WIEJSKI
1,0,1,2014,Pochmurno,Najechanie na drzewo,Pochmurno,"Zmrok, świt",Jezdnia,EWK-98655213J,17,2014-11-22,Ciężko,19*52'213,52*49'442,,Obszar zabudowany,"Zakręt, łuk",Nieokreślone (puste pole),Jednojezdniowa dwukierunkowa,T,POWIAT SIERPECKI,ZAWIDZ - OBSZAR WIEJSKI
1,1,0,2014,Pochmurno,Najechanie na drzewo,Pochmurno,"Zmrok, świt",Pobocze,EWK-98484070F,6,2014-10-19,Nieokreślone (puste pole),19*38'381,52*37'060,6905W,Obszar niezabudowany,"Zakręt, łuk",Droga powiatowa,Jednojezdniowa dwukierunkowa,N,POWIAT PŁOCKI,STARA BIAŁA - OBSZAR WIEJSKI
1,0,1,2014,Pochmurno,Najechanie na drzewo,Pochmurno,Światło dzienne,Jezdnia,EWK-98110955N,10,2014-01-24,Lekko,21*09'355,51*24'424,P,Obszar zabudowany,Odcinek prosty,Droga powiatowa,Dwie jezdnie jednokierunkowe,N,POWIAT RADOM,RADOM - OBSZAR MIEJSKI
1,0,1,2014,Pochmurno,Najechanie na drzewo,Pochmurno,Światło dzienne,Jezdnia,EWK-98330349F,5,2014-07-21,Lekko,21*07'174,51*23'417,12,Obszar zabudowany,"Zakręt, łuk",Droga krajowa,Dwie jezdnie jednokierunkowe,N,POWIAT RADOM,RADOM - OBSZAR MIEJSKI
1,0,0,2014,Pochmurno,Najechanie na drzewo,Pochmurno,Światło dzienne,Jezdnia,EWK-98330349F,5,2014-07-21,Nieokreślone (puste pole),21*07'174,51*23'417,12,Obszar zabudowany,"Zakręt, łuk",Droga krajowa,Dwie jezdnie jednokierunkowe,N,POWIAT RADOM,RADOM - OBSZAR MIEJSKI
1,0,1,2014,Pochmurno,Najechanie na drzewo,Pochmurno,Światło dzienne,Jezdnia,EWK-98365990R,17,2014-08-08,Ciężko,21*27'053,53*22'110,645,Obszar niezabudowany,Odcinek prosty,Droga wojewódzka,Jednojezdniowa dwukierunkowa,N,POWIAT OSTROŁĘCKI,MYSZYNIEC - OBSZAR WIEJSKI
1,0,1,2014,Pochmurno,Najechanie na drzewo,Pochmurno,Światło dzienne,Jezdnia,EWK-98365990R,17,2014-08-08,Lekko,21*27'053,53*22'110,645,Obszar niezabudowany,Odcinek prosty,Droga wojewódzka,Jednojezdniowa dwukierunkowa,N,POWIAT OSTROŁĘCKI,MYSZYNIEC - OBSZAR WIEJSKI
1,0,1,2014,Pochmurno,Najechanie na drzewo,Pochmurno,Światło dzienne,Jezdnia,EWK-98388793J,19,2014-08-31,Ciężko,21*28'230,51*03'030,P3536W,Obszar niezabudowany,Odcinek prosty,Droga powiatowa,Jednojezdniowa dwukierunkowa,T,POWIAT LIPSKI,SIENNO - OBSZAR WIEJSKI
1,0,2,2014,Pochmurno,Najechanie na drzewo,Pochmurno,Światło dzienne,Jezdnia,EWK-98388793J,19,2014-08-31,Lekko,21*28'230,51*03'030,P3536W,Obszar niezabudowany,Odcinek prosty,Droga powiatowa,Jednojezdniowa dwukierunkowa,T,POWIAT LIPSKI,SIENNO - OBSZAR WIEJSKI
1,0,3,2014,Pochmurno,Najechanie na drzewo,Pochmurno,Światło dzienne,Jezdnia,EWK-98391792C,11,2014-09-01,Ciężko,21*16'036,53*10'190,P2580W,Obszar zabudowany,"Zakręt, łuk",Droga powiatowa,Jednojezdniowa dwukierunkowa,N,POWIAT OSTROŁĘCKI,BARANOWO - OBSZAR WIEJSKI
1,0,1,2014,Pochmurno,Najechanie na drzewo,Pochmurno,Światło dzienne,Jezdnia,EWK-98391792C,11,2014-09-01,Lekko,21*16'036,53*10'190,P2580W,Obszar zabudowany,"Zakręt, łuk",Droga powiatowa,Jednojezdniowa dwukierunkowa,N,POWIAT OSTROŁĘCKI,BARANOWO - OBSZAR WIEJSKI
1,0,2,2014,Pochmurno,Najechanie na drzewo,Pochmurno,Światło dzienne,Jezdnia,EWK-98412845H,14,2014-09-11,Lekko,22*15'562,52*03'229,4150E,Obszar zabudowany,"Zakręt, łuk",Droga powiatowa,Jednojezdniowa dwukierunkowa,N,POWIAT SIEDLECKI,WIŚNIEW - OBSZAR WIEJSKI
1,0,0,2014,Pochmurno,Najechanie na drzewo,Pochmurno,Światło dzienne,Jezdnia,EWK-98412845H,14,2014-09-11,Nieokreślone (puste pole),22*15'562,52*03'229,4150E,Obszar zabudowany,"Zakręt, łuk",Droga powiatowa,Jednojezdniowa dwukierunkowa,N,POWIAT SIEDLECKI,WIŚNIEW - OBSZAR WIEJSKI
1,0,1,2014,Pochmurno,Najechanie na drzewo,Pochmurno,Światło dzienne,Jezdnia,EWK-98635957D,14,2014-11-06,Lekko,21*25'362,52*29'412,P1811W,Obszar zabudowany,,Droga powiatowa,Jednojezdniowa dwukierunkowa,N,POWIAT WYSZKOWSKI,ZABRODZIE - OBSZAR WIEJSKI
1,0,3,2014,Pochmurno,Najechanie na drzewo,Pochmurno,Światło dzienne,Jezdnia,EWK-98670832Y,10,2014-12-04,Ciężko,20*17'239,52*44'014,P3026W,Obszar niezabudowany,Odcinek prosty,Droga powiatowa,Jednojezdniowa dwukierunkowa,N,POWIAT PŁOŃSKI,BABOSZEWO - OBSZAR WIEJSKI
1,0,2,2014,Pochmurno,Najechanie na drzewo,Pochmurno,Światło dzienne,Jezdnia,EWK-98681357H,8,2014-12-12,Ciężko,21*08'333,52*38'398,P3432W,Obszar zabudowany,"Zakręt, łuk",Droga powiatowa,Jednojezdniowa dwukierunkowa,N,POWIAT PUŁTUSKI,ZATORY - OBSZAR WIEJSKI
1,1,0,2014,Pochmurno,Najechanie na drzewo,Pochmurno,Światło dzienne,Jezdnia,EWK-98681357H,8,2014-12-12,Nieokreślone (puste pole),21*08'333,52*38'398,P3432W,Obszar zabudowany,"Zakręt, łuk",Droga powiatowa,Jednojezdniowa dwukierunkowa,N,POWIAT PUŁTUSKI,ZATORY - OBSZAR WIEJSKI
1,0,1,2014,Pochmurno,Najechanie na drzewo,Pochmurno,Światło dzienne,Pobocze,EWK-98124831U,9,2014-02-09,Ciężko,19*44'577,52*53'589,541,Obszar niezabudowany,"Zakręt, łuk",Droga wojewódzka,Jednojezdniowa dwukierunkowa,N,POWIAT SIERPECKI,ROŚCISZEWO - OBSZAR WIEJSKI
1,0,1,2014,Pochmurno,Najechanie na drzewo,Pochmurno,Światło dzienne,Pobocze,EWK-98229564Y,9,2014-05-10,Lekko,21*18'434,51*26'271,737,Obszar zabudowany,Odcinek prosty,Droga wojewódzka,Jednojezdniowa dwukierunkowa,N,POWIAT RADOMSKI,JEDLNIA-LETNISKO - OBSZAR WIEJSKI
1,0,0,2014,Pochmurno,Najechanie na drzewo,Pochmurno,Światło dzienne,Pobocze,EWK-98229564Y,9,2014-05-10,Nieokreślone (puste pole),21*18'434,51*26'271,737,Obszar zabudowany,Odcinek prosty,Droga wojewódzka,Jednojezdniowa dwukierunkowa,N,POWIAT RADOMSKI,JEDLNIA-LETNISKO - OBSZAR WIEJSKI
1,0,1,2014,Pochmurno,Najechanie na drzewo,Pochmurno,Światło dzienne,Pobocze,EWK-98283360F,11,2014-06-20,Lekko,21*22'147,51*44'270,P1704W,Obszar niezabudowany,Odcinek prosty,Droga powiatowa,Jednojezdniowa dwukierunkowa,N,POWIAT KOZIENICKI,MAGNUSZEW - OBSZAR WIEJSKI
1,1,0,2014,Pochmurno,Najechanie na drzewo,Pochmurno,Światło dzienne,Pobocze,EWK-98707354M,13,2014-12-30,Nieokreślone (puste pole),22*06'563,52*40'285,36124W,Obszar niezabudowany,Odcinek prosty,Droga powiatowa,Jednojezdniowa dwukierunkowa,N,POWIAT SOKOŁOWSKI,KOSÓW LACKI - OBSZAR WIEJSKI
1,0,2,2014,Pochmurno,Najechanie na drzewo,Pochmurno,Światło dzienne,"Skarpa, rów",EWK-98172567E,14,2014-03-24,Lekko,21*19'595,51*33'164,P1715W,Obszar niezabudowany,"Zakręt, łuk",Droga powiatowa,Jednojezdniowa dwukierunkowa,N,POWIAT KOZIENICKI,GŁOWACZÓW - OBSZAR WIEJSKI
1,1,0,2014,Pochmurno,Najechanie na drzewo,Pochmurno,Światło dzienne,"Skarpa, rów",EWK-98188872R,14,2014-04-06,Nieokreślone (puste pole),21*34'239,51*57'164,17,Obszar niezabudowany,Odcinek prosty,Droga krajowa,Jednojezdniowa dwukierunkowa,N,POWIAT GARWOLIŃSKI,PILAWA - OBSZAR WIEJSKI
1,0,1,2014,Pochmurno,Najechanie na pieszego,Pochmurno,Noc - droga nieoświetlona,Jezdnia,EWK-98082762E,23,2014-01-04,Ciężko,21*44'581,51*23'076,12,Obszar niezabudowany,Odcinek prosty,Droga krajowa,Jednojezdniowa dwukierunkowa,N,POWIAT ZWOLEŃSKI,POLICZNA - OBSZAR WIEJSKI
1,0,0,2014,Pochmurno,Najechanie na pieszego,Pochmurno,Noc - droga nieoświetlona,Jezdnia,EWK-98082762E,23,2014-01-04,Nieokreślone (puste pole),21*44'581,51*23'076,12,Obszar niezabudowany,Odcinek prosty,Droga krajowa,Jednojezdniowa dwukierunkowa,N,POWIAT ZWOLEŃSKI,POLICZNA - OBSZAR WIEJSKI
1,1,0,2014,Pochmurno,Najechanie na pieszego,Pochmurno,Noc - droga nieoświetlona,Jezdnia,EWK-98112042J,20,2014-01-21,Nieokreślone (puste pole),21*42'021,53*07'342,61,Obszar niezabudowany,Odcinek prosty,Droga krajowa,Jednojezdniowa dwukierunkowa,N,POWIAT OSTROŁĘCKI,RZEKUŃ - OBSZAR WIEJSKI
1,0,1,2014,Pochmurno,Najechanie na pieszego,Pochmurno,Noc - droga nieoświetlona,Jezdnia,EWK-98116798Q,19,2014-01-31,Ciężko,21*32'104,52*53'585,GMINNA,Obszar niezabudowany,Odcinek prosty,Droga gminna,Jednojezdniowa dwukierunkowa,N,POWIAT OSTROŁĘCKI,GOWOROWO - OBSZAR WIEJSKI
1,0,0,2014,Pochmurno,Najechanie na pieszego,Pochmurno,Noc - droga nieoświetlona,Jezdnia,EWK-98116798Q,19,2014-01-31,Nieokreślone (puste pole),21*32'104,52*53'585,GMINNA,Obszar niezabudowany,Odcinek prosty,Droga gminna,Jednojezdniowa dwukierunkowa,N,POWIAT OSTROŁĘCKI,GOWOROWO - OBSZAR WIEJSKI
1,0,1,2014,Pochmurno,Najechanie na pieszego,Pochmurno,Noc - droga nieoświetlona,Jezdnia,EWK-98120347X,20,2014-02-05,Lekko,21*07'059,51*19'031,733,Obszar niezabudowany,Odcinek prosty,Droga wojewódzka,Jednojezdniowa dwukierunkowa,T,POWIAT RADOMSKI,KOWALA - OBSZAR WIEJSKI
1,0,0,2014,Pochmurno,Najechanie na pieszego,Pochmurno,Noc - droga nieoświetlona,Jezdnia,EWK-98120347X,20,2014-02-05,Nieokreślone (puste pole),21*07'059,51*19'031,733,Obszar niezabudowany,Odcinek prosty,Droga wojewódzka,Jednojezdniowa dwukierunkowa,T,POWIAT RADOMSKI,KOWALA - OBSZAR WIEJSKI
1,1,0,2014,Pochmurno,Najechanie na pieszego,Pochmurno,Noc - droga nieoświetlona,Jezdnia,EWK-98130018X,19,2014-02-10,Nieokreślone (puste pole),20*53'106,51*14'498,7,Obszar niezabudowany,Spadek,Droga krajowa,Jednojezdniowa dwukierunkowa,N,POWIAT SZYDŁOWIECKI,SZYDŁOWIEC - OBSZAR WIEJSKI
1,0,1,2014,Pochmurno,Najechanie na pieszego,Pochmurno,Noc - droga nieoświetlona,Jezdnia,EWK-98136825K,19,2014-02-07,Ciężko,21*18'325,52*50'071,02128W,Obszar niezabudowany,Odcinek prosty,Droga powiatowa,Jednojezdniowa dwukierunkowa,T,POWIAT MAKOWSKI,RZEWNIE - OBSZAR WIEJSKI