Liczba wypadków,Liczba zabitych,Liczba rannych,Rok,Warunki atmosferyczne,Rodzaj zdarzenia,Warunki atmosferyczne,Oświetlenie,Charakterystyka miejsca zdarzenia,IDKSIP zdarzenia,Godzina,Dzień,Ranny,GPS x,GPS y,Numer drogi,Obszar,Geometria drogi,Kategoria drogi 1,Rodzaj drogi,Czy w zdarzeniu był sprawca nietrzeźwy,Powiat,Gmina
1,0,1,2014,Pochmurno,Najechanie na pieszego,Pochmurno,Światło dzienne,Przejście dla pieszych,EWK-98696488F,14,2014-12-19,Ciężko,21*08'372,51*24'383,P5307W,Obszar zabudowany,Odcinek prosty,Droga powiatowa,Dwie jezdnie jednokierunkowe,N,POWIAT RADOM,RADOM - OBSZAR MIEJSKI
1,0,0,2014,Pochmurno,Najechanie na pieszego,Pochmurno,Światło dzienne,Przejście dla pieszych,EWK-98696488F,14,2014-12-19,Nieokreślone (puste pole),21*08'372,51*24'383,P5307W,Obszar zabudowany,Odcinek prosty,Droga powiatowa,Dwie jezdnie jednokierunkowe,N,POWIAT RADOM,RADOM - OBSZAR MIEJSKI
1,0,1,2014,Pochmurno,Najechanie na pieszego,Pochmurno,Światło dzienne,Przystanek komunikacji publicznej,EWK-98686002K,7,2014-12-16,Lekko,19*43'002,52*32'159,P,Obszar zabudowany,Odcinek prosty,Droga powiatowa,Jednojezdniowa dwukierunkowa,N,POWIAT PŁOCK,PŁOCK - OBSZAR MIEJSKI
1,0,0,2014,Pochmurno,Najechanie na pieszego,Pochmurno,Światło dzienne,Przystanek komunikacji publicznej,EWK-98686002K,7,2014-12-16,Nieokreślone (puste pole),19*43'002,52*32'159,P,Obszar zabudowany,Odcinek prosty,Droga powiatowa,Jednojezdniowa dwukierunkowa,N,POWIAT PŁOCK,PŁOCK - OBSZAR MIEJSKI
1,0,1,2014,Pochmurno,Najechanie na pojazd unieruchomiony,Pochmurno,Noc - droga nieoświetlona,Jezdnia,EWK-98337441P,23,2014-07-27,Lekko,19*44'357,52*24'156,P2938W,Obszar zabudowany,Odcinek prosty,Droga powiatowa,Jednojezdniowa dwukierunkowa,N,POWIAT PŁOCKI,GĄBIN - OBSZAR MIEJSKI
1,0,0,2014,Pochmurno,Najechanie na pojazd unieruchomiony,Pochmurno,Noc - droga nieoświetlona,Jezdnia,EWK-98337441P,23,2014-07-27,Nieokreślone (puste pole),19*44'357,52*24'156,P2938W,Obszar zabudowany,Odcinek prosty,Droga powiatowa,Jednojezdniowa dwukierunkowa,N,POWIAT PŁOCKI,GĄBIN - OBSZAR MIEJSKI
1,0,1,2014,Pochmurno,Najechanie na pojazd unieruchomiony,Pochmurno,Światło dzienne,Jezdnia,EWK-98420093N,13,2014-09-25,Lekko,21*27'490,51*28'211,P3523W,Obszar zabudowany,Odcinek prosty,Droga powiatowa,Jednojezdniowa dwukierunkowa,N,POWIAT RADOMSKI,PIONKI - OBSZAR MIEJSKI
1,0,0,2014,Pochmurno,Najechanie na pojazd unieruchomiony,Pochmurno,Światło dzienne,Jezdnia,EWK-98420093N,13,2014-09-25,Nieokreślone (puste pole),21*27'490,51*28'211,P3523W,Obszar zabudowany,Odcinek prosty,Droga powiatowa,Jednojezdniowa dwukierunkowa,N,POWIAT RADOMSKI,PIONKI - OBSZAR MIEJSKI
1,0,1,2014,Pochmurno,"Najechanie na słup, znak",Pochmurno,Noc - droga nieoświetlona,Jezdnia,EWK-98477269X,18,2014-10-16,Ciężko,21*20'540,51*22'547,12,Obszar niezabudowany,Odcinek prosty,Droga krajowa,Jednojezdniowa dwukierunkowa,N,POWIAT RADOMSKI,GÓZD - OBSZAR WIEJSKI
1,0,0,2014,Pochmurno,"Najechanie na słup, znak",Pochmurno,Noc - droga nieoświetlona,Jezdnia,EWK-98477269X,18,2014-10-16,Nieokreślone (puste pole),21*20'540,51*22'547,12,Obszar niezabudowany,Odcinek prosty,Droga krajowa,Jednojezdniowa dwukierunkowa,N,POWIAT RADOMSKI,GÓZD - OBSZAR WIEJSKI
1,0,1,2014,Pochmurno,"Najechanie na słup, znak",Pochmurno,Noc - droga oświetlona,Jezdnia,EWK-98125970Q,22,2014-02-08,Lekko,21*04'484,51*54'067,GMINNA,Obszar zabudowany,"Zakręt, łuk",Droga gminna,Jednojezdniowa dwukierunkowa,N,POWIAT GRÓJECKI,CHYNÓW - OBSZAR WIEJSKI
1,0,1,2014,Pochmurno,"Najechanie na słup, znak",Pochmurno,Noc - droga oświetlona,Jezdnia,EWK-98382199M,22,2014-08-26,Lekko,21*09'580,51*24'261,P5304W  ,Obszar zabudowany,,Droga powiatowa,Jednojezdniowa dwukierunkowa,N,POWIAT RADOM,RADOM - OBSZAR MIEJSKI
1,0,0,2014,Pochmurno,"Najechanie na słup, znak",Pochmurno,Noc - droga oświetlona,Jezdnia,EWK-98382199M,22,2014-08-26,Nieokreślone (puste pole),21*09'580,51*24'261,P5304W  ,Obszar zabudowany,,Droga powiatowa,Jednojezdniowa dwukierunkowa,N,POWIAT RADOM,RADOM - OBSZAR MIEJSKI
1,0,3,2014,Pochmurno,"Najechanie na słup, znak",Pochmurno,Noc - droga oświetlona,Pobocze,EWK-98638086D,0,2014-11-09,Ciężko,21*25'544,52*36'385,G440557W,Obszar zabudowany,Odcinek prosty,Droga gminna,Jednojezdniowa dwukierunkowa,T,POWIAT WYSZKOWSKI,WYSZKÓW - OBSZAR MIEJSKI
1,0,2,2014,Pochmurno,"Najechanie na słup, znak",Pochmurno,Noc - droga oświetlona,Pobocze,EWK-98638086D,0,2014-11-09,Lekko,21*25'544,52*36'385,G440557W,Obszar zabudowany,Odcinek prosty,Droga gminna,Jednojezdniowa dwukierunkowa,T,POWIAT WYSZKOWSKI,WYSZKÓW - OBSZAR MIEJSKI
1,0,1,2014,Pochmurno,"Najechanie na słup, znak",Pochmurno,Noc - droga oświetlona,"Skarpa, rów",EWK-98403076P,22,2014-09-10,Lekko,21*19'419,51*25'543,34429W,Obszar zabudowany,"Zakręt, łuk",Droga powiatowa,Jednojezdniowa dwukierunkowa,T,POWIAT RADOMSKI,JEDLNIA-LETNISKO - OBSZAR WIEJSKI
1,0,1,2014,Pochmurno,"Najechanie na słup, znak",Pochmurno,Światło dzienne,Jezdnia,EWK-98136176R,13,2014-02-19,Lekko,19*51'330,52*29'597,P,Obszar zabudowany,"Zakręt, łuk",Droga powiatowa,Jednojezdniowa dwukierunkowa,N,POWIAT PŁOCKI,SŁUPNO - OBSZAR WIEJSKI
1,0,2,2014,Pochmurno,"Najechanie na słup, znak",Pochmurno,Światło dzienne,Jezdnia,EWK-98228584K,14,2014-05-11,Lekko,21*55'108,52*20'106,36302W,Obszar zabudowany,Odcinek prosty,Droga powiatowa,Jednojezdniowa dwukierunkowa,N,POWIAT WĘGROWSKI,WIERZBNO - OBSZAR WIEJSKI
1,0,0,2014,Pochmurno,"Najechanie na słup, znak",Pochmurno,Światło dzienne,Jezdnia,EWK-98228584K,14,2014-05-11,Nieokreślone (puste pole),21*55'108,52*20'106,36302W,Obszar zabudowany,Odcinek prosty,Droga powiatowa,Jednojezdniowa dwukierunkowa,N,POWIAT WĘGROWSKI,WIERZBNO - OBSZAR WIEJSKI
1,0,4,2014,Pochmurno,"Najechanie na słup, znak",Pochmurno,Światło dzienne,Jezdnia,EWK-98294979K,16,2014-06-28,Lekko,20*03'486,52*17'440,577,Obszar niezabudowany,Odcinek prosty,Droga wojewódzka,Jednojezdniowa dwukierunkowa,N,POWIAT SOCHACZEWSKI,IŁÓW - OBSZAR WIEJSKI
1,0,0,2014,Pochmurno,"Najechanie na słup, znak",Pochmurno,Światło dzienne,Jezdnia,EWK-98294979K,16,2014-06-28,Nieokreślone (puste pole),20*03'486,52*17'440,577,Obszar niezabudowany,Odcinek prosty,Droga wojewódzka,Jednojezdniowa dwukierunkowa,N,POWIAT SOCHACZEWSKI,IŁÓW - OBSZAR WIEJSKI
1,0,1,2014,Pochmurno,"Najechanie na słup, znak",Pochmurno,Światło dzienne,Pobocze,EWK-98664056N,7,2014-11-30,Ciężko,19*56'502,52*19'005,G140408W,Obszar zabudowany,Odcinek prosty,Droga gminna,Jednojezdniowa dwukierunkowa,N,POWIAT GOSTYNIŃSKI,SANNIKI - OBSZAR WIEJSKI
1,0,1,2014,Pochmurno,"Najechanie na słup, znak",Pochmurno,Światło dzienne,Pobocze,EWK-98690892C,12,2014-12-18,Lekko,19*59'239,52*38'112,GMINNA,Obszar zabudowany,Odcinek prosty,Droga gminna,Jednojezdniowa dwukierunkowa,N,POWIAT PŁOCKI,STAROŹREBY - OBSZAR WIEJSKI
1,0,0,2014,Pochmurno,"Najechanie na słup, znak",Pochmurno,Światło dzienne,Pobocze,EWK-98690892C,12,2014-12-18,Nieokreślone (puste pole),19*59'239,52*38'112,GMINNA,Obszar zabudowany,Odcinek prosty,Droga gminna,Jednojezdniowa dwukierunkowa,N,POWIAT PŁOCKI,STAROŹREBY - OBSZAR WIEJSKI
1,0,1,2014,Pochmurno,Najechanie na zwierzę,Pochmurno,Noc - droga nieoświetlona,Jezdnia,EWK-98422015A,19,2014-09-25,Lekko,21*16'044,51*34'409,P3515W,Obszar niezabudowany,Odcinek prosty,Droga powiatowa,Jednokierunkowa,N,POWIAT KOZIENICKI,GŁOWACZÓW - OBSZAR WIEJSKI
1,0,1,2014,Pochmurno,Najechanie na zwierzę,Pochmurno,Noc - droga oświetlona,Jezdnia,EWK-98258034W,21,2014-06-01,Ciężko,20*59'451,51*28'399,740,Obszar niezabudowany,Odcinek prosty,Droga wojewódzka,Jednojezdniowa dwukierunkowa,N,POWIAT RADOMSKI,ZAKRZEW - OBSZAR WIEJSKI
1,0,1,2014,Pochmurno,Najechanie na zwierzę,Pochmurno,"Zmrok, świt",Jezdnia,EWK-98348225J,21,2014-08-02,Ciężko,20*34'035,51*33'446,728,Obszar niezabudowany,Odcinek prosty,Droga wojewódzka,Jednojezdniowa dwukierunkowa,N,POWIAT GRÓJECKI,NOWE MIASTO NAD PILICĄ - OBSZAR WIEJSKI
1,0,1,2014,Pochmurno,Najechanie na zwierzę,Pochmurno,"Zmrok, świt",Jezdnia,EWK-98348225J,21,2014-08-02,Lekko,20*34'035,51*33'446,728,Obszar niezabudowany,Odcinek prosty,Droga wojewódzka,Jednojezdniowa dwukierunkowa,N,POWIAT GRÓJECKI,NOWE MIASTO NAD PILICĄ - OBSZAR WIEJSKI
1,0,1,2014,Pochmurno,Najechanie na zwierzę,Pochmurno,Światło dzienne,Jezdnia,EWK-98330027F,19,2014-07-20,Lekko,21*15'407,52*32'152,P4414W,Obszar niezabudowany,Odcinek prosty,Droga powiatowa,Jednojezdniowa dwukierunkowa,N,POWIAT WYSZKOWSKI,SOMIANKA - OBSZAR WIEJSKI
1,0,0,2014,Pochmurno,Najechanie na zwierzę,Pochmurno,Światło dzienne,Jezdnia,EWK-98330027F,19,2014-07-20,Nieokreślone (puste pole),21*15'407,52*32'152,P4414W,Obszar niezabudowany,Odcinek prosty,Droga powiatowa,Jednojezdniowa dwukierunkowa,N,POWIAT WYSZKOWSKI,SOMIANKA - OBSZAR WIEJSKI
1,0,2,2014,Pochmurno,Najechanie na zwierzę,Pochmurno,Światło dzienne,Jezdnia,EWK-98399964D,5,2014-09-05,Lekko,21*11'146,52*33'301,P3433W,Obszar niezabudowany,Odcinek prosty,Droga powiatowa,Jednojezdniowa dwukierunkowa,N,POWIAT WYSZKOWSKI,SOMIANKA - OBSZAR WIEJSKI
1,1,0,2014,Pochmurno,Wywrócenie się pojazdu,Pochmurno,Noc - droga nieoświetlona,Jezdnia,EWK-98087044X,17,2014-01-12,Nieokreślone (puste pole),21*06'025,52*37'215,61,Obszar niezabudowany,Odcinek prosty,Droga krajowa,Jednojezdniowa dwukierunkowa,N,POWIAT PUŁTUSKI,POKRZYWNICA - OBSZAR WIEJSKI
1,0,1,2014,Pochmurno,Wywrócenie się pojazdu,Pochmurno,Noc - droga nieoświetlona,Jezdnia,EWK-98295944F,22,2014-06-28,Ciężko,22*14'317,52*49'582,GMINNA,Obszar niezabudowany,Odcinek prosty,Droga gminna,Jednojezdniowa dwukierunkowa,N,POWIAT OSTROWSKI,ANDRZEJEWO - OBSZAR WIEJSKI
1,0,1,2014,Pochmurno,Wywrócenie się pojazdu,Pochmurno,Noc - droga nieoświetlona,Pobocze,EWK-98305652A,22,2014-07-06,Lekko,22*11'536,52*18'120,36342W,Obszar zabudowany,"Zakręt, łuk",Droga powiatowa,Jednojezdniowa dwukierunkowa,N,POWIAT SOKOŁOWSKI,BIELANY - OBSZAR WIEJSKI
1,0,1,2014,Pochmurno,Wywrócenie się pojazdu,Pochmurno,Noc - droga nieoświetlona,"Skarpa, rów",EWK-98175286J,20,2014-03-26,Lekko,21*29'259,53*08'375,53,Obszar niezabudowany,Odcinek prosty,Droga krajowa,Jednojezdniowa dwukierunkowa,T,POWIAT OSTROŁĘCKI,LELIS - OBSZAR WIEJSKI
1,0,1,2014,Pochmurno,Wywrócenie się pojazdu,Pochmurno,Noc - droga nieoświetlona,"Skarpa, rów",EWK-98665633R,17,2014-11-09,Lekko,21*40'576,51*57'543,805,Obszar niezabudowany,Odcinek prosty,Droga wojewódzka,Jednojezdniowa dwukierunkowa,N,POWIAT GARWOLIŃSKI,PARYSÓW - OBSZAR WIEJSKI
1,0,0,2014,Pochmurno,Wywrócenie się pojazdu,Pochmurno,Noc - droga nieoświetlona,"Skarpa, rów",EWK-98665633R,17,2014-11-09,Nieokreślone (puste pole),21*40'576,51*57'543,805,Obszar niezabudowany,Odcinek prosty,Droga wojewódzka,Jednojezdniowa dwukierunkowa,N,POWIAT GARWOLIŃSKI,PARYSÓW - OBSZAR WIEJSKI
1,0,2,2014,Pochmurno,Wywrócenie się pojazdu,Pochmurno,Noc - droga oświetlona,Jezdnia,EWK-98090373F,5,2014-01-12,Lekko,21*04'192,51*19'364,733,Obszar zabudowany,"Zakręt, łuk",Droga wojewódzka,Jednojezdniowa dwukierunkowa,N,POWIAT RADOMSKI,KOWALA - OBSZAR WIEJSKI
1,0,1,2014,Pochmurno,Wywrócenie się pojazdu,Pochmurno,Noc - droga oświetlona,Jezdnia,EWK-98124490P,23,2014-02-08,Lekko,21*02'209,51*31'535,34410W,Obszar zabudowany,Odcinek prosty,Droga powiatowa,Jednojezdniowa dwukierunkowa,N,POWIAT RADOMSKI,JEDLIŃSK - OBSZAR WIEJSKI
1,0,0,2014,Pochmurno,Wywrócenie się pojazdu,Pochmurno,Noc - droga oświetlona,Jezdnia,EWK-98124490P,23,2014-02-08,Nieokreślone (puste pole),21*02'209,51*31'535,34410W,Obszar zabudowany,Odcinek prosty,Droga powiatowa,Jednojezdniowa dwukierunkowa,N,POWIAT RADOMSKI,JEDLIŃSK - OBSZAR WIEJSKI
1,0,1,2014,Pochmurno,Wywrócenie się pojazdu,Pochmurno,Noc - droga oświetlona,Jezdnia,EWK-98217346H,20,2014-04-08,Lekko,21*27'346,52*36'044,4419W,Obszar zabudowany,Odcinek prosty,Droga powiatowa,Jednojezdniowa dwukierunkowa,N,POWIAT WYSZKOWSKI,WYSZKÓW - OBSZAR MIEJSKI
1,0,1,2014,Pochmurno,Wywrócenie się pojazdu,Pochmurno,Noc - droga oświetlona,Jezdnia,EWK-98454942R,20,2014-10-11,Lekko,21*30'546,53*03'298,G250920W,Obszar niezabudowany,Odcinek prosty,Droga gminna,Jednojezdniowa dwukierunkowa,N,POWIAT OSTROŁĘCKI,OLSZEWO-BORKI - OBSZAR WIEJSKI
1,0,2,2014,Pochmurno,Wywrócenie się pojazdu,Pochmurno,Noc - droga oświetlona,Jezdnia,EWK-98671268M,20,2014-12-07,Lekko,20*42'142,51*29'272,729,Obszar zabudowany,"Zakręt, łuk",Droga wojewódzka,Jednojezdniowa dwukierunkowa,N,POWIAT PRZYSUSKI,POTWORÓW - OBSZAR WIEJSKI
1,0,1,2014,Pochmurno,Wywrócenie się pojazdu,Pochmurno,Noc - droga oświetlona,Pobocze,EWK-98149660P,0,2014-03-02,Ciężko,21*13'086,51*43'539,730,Obszar zabudowany,"Zakręt, łuk",Droga wojewódzka,Jednojezdniowa dwukierunkowa,N,POWIAT KOZIENICKI,GRABÓW NAD PILICĄ - OBSZAR WIEJSKI
1,0,0,2014,Pochmurno,Wywrócenie się pojazdu,Pochmurno,Noc - droga oświetlona,Pobocze,EWK-98149660P,0,2014-03-02,Nieokreślone (puste pole),21*13'086,51*43'539,730,Obszar zabudowany,"Zakręt, łuk",Droga wojewódzka,Jednojezdniowa dwukierunkowa,N,POWIAT KOZIENICKI,GRABÓW NAD PILICĄ - OBSZAR WIEJSKI
1,0,2,2014,Pochmurno,Wywrócenie się pojazdu,Pochmurno,"Zmrok, świt",Jezdnia,EWK-98088161D,4,2014-01-08,Ciężko,20*34'192,51*36'105,728,Obszar niezabudowany,Odcinek prosty,Droga wojewódzka,Jednojezdniowa dwukierunkowa,N,POWIAT GRÓJECKI,NOWE MIASTO NAD PILICĄ - OBSZAR WIEJSKI
1,0,1,2014,Pochmurno,Wywrócenie się pojazdu,Pochmurno,"Zmrok, świt",Jezdnia,EWK-98380746K,4,2014-08-24,Lekko,19*37'315,52*51'270,GMINNA,Obszar niezabudowany,"Zakręt, łuk",Droga gminna,Jednojezdniowa dwukierunkowa,N,POWIAT SIERPECKI,SIERPC - OBSZAR WIEJSKI
1,0,1,2014,Pochmurno,Wywrócenie się pojazdu,Pochmurno,"Zmrok, świt",Jezdnia,EWK-98655186J,15,2014-11-22,Ciężko,19*32'389,52*45'584,541,Obszar zabudowany,Odcinek prosty,Droga wojewódzka,Jednojezdniowa dwukierunkowa,T,POWIAT SIERPECKI,MOCHOWO - OBSZAR WIEJSKI
1,0,1,2014,Pochmurno,Wywrócenie się pojazdu,Pochmurno,"Zmrok, świt","Skarpa, rów",EWK-98283158F,20,2014-06-22,Lekko,21*26'513,51*26'374,P3522W,Obszar zabudowany,"Zakręt, łuk",Droga powiatowa,Jednojezdniowa dwukierunkowa,N,POWIAT RADOMSKI,PIONKI - OBSZAR WIEJSKI
1,0,2,2014,Pochmurno,Wywrócenie się pojazdu,Pochmurno,Światło dzienne,Jezdnia,EWK-98160763C,16,2014-03-16,Lekko,19*35'111,52*56'252,560,Obszar niezabudowany,"Zakręt, łuk",Droga wojewódzka,Jednojezdniowa dwukierunkowa,N,POWIAT SIERPECKI,SZCZUTOWO - OBSZAR WIEJSKI
1,0,1,2014,Pochmurno,Wywrócenie się pojazdu,Pochmurno,Światło dzienne,Jezdnia,EWK-98164868A,6,2014-03-17,Ciężko,21*01'052,51*28'533,740,Obszar niezabudowany,Odcinek prosty,Droga wojewódzka,Jednojezdniowa dwukierunkowa,N,POWIAT RADOMSKI,ZAKRZEW - OBSZAR WIEJSKI
1,0,1,2014,Pochmurno,Wywrócenie się pojazdu,Pochmurno,Światło dzienne,Jezdnia,EWK-98221743D,15,2014-05-01,Lekko,21*02'043,51*31'557,34410W,Obszar zabudowany,Odcinek prosty,Droga powiatowa,Jednojezdniowa dwukierunkowa,N,POWIAT RADOMSKI,JEDLIŃSK - OBSZAR WIEJSKI
1,0,1,2014,Pochmurno,Wywrócenie się pojazdu,Pochmurno,Światło dzienne,Jezdnia,EWK-98237714T,14,2014-05-16,Lekko,20*28'576,51*39'311,707,Obszar niezabudowany,Odcinek prosty,Droga wojewódzka,Jednojezdniowa dwukierunkowa,N,POWIAT GRÓJECKI,NOWE MIASTO NAD PILICĄ - OBSZAR WIEJSKI
1,0,0,2014,Pochmurno,Wywrócenie się pojazdu,Pochmurno,Światło dzienne,Jezdnia,EWK-98237714T,14,2014-05-16,Nieokreślone (puste pole),20*28'576,51*39'311,707,Obszar niezabudowany,Odcinek prosty,Droga wojewódzka,Jednojezdniowa dwukierunkowa,N,POWIAT GRÓJECKI,NOWE MIASTO NAD PILICĄ - OBSZAR WIEJSKI
1,0,1,2014,Pochmurno,Wywrócenie się pojazdu,Pochmurno,Światło dzienne,Jezdnia,EWK-98239231D,18,2014-05-16,Lekko,21*35'140,53*21'029,645,Obszar niezabudowany,"Zakręt, łuk",Droga wojewódzka,Jednojezdniowa dwukierunkowa,N,POWIAT OSTROŁĘCKI,ŁYSE - OBSZAR WIEJSKI
1,0,1,2014,Pochmurno,Wywrócenie się pojazdu,Pochmurno,Światło dzienne,Jezdnia,EWK-98284867Y,9,2014-06-21,Lekko,21*42'368,51*30'102,738,Obszar niezabudowany,Odcinek prosty,Droga wojewódzka,Jednojezdniowa dwukierunkowa,N,POWIAT KOZIENICKI,GARBATKA-LETNISKO - OBSZAR WIEJSKI
1,0,1,2014,Pochmurno,Wywrócenie się pojazdu,Pochmurno,Światło dzienne,Jezdnia,EWK-98336248U,17,2014-07-27,Ciężko,19*48'263,52*55'011,541,Obszar niezabudowany,"Zakręt, łuk",Droga wojewódzka,Jednojezdniowa dwukierunkowa,N,POWIAT SIERPECKI,ROŚCISZEWO - OBSZAR WIEJSKI
1,0,0,2014,Pochmurno,Wywrócenie się pojazdu,Pochmurno,Światło dzienne,Jezdnia,EWK-98336248U,17,2014-07-27,Nieokreślone (puste pole),19*48'263,52*55'011,541,Obszar niezabudowany,"Zakręt, łuk",Droga wojewódzka,Jednojezdniowa dwukierunkowa,N,POWIAT SIERPECKI,ROŚCISZEWO - OBSZAR WIEJSKI
1,0,1,2014,Pochmurno,Wywrócenie się pojazdu,Pochmurno,Światło dzienne,Jezdnia,EWK-98336420U,17,2014-07-27,Lekko,19*52'289,52*46'244,P3759W,Obszar niezabudowany,"Zakręt, łuk",Droga powiatowa,Jednojezdniowa dwukierunkowa,N,POWIAT SIERPECKI,ZAWIDZ - OBSZAR WIEJSKI
1,0,2,2014,Pochmurno,Wywrócenie się pojazdu,Pochmurno,Światło dzienne,Jezdnia,EWK-98415686M,8,2014-09-20,Lekko,20*45'063,51*30'194,740,Obszar zabudowany,Odcinek prosty,Droga wojewódzka,Jednojezdniowa dwukierunkowa,N,POWIAT PRZYSUSKI,POTWORÓW - OBSZAR WIEJSKI
1,0,1,2014,Pochmurno,Wywrócenie się pojazdu,Pochmurno,Światło dzienne,Jezdnia,EWK-98428359D,14,2014-09-30,Ciężko,20*03'199,52*17'508,577,Obszar niezabudowany,"Zakręt, łuk",Droga wojewódzka,Jednojezdniowa dwukierunkowa,T,POWIAT SOCHACZEWSKI,IŁÓW - OBSZAR WIEJSKI
1,1,0,2014,Pochmurno,Wywrócenie się pojazdu,Pochmurno,Światło dzienne,Jezdnia,EWK-98428359D,14,2014-09-30,Nieokreślone (puste pole),20*03'199,52*17'508,577,Obszar niezabudowany,"Zakręt, łuk",Droga wojewódzka,Jednojezdniowa dwukierunkowa,T,POWIAT SOCHACZEWSKI,IŁÓW - OBSZAR WIEJSKI
1,0,1,2014,Pochmurno,Wywrócenie się pojazdu,Pochmurno,Światło dzienne,Jezdnia,EWK-98638534M,14,2014-11-09,Lekko,19*57'482,53*02'307,P4627W,Obszar niezabudowany,Odcinek prosty,Droga powiatowa,Jednojezdniowa dwukierunkowa,N,POWIAT ŻUROMIŃSKI,ŻUROMIN - OBSZAR WIEJSKI
1,0,0,2014,Pochmurno,Wywrócenie się pojazdu,Pochmurno,Światło dzienne,Jezdnia,EWK-98638534M,14,2014-11-09,Nieokreślone (puste pole),19*57'482,53*02'307,P4627W,Obszar niezabudowany,Odcinek prosty,Droga powiatowa,Jednojezdniowa dwukierunkowa,N,POWIAT ŻUROMIŃSKI,ŻUROMIN - OBSZAR WIEJSKI
1,0,1,2014,Pochmurno,Wywrócenie się pojazdu,Pochmurno,Światło dzienne,Jezdnia,EWK-98647665Y,15,2014-11-14,Ciężko,21*14'505,51*48'262,P,Obszar zabudowany,Odcinek prosty,Droga powiatowa,Jednojezdniowa dwukierunkowa,N,POWIAT GRÓJECKI,WARKA - OBSZAR WIEJSKI
1,0,0,2014,Pochmurno,Wywrócenie się pojazdu,Pochmurno,Światło dzienne,Jezdnia,EWK-98647665Y,15,2014-11-14,Nieokreślone (puste pole),21*14'505,51*48'262,P,Obszar zabudowany,Odcinek prosty,Droga powiatowa,Jednojezdniowa dwukierunkowa,N,POWIAT GRÓJECKI,WARKA - OBSZAR WIEJSKI
1,0,1,2014,Pochmurno,Wywrócenie się pojazdu,Pochmurno,Światło dzienne,Pobocze,EWK-98107020F,7,2014-01-22,Lekko,21*43'440,51*30'219,738,Obszar niezabudowany,Odcinek prosty,Droga wojewódzka,Jednojezdniowa dwukierunkowa,N,POWIAT KOZIENICKI,GARBATKA-LETNISKO - OBSZAR WIEJSKI
1,0,1,2014,Pochmurno,Wywrócenie się pojazdu,Pochmurno,Światło dzienne,Pobocze,EWK-98416107N,6,2014-09-22,Lekko,20*08'561,52*33'124,P2934W,Obszar niezabudowany,,Droga powiatowa,Jednojezdniowa dwukierunkowa,N,POWIAT PŁOCKI,BULKOWO - OBSZAR WIEJSKI
1,0,0,2014,Pochmurno,Wywrócenie się pojazdu,Pochmurno,Światło dzienne,Pobocze,EWK-98416107N,6,2014-09-22,Nieokreślone (puste pole),20*08'561,52*33'124,P2934W,Obszar niezabudowany,,Droga powiatowa,Jednojezdniowa dwukierunkowa,N,POWIAT PŁOCKI,BULKOWO - OBSZAR WIEJSKI
1,0,1,2014,Pochmurno,Wywrócenie się pojazdu,Pochmurno,Światło dzienne,Pobocze,EWK-98682876F,6,2014-12-12,Ciężko,20*26'050,51*36'197,34345W,Obszar niezabudowany,Odcinek prosty,Droga powiatowa,Jednojezdniowa dwukierunkowa,N,POWIAT PRZYSUSKI,ODRZYWÓŁ - OBSZAR WIEJSKI
1,0,3,2014,Pochmurno,Wywrócenie się pojazdu,Pochmurno,Światło dzienne,Pobocze,EWK-98682876F,6,2014-12-12,Lekko,20*26'050,51*36'197,34345W,Obszar niezabudowany,Odcinek prosty,Droga powiatowa,Jednojezdniowa dwukierunkowa,N,POWIAT PRZYSUSKI,ODRZYWÓŁ - OBSZAR WIEJSKI
1,0,0,2014,Pochmurno,Wywrócenie się pojazdu,Pochmurno,Światło dzienne,Pobocze,EWK-98682876F,6,2014-12-12,Nieokreślone (puste pole),20*26'050,51*36'197,34345W,Obszar niezabudowany,Odcinek prosty,Droga powiatowa,Jednojezdniowa dwukierunkowa,N,POWIAT PRZYSUSKI,ODRZYWÓŁ - OBSZAR WIEJSKI
1,0,2,2014,Pochmurno,Wywrócenie się pojazdu,Pochmurno,Światło dzienne,"Skarpa, rów",EWK-98383837R,8,2014-08-26,Lekko,19*32'230,52*34'449,562,Obszar niezabudowany,Odcinek prosty,Droga wojewódzka,Jednojezdniowa dwukierunkowa,N,POWIAT PŁOCKI,BRUDZEŃ DUŻY - OBSZAR WIEJSKI
1,0,1,2014,Pochmurno,Zdarzenie z pasażerem,Pochmurno,Światło dzienne,Jezdnia,EWK-98160281C,15,2014-03-15,Lekko,21*09'342,51*33'580,34415W,Obszar zabudowany,Odcinek prosty,Droga powiatowa,Jednojezdniowa dwukierunkowa,N,POWIAT RADOMSKI,JEDLIŃSK - OBSZAR WIEJSKI
1,0,0,2014,Pochmurno,Zdarzenie z pasażerem,Pochmurno,Światło dzienne,Jezdnia,EWK-98160281C,15,2014-03-15,Nieokreślone (puste pole),21*09'342,51*33'580,34415W,Obszar zabudowany,Odcinek prosty,Droga powiatowa,Jednojezdniowa dwukierunkowa,N,POWIAT RADOMSKI,JEDLIŃSK - OBSZAR WIEJSKI
1,0,1,2014,Pochmurno,Zdarzenie z pasażerem,Pochmurno,Światło dzienne,Jezdnia,EWK-98415648U,16,2014-09-20,Ciężko,21*24'573,52*28'445,G440607W,Obszar zabudowany,,Droga gminna,Jednojezdniowa dwukierunkowa,N,POWIAT WYSZKOWSKI,ZABRODZIE - OBSZAR WIEJSKI
1,0,1,2014,Pochmurno,Zdarzenie z pasażerem,Pochmurno,Światło dzienne,Jezdnia,EWK-98415648U,16,2014-09-20,Lekko,21*24'573,52*28'445,G440607W,Obszar zabudowany,,Droga gminna,Jednojezdniowa dwukierunkowa,N,POWIAT WYSZKOWSKI,ZABRODZIE - OBSZAR WIEJSKI
1,0,1,2014,Pochmurno,Zdarzenie z pasażerem,Pochmurno,Światło dzienne,"Skarpa, rów",EWK-98443503D,13,2014-10-01,Lekko,20*41'303,51*29'050,729,Obszar niezabudowany,"Zakręt, łuk",Droga wojewódzka,Jednojezdniowa dwukierunkowa,N,POWIAT PRZYSUSKI,POTWORÓW - OBSZAR WIEJSKI