Liczba wypadków,Liczba zabitych,Liczba rannych,Rok,Warunki atmosferyczne,Rodzaj zdarzenia,Warunki atmosferyczne,Oświetlenie,Charakterystyka miejsca zdarzenia,IDKSIP zdarzenia,Godzina,Dzień,Ranny,GPS x,GPS y,Numer drogi,Obszar,Geometria drogi,Kategoria drogi 1,Rodzaj drogi,Czy w zdarzeniu był sprawca nietrzeźwy,Powiat,Gmina
1,0,0,2014,Pochmurno,Zdarzenie z pasażerem,Pochmurno,Światło dzienne,"Skarpa, rów",EWK-98443503D,13,2014-10-01,Nieokreślone (puste pole),20*41'303,51*29'050,729,Obszar niezabudowany,"Zakręt, łuk",Droga wojewódzka,Jednojezdniowa dwukierunkowa,N,POWIAT PRZYSUSKI,POTWORÓW - OBSZAR WIEJSKI
1,0,1,2014,Pochmurno,Zderzenie pojazdów boczne,Pochmurno,Noc - droga nieoświetlona,Jezdnia,EWK-98166211U,18,2014-03-05,Lekko,21*17'432,53*22'282,614,Obszar niezabudowany,"Zakręt, łuk",Droga wojewódzka,Jednojezdniowa dwukierunkowa,N,POWIAT OSTROŁĘCKI,MYSZYNIEC - OBSZAR WIEJSKI
1,0,0,2014,Pochmurno,Zderzenie pojazdów boczne,Pochmurno,Noc - droga nieoświetlona,Jezdnia,EWK-98166211U,18,2014-03-05,Nieokreślone (puste pole),21*17'432,53*22'282,614,Obszar niezabudowany,"Zakręt, łuk",Droga wojewódzka,Jednojezdniowa dwukierunkowa,N,POWIAT OSTROŁĘCKI,MYSZYNIEC - OBSZAR WIEJSKI
1,1,0,2014,Pochmurno,Zderzenie pojazdów boczne,Pochmurno,Noc - droga nieoświetlona,Jezdnia,EWK-98386457T,22,2014-08-27,Nieokreślone (puste pole),20*52'399,52*48'193,618,Obszar niezabudowany,Odcinek prosty,Droga wojewódzka,Jednojezdniowa dwukierunkowa,N,POWIAT CIECHANOWSKI,GOŁYMIN-OŚRODEK - OBSZAR WIEJSKI
1,0,3,2014,Pochmurno,Zderzenie pojazdów boczne,Pochmurno,Noc - droga nieoświetlona,Jezdnia,EWK-98390399W,0,2014-08-31,Lekko,21*20'594,52*50'547,P2121W,Obszar zabudowany,,Droga powiatowa,Jednojezdniowa dwukierunkowa,N,POWIAT MAKOWSKI,RZEWNIE - OBSZAR WIEJSKI
1,0,2,2014,Pochmurno,Zderzenie pojazdów boczne,Pochmurno,Noc - droga nieoświetlona,Jezdnia,EWK-98668869E,17,2014-11-20,Lekko,21*37'126,51*51'467,S17G,Obszar niezabudowany,Odcinek prosty,Droga krajowa,Ekspresowa,N,POWIAT GARWOLIŃSKI,GARWOLIN - OBSZAR WIEJSKI
1,0,1,2014,Pochmurno,Zderzenie pojazdów boczne,Pochmurno,Noc - droga oświetlona,"Chodnik, droga dla pieszych",EWK-98654254G,22,2014-11-20,Lekko,21*37'206,53*06'094,61,Obszar zabudowany,Odcinek prosty,Droga krajowa,Jednojezdniowa dwukierunkowa,N,POWIAT OSTROŁĘKA,OSTROŁĘKA - OBSZAR MIEJSKI
1,0,0,2014,Pochmurno,Zderzenie pojazdów boczne,Pochmurno,Noc - droga oświetlona,"Chodnik, droga dla pieszych",EWK-98654254G,22,2014-11-20,Nieokreślone (puste pole),21*37'206,53*06'094,61,Obszar zabudowany,Odcinek prosty,Droga krajowa,Jednojezdniowa dwukierunkowa,N,POWIAT OSTROŁĘKA,OSTROŁĘKA - OBSZAR MIEJSKI
1,0,1,2014,Pochmurno,Zderzenie pojazdów boczne,Pochmurno,Noc - droga oświetlona,Jezdnia,EWK-98084798P,0,2014-01-04,Ciężko,19*42'159,52*32'268,P,Obszar zabudowany,,Droga powiatowa,Jednokierunkowa,N,POWIAT PŁOCK,PŁOCK - OBSZAR MIEJSKI
1,0,2,2014,Pochmurno,Zderzenie pojazdów boczne,Pochmurno,Noc - droga oświetlona,Jezdnia,EWK-98084798P,0,2014-01-04,Lekko,19*42'159,52*32'268,P,Obszar zabudowany,,Droga powiatowa,Jednokierunkowa,N,POWIAT PŁOCK,PŁOCK - OBSZAR MIEJSKI
1,0,0,2014,Pochmurno,Zderzenie pojazdów boczne,Pochmurno,Noc - droga oświetlona,Jezdnia,EWK-98084798P,0,2014-01-04,Nieokreślone (puste pole),19*42'159,52*32'268,P,Obszar zabudowany,,Droga powiatowa,Jednokierunkowa,N,POWIAT PŁOCK,PŁOCK - OBSZAR MIEJSKI
1,0,1,2014,Pochmurno,Zderzenie pojazdów boczne,Pochmurno,Noc - droga oświetlona,Jezdnia,EWK-98099139Q,17,2014-01-16,Lekko,21*20'333,53*23'559,53,Obszar niezabudowany,Odcinek prosty,Droga krajowa,Jednojezdniowa dwukierunkowa,N,POWIAT OSTROŁĘCKI,MYSZYNIEC - OBSZAR WIEJSKI
1,0,0,2014,Pochmurno,Zderzenie pojazdów boczne,Pochmurno,Noc - droga oświetlona,Jezdnia,EWK-98099139Q,17,2014-01-16,Nieokreślone (puste pole),21*20'333,53*23'559,53,Obszar niezabudowany,Odcinek prosty,Droga krajowa,Jednojezdniowa dwukierunkowa,N,POWIAT OSTROŁĘCKI,MYSZYNIEC - OBSZAR WIEJSKI
1,0,2,2014,Pochmurno,Zderzenie pojazdów boczne,Pochmurno,Noc - droga oświetlona,Jezdnia,EWK-98665858P,18,2014-11-30,Lekko,21*36'275,53*04'277,P5116W,Obszar zabudowany,,Droga powiatowa,Jednojezdniowa dwukierunkowa,N,POWIAT OSTROŁĘKA,OSTROŁĘKA - OBSZAR MIEJSKI
1,0,0,2014,Pochmurno,Zderzenie pojazdów boczne,Pochmurno,Noc - droga oświetlona,Jezdnia,EWK-98665858P,18,2014-11-30,Nieokreślone (puste pole),21*36'275,53*04'277,P5116W,Obszar zabudowany,,Droga powiatowa,Jednojezdniowa dwukierunkowa,N,POWIAT OSTROŁĘKA,OSTROŁĘKA - OBSZAR MIEJSKI
1,0,1,2014,Pochmurno,Zderzenie pojazdów boczne,Pochmurno,Noc - droga oświetlona,Jezdnia,EWK-98681391Y,17,2014-12-13,Ciężko,19*30'075,52*26'018,S60G,Obszar niezabudowany,,Droga krajowa,Jednojezdniowa dwukierunkowa,N,POWIAT GOSTYNIŃSKI,GOSTYNIN - OBSZAR WIEJSKI
1,0,0,2014,Pochmurno,Zderzenie pojazdów boczne,Pochmurno,Noc - droga oświetlona,Jezdnia,EWK-98681391Y,17,2014-12-13,Nieokreślone (puste pole),19*30'075,52*26'018,S60G,Obszar niezabudowany,,Droga krajowa,Jednojezdniowa dwukierunkowa,N,POWIAT GOSTYNIŃSKI,GOSTYNIN - OBSZAR WIEJSKI
1,0,1,2014,Pochmurno,Zderzenie pojazdów boczne,Pochmurno,Noc - droga oświetlona,Jezdnia,EWK-98683323H,20,2014-12-12,Lekko,22*00'573,52*23'495,,Obszar zabudowany,,Nieokreślone (puste pole),Jednojezdniowa dwukierunkowa,N,POWIAT WĘGROWSKI,WĘGRÓW - OBSZAR MIEJSKI
1,0,0,2014,Pochmurno,Zderzenie pojazdów boczne,Pochmurno,Noc - droga oświetlona,Jezdnia,EWK-98683323H,20,2014-12-12,Nieokreślone (puste pole),22*00'573,52*23'495,,Obszar zabudowany,,Nieokreślone (puste pole),Jednojezdniowa dwukierunkowa,N,POWIAT WĘGROWSKI,WĘGRÓW - OBSZAR MIEJSKI
1,0,2,2014,Pochmurno,Zderzenie pojazdów boczne,Pochmurno,Noc - droga oświetlona,Jezdnia,EWK-98704404R,16,2014-12-29,Lekko,21*09'068,51*22'320,P5335W,Obszar zabudowany,,Droga powiatowa,Jednojezdniowa dwukierunkowa,N,POWIAT RADOM,RADOM - OBSZAR MIEJSKI
1,0,1,2014,Pochmurno,Zderzenie pojazdów boczne,Pochmurno,Noc - droga oświetlona,Przejazd kolejowy strzeżony,EWK-98483575X,0,2014-10-18,Ciężko,21*27'346,52*33'146,G,Obszar zabudowany,,Nieokreślone (puste pole),Jednojezdniowa dwukierunkowa,N,POWIAT WYSZKOWSKI,WYSZKÓW - OBSZAR WIEJSKI
1,0,1,2014,Pochmurno,Zderzenie pojazdów boczne,Pochmurno,Noc - droga oświetlona,Przejazd kolejowy strzeżony,EWK-98483575X,0,2014-10-18,Lekko,21*27'346,52*33'146,G,Obszar zabudowany,,Nieokreślone (puste pole),Jednojezdniowa dwukierunkowa,N,POWIAT WYSZKOWSKI,WYSZKÓW - OBSZAR WIEJSKI
1,0,0,2014,Pochmurno,Zderzenie pojazdów boczne,Pochmurno,Noc - droga oświetlona,Przejazd kolejowy strzeżony,EWK-98483575X,0,2014-10-18,Nieokreślone (puste pole),21*27'346,52*33'146,G,Obszar zabudowany,,Nieokreślone (puste pole),Jednojezdniowa dwukierunkowa,N,POWIAT WYSZKOWSKI,WYSZKÓW - OBSZAR WIEJSKI
1,0,1,2014,Pochmurno,Zderzenie pojazdów boczne,Pochmurno,Noc - droga oświetlona,Przejście dla pieszych,EWK-98645034U,16,2014-11-13,Lekko,21*08'340,51*24'323,P5302W,Obszar zabudowany,,Droga powiatowa,Dwie jezdnie jednokierunkowe,N,POWIAT RADOM,RADOM - OBSZAR MIEJSKI
1,0,0,2014,Pochmurno,Zderzenie pojazdów boczne,Pochmurno,Noc - droga oświetlona,Przejście dla pieszych,EWK-98645034U,16,2014-11-13,Nieokreślone (puste pole),21*08'340,51*24'323,P5302W,Obszar zabudowany,,Droga powiatowa,Dwie jezdnie jednokierunkowe,N,POWIAT RADOM,RADOM - OBSZAR MIEJSKI
1,0,1,2014,Pochmurno,Zderzenie pojazdów boczne,Pochmurno,Noc - droga oświetlona,"Wjazd, wyjazd z posesji, pola",EWK-98689912G,7,2014-12-17,Lekko,19*42'183,52*32'489,60,Obszar zabudowany,Odcinek prosty,Droga krajowa,Dwie jezdnie jednokierunkowe,N,POWIAT PŁOCK,PŁOCK - OBSZAR MIEJSKI
1,0,0,2014,Pochmurno,Zderzenie pojazdów boczne,Pochmurno,Noc - droga oświetlona,"Wjazd, wyjazd z posesji, pola",EWK-98689912G,7,2014-12-17,Nieokreślone (puste pole),19*42'183,52*32'489,60,Obszar zabudowany,Odcinek prosty,Droga krajowa,Dwie jezdnie jednokierunkowe,N,POWIAT PŁOCK,PŁOCK - OBSZAR MIEJSKI
1,0,2,2014,Pochmurno,Zderzenie pojazdów boczne,Pochmurno,"Zmrok, świt",Jezdnia,EWK-98212964D,20,2014-04-27,Ciężko,21*27'082,52*35'394,618,Obszar zabudowany,,Droga wojewódzka,Jednojezdniowa dwukierunkowa,N,POWIAT WYSZKOWSKI,WYSZKÓW - OBSZAR MIEJSKI
1,0,0,2014,Pochmurno,Zderzenie pojazdów boczne,Pochmurno,"Zmrok, świt",Jezdnia,EWK-98212964D,20,2014-04-27,Nieokreślone (puste pole),21*27'082,52*35'394,618,Obszar zabudowany,,Droga wojewódzka,Jednojezdniowa dwukierunkowa,N,POWIAT WYSZKOWSKI,WYSZKÓW - OBSZAR MIEJSKI
1,0,1,2014,Pochmurno,Zderzenie pojazdów boczne,Pochmurno,"Zmrok, świt",Jezdnia,EWK-98238045G,19,2014-05-15,Lekko,21*34'441,51*21'057,,Obszar zabudowany,,Nieokreślone (puste pole),Jednojezdniowa dwukierunkowa,N,POWIAT ZWOLEŃSKI,ZWOLEŃ - OBSZAR MIEJSKI
1,0,0,2014,Pochmurno,Zderzenie pojazdów boczne,Pochmurno,"Zmrok, świt",Jezdnia,EWK-98238045G,19,2014-05-15,Nieokreślone (puste pole),21*34'441,51*21'057,,Obszar zabudowany,,Nieokreślone (puste pole),Jednojezdniowa dwukierunkowa,N,POWIAT ZWOLEŃSKI,ZWOLEŃ - OBSZAR MIEJSKI
1,0,1,2014,Pochmurno,Zderzenie pojazdów boczne,Pochmurno,"Zmrok, świt",Jezdnia,EWK-98657188R,15,2014-11-25,Lekko,20*44'563,51*43'216,GMINNA,Obszar niezabudowany,Odcinek prosty,Droga gminna,Jednojezdniowa dwukierunkowa,T,POWIAT GRÓJECKI,MOGIELNICA - OBSZAR WIEJSKI
1,0,0,2014,Pochmurno,Zderzenie pojazdów boczne,Pochmurno,"Zmrok, świt",Jezdnia,EWK-98657188R,15,2014-11-25,Nieokreślone (puste pole),20*44'563,51*43'216,GMINNA,Obszar niezabudowany,Odcinek prosty,Droga gminna,Jednojezdniowa dwukierunkowa,T,POWIAT GRÓJECKI,MOGIELNICA - OBSZAR WIEJSKI
1,0,3,2014,Pochmurno,Zderzenie pojazdów boczne,Pochmurno,"Zmrok, świt",Jezdnia,EWK-98688632Q,7,2014-12-18,Lekko,19*45'344,52*32'070,62,Obszar zabudowany,,Droga krajowa,Dwie jezdnie jednokierunkowe,N,POWIAT PŁOCK,PŁOCK - OBSZAR MIEJSKI
1,0,0,2014,Pochmurno,Zderzenie pojazdów boczne,Pochmurno,"Zmrok, świt",Jezdnia,EWK-98688632Q,7,2014-12-18,Nieokreślone (puste pole),19*45'344,52*32'070,62,Obszar zabudowany,,Droga krajowa,Dwie jezdnie jednokierunkowe,N,POWIAT PŁOCK,PŁOCK - OBSZAR MIEJSKI
1,0,1,2014,Pochmurno,Zderzenie pojazdów boczne,Pochmurno,Światło dzienne,Droga dla rowerzystów,EWK-98237099C,0,2014-05-15,Lekko,21*09'126,51*24'592,P5339W,Obszar zabudowany,Odcinek prosty,Droga powiatowa,Dwie jezdnie jednokierunkowe,N,POWIAT RADOM,RADOM - OBSZAR MIEJSKI
1,0,0,2014,Pochmurno,Zderzenie pojazdów boczne,Pochmurno,Światło dzienne,Droga dla rowerzystów,EWK-98237099C,0,2014-05-15,Nieokreślone (puste pole),21*09'126,51*24'592,P5339W,Obszar zabudowany,Odcinek prosty,Droga powiatowa,Dwie jezdnie jednokierunkowe,N,POWIAT RADOM,RADOM - OBSZAR MIEJSKI
1,0,1,2014,Pochmurno,Zderzenie pojazdów boczne,Pochmurno,Światło dzienne,Droga dla rowerzystów,EWK-98684595L,11,2014-12-13,Lekko,19*44'556,52*32'129,GMINNA,Obszar zabudowany,Odcinek prosty,Droga gminna,Jednokierunkowa,N,POWIAT PŁOCK,PŁOCK - OBSZAR MIEJSKI
1,0,0,2014,Pochmurno,Zderzenie pojazdów boczne,Pochmurno,Światło dzienne,Droga dla rowerzystów,EWK-98684595L,11,2014-12-13,Nieokreślone (puste pole),19*44'556,52*32'129,GMINNA,Obszar zabudowany,Odcinek prosty,Droga gminna,Jednokierunkowa,N,POWIAT PŁOCK,PŁOCK - OBSZAR MIEJSKI
1,0,1,2014,Pochmurno,Zderzenie pojazdów boczne,Pochmurno,Światło dzienne,Jezdnia,EWK-98082167R,15,2014-01-03,Lekko,20*10'059,52*15'358,50,Obszar niezabudowany,Odcinek prosty,Droga krajowa,Jednojezdniowa dwukierunkowa,N,POWIAT SOCHACZEWSKI,MŁODZIESZYN - OBSZAR WIEJSKI
1,0,0,2014,Pochmurno,Zderzenie pojazdów boczne,Pochmurno,Światło dzienne,Jezdnia,EWK-98082167R,15,2014-01-03,Nieokreślone (puste pole),20*10'059,52*15'358,50,Obszar niezabudowany,Odcinek prosty,Droga krajowa,Jednojezdniowa dwukierunkowa,N,POWIAT SOCHACZEWSKI,MŁODZIESZYN - OBSZAR WIEJSKI
1,0,1,2014,Pochmurno,Zderzenie pojazdów boczne,Pochmurno,Światło dzienne,Jezdnia,EWK-98097520W,14,2014-01-17,Lekko,21*10'122,51*23'284,9,Obszar zabudowany,,Droga krajowa,Dwie jezdnie jednokierunkowe,N,POWIAT RADOM,RADOM - OBSZAR MIEJSKI
1,0,0,2014,Pochmurno,Zderzenie pojazdów boczne,Pochmurno,Światło dzienne,Jezdnia,EWK-98097520W,14,2014-01-17,Nieokreślone (puste pole),21*10'122,51*23'284,9,Obszar zabudowany,,Droga krajowa,Dwie jezdnie jednokierunkowe,N,POWIAT RADOM,RADOM - OBSZAR MIEJSKI
1,0,1,2014,Pochmurno,Zderzenie pojazdów boczne,Pochmurno,Światło dzienne,Jezdnia,EWK-98112127G,9,2014-01-11,Lekko,21*38'106,51*52'170,G,Obszar zabudowany,,Nieokreślone (puste pole),Jednojezdniowa dwukierunkowa,N,POWIAT GARWOLIŃSKI,GARWOLIN - OBSZAR MIEJSKI
1,0,0,2014,Pochmurno,Zderzenie pojazdów boczne,Pochmurno,Światło dzienne,Jezdnia,EWK-98112127G,9,2014-01-11,Nieokreślone (puste pole),21*38'106,51*52'170,G,Obszar zabudowany,,Nieokreślone (puste pole),Jednojezdniowa dwukierunkowa,N,POWIAT GARWOLIŃSKI,GARWOLIN - OBSZAR MIEJSKI
1,0,1,2014,Pochmurno,Zderzenie pojazdów boczne,Pochmurno,Światło dzienne,Jezdnia,EWK-98123950F,10,2014-02-01,Lekko,21*36'136,52*44'431,34403,Obszar niezabudowany,Odcinek prosty,Droga powiatowa,Jednojezdniowa dwukierunkowa,N,POWIAT WYSZKOWSKI,DŁUGOSIODŁO - OBSZAR WIEJSKI
1,0,0,2014,Pochmurno,Zderzenie pojazdów boczne,Pochmurno,Światło dzienne,Jezdnia,EWK-98123950F,10,2014-02-01,Nieokreślone (puste pole),21*36'136,52*44'431,34403,Obszar niezabudowany,Odcinek prosty,Droga powiatowa,Jednojezdniowa dwukierunkowa,N,POWIAT WYSZKOWSKI,DŁUGOSIODŁO - OBSZAR WIEJSKI
1,0,1,2014,Pochmurno,Zderzenie pojazdów boczne,Pochmurno,Światło dzienne,Jezdnia,EWK-98160259T,16,2014-03-15,Lekko,21*07'378,51*22'297,744,Obszar zabudowany,,Droga wojewódzka,Jednojezdniowa dwukierunkowa,N,POWIAT RADOM,RADOM - OBSZAR MIEJSKI
1,0,0,2014,Pochmurno,Zderzenie pojazdów boczne,Pochmurno,Światło dzienne,Jezdnia,EWK-98160259T,16,2014-03-15,Nieokreślone (puste pole),21*07'378,51*22'297,744,Obszar zabudowany,,Droga wojewódzka,Jednojezdniowa dwukierunkowa,N,POWIAT RADOM,RADOM - OBSZAR MIEJSKI
1,0,1,2014,Pochmurno,Zderzenie pojazdów boczne,Pochmurno,Światło dzienne,Jezdnia,EWK-98162447L,11,2014-03-15,Lekko,19*45'159,52*41'442,P,Obszar niezabudowany,Odcinek prosty,Droga powiatowa,Jednojezdniowa dwukierunkowa,N,POWIAT SIERPECKI,GOZDOWO - OBSZAR WIEJSKI
1,0,0,2014,Pochmurno,Zderzenie pojazdów boczne,Pochmurno,Światło dzienne,Jezdnia,EWK-98162447L,11,2014-03-15,Nieokreślone (puste pole),19*45'159,52*41'442,P,Obszar niezabudowany,Odcinek prosty,Droga powiatowa,Jednojezdniowa dwukierunkowa,N,POWIAT SIERPECKI,GOZDOWO - OBSZAR WIEJSKI
1,0,4,2014,Pochmurno,Zderzenie pojazdów boczne,Pochmurno,Światło dzienne,Jezdnia,EWK-98171396U,13,2014-03-24,Lekko,21*10'514,51*23'465,G530068W,Obszar zabudowany,,Droga gminna,Jednojezdniowa dwukierunkowa,N,POWIAT RADOM,RADOM - OBSZAR MIEJSKI
1,0,0,2014,Pochmurno,Zderzenie pojazdów boczne,Pochmurno,Światło dzienne,Jezdnia,EWK-98171396U,13,2014-03-24,Nieokreślone (puste pole),21*10'514,51*23'465,G530068W,Obszar zabudowany,,Droga gminna,Jednojezdniowa dwukierunkowa,N,POWIAT RADOM,RADOM - OBSZAR MIEJSKI
1,0,1,2014,Pochmurno,Zderzenie pojazdów boczne,Pochmurno,Światło dzienne,Jezdnia,EWK-98178282E,7,2014-03-28,Lekko,21*11'365,51*26'581,P1715W,Obszar zabudowany,,Droga powiatowa,Jednokierunkowa,N,POWIAT RADOM,RADOM - OBSZAR MIEJSKI
1,0,0,2014,Pochmurno,Zderzenie pojazdów boczne,Pochmurno,Światło dzienne,Jezdnia,EWK-98178282E,7,2014-03-28,Nieokreślone (puste pole),21*11'365,51*26'581,P1715W,Obszar zabudowany,,Droga powiatowa,Jednokierunkowa,N,POWIAT RADOM,RADOM - OBSZAR MIEJSKI
1,0,2,2014,Pochmurno,Zderzenie pojazdów boczne,Pochmurno,Światło dzienne,Jezdnia,EWK-98189111H,16,2014-04-08,Lekko,21*15'442,51*23'492,12,Obszar niezabudowany,Odcinek prosty,Droga krajowa,Jednojezdniowa dwukierunkowa,N,POWIAT RADOMSKI,GÓZD - OBSZAR WIEJSKI
1,0,0,2014,Pochmurno,Zderzenie pojazdów boczne,Pochmurno,Światło dzienne,Jezdnia,EWK-98189111H,16,2014-04-08,Nieokreślone (puste pole),21*15'442,51*23'492,12,Obszar niezabudowany,Odcinek prosty,Droga krajowa,Jednojezdniowa dwukierunkowa,N,POWIAT RADOMSKI,GÓZD - OBSZAR WIEJSKI
1,0,1,2014,Pochmurno,Zderzenie pojazdów boczne,Pochmurno,Światło dzienne,Jezdnia,EWK-98193068L,7,2014-04-10,Ciężko,19*27'149,52*25'221,G140109W,Obszar zabudowany,"Zakręt, łuk",Droga gminna,Jednojezdniowa dwukierunkowa,N,POWIAT GOSTYNIŃSKI,GOSTYNIN - OBSZAR MIEJSKI
1,0,0,2014,Pochmurno,Zderzenie pojazdów boczne,Pochmurno,Światło dzienne,Jezdnia,EWK-98193068L,7,2014-04-10,Nieokreślone (puste pole),19*27'149,52*25'221,G140109W,Obszar zabudowany,"Zakręt, łuk",Droga gminna,Jednojezdniowa dwukierunkowa,N,POWIAT GOSTYNIŃSKI,GOSTYNIN - OBSZAR MIEJSKI
1,0,1,2014,Pochmurno,Zderzenie pojazdów boczne,Pochmurno,Światło dzienne,Jezdnia,EWK-98225021N,14,2014-05-07,Ciężko,19*39'362,52*51'126,P,Obszar niezabudowany,,Droga powiatowa,Jednojezdniowa dwukierunkowa,N,POWIAT SIERPECKI,SIERPC - OBSZAR MIEJSKI
1,0,0,2014,Pochmurno,Zderzenie pojazdów boczne,Pochmurno,Światło dzienne,Jezdnia,EWK-98225021N,14,2014-05-07,Nieokreślone (puste pole),19*39'362,52*51'126,P,Obszar niezabudowany,,Droga powiatowa,Jednojezdniowa dwukierunkowa,N,POWIAT SIERPECKI,SIERPC - OBSZAR MIEJSKI
1,0,1,2014,Pochmurno,Zderzenie pojazdów boczne,Pochmurno,Światło dzienne,Jezdnia,EWK-98230329F,17,2014-05-07,Lekko,21*32'348,52*34'137,62,Obszar niezabudowany,"Zakręt, łuk",Droga krajowa,Jednojezdniowa dwukierunkowa,N,POWIAT WYSZKOWSKI,WYSZKÓW - OBSZAR WIEJSKI
1,0,0,2014,Pochmurno,Zderzenie pojazdów boczne,Pochmurno,Światło dzienne,Jezdnia,EWK-98230329F,17,2014-05-07,Nieokreślone (puste pole),21*32'348,52*34'137,62,Obszar niezabudowany,"Zakręt, łuk",Droga krajowa,Jednojezdniowa dwukierunkowa,N,POWIAT WYSZKOWSKI,WYSZKÓW - OBSZAR WIEJSKI
1,0,1,2014,Pochmurno,Zderzenie pojazdów boczne,Pochmurno,Światło dzienne,Jezdnia,EWK-98246685L,10,2014-05-25,Lekko,21*03'378,51*16'052,34468W,Obszar niezabudowany,"Zakręt, łuk",Droga powiatowa,Jednojezdniowa dwukierunkowa,N,POWIAT RADOMSKI,WIERZBICA - OBSZAR WIEJSKI
1,0,0,2014,Pochmurno,Zderzenie pojazdów boczne,Pochmurno,Światło dzienne,Jezdnia,EWK-98246685L,10,2014-05-25,Nieokreślone (puste pole),21*03'378,51*16'052,34468W,Obszar niezabudowany,"Zakręt, łuk",Droga powiatowa,Jednojezdniowa dwukierunkowa,N,POWIAT RADOMSKI,WIERZBICA - OBSZAR WIEJSKI
1,0,2,2014,Pochmurno,Zderzenie pojazdów boczne,Pochmurno,Światło dzienne,Jezdnia,EWK-98252789M,10,2014-05-28,Ciężko,22*06'017,52*11'254,2,Obszar niezabudowany,,Droga krajowa,Jednojezdniowa dwukierunkowa,N,POWIAT SIEDLECKI,KOTUŃ - OBSZAR WIEJSKI
1,2,0,2014,Pochmurno,Zderzenie pojazdów boczne,Pochmurno,Światło dzienne,Jezdnia,EWK-98252789M,10,2014-05-28,Nieokreślone (puste pole),22*06'017,52*11'254,2,Obszar niezabudowany,,Droga krajowa,Jednojezdniowa dwukierunkowa,N,POWIAT SIEDLECKI,KOTUŃ - OBSZAR WIEJSKI
1,0,1,2014,Pochmurno,Zderzenie pojazdów boczne,Pochmurno,Światło dzienne,Jezdnia,EWK-98257072X,6,2014-05-30,Ciężko,21*53'434,52*47'483,GMINNA,Obszar zabudowany,,Droga gminna,Jednojezdniowa dwukierunkowa,N,POWIAT OSTROWSKI,OSTRÓW MAZOWIECKA - OBSZAR MIEJSKI
1,0,0,2014,Pochmurno,Zderzenie pojazdów boczne,Pochmurno,Światło dzienne,Jezdnia,EWK-98257072X,6,2014-05-30,Nieokreślone (puste pole),21*53'434,52*47'483,GMINNA,Obszar zabudowany,,Droga gminna,Jednojezdniowa dwukierunkowa,N,POWIAT OSTROWSKI,OSTRÓW MAZOWIECKA - OBSZAR MIEJSKI
1,0,1,2014,Pochmurno,Zderzenie pojazdów boczne,Pochmurno,Światło dzienne,Jezdnia,EWK-98260204N,13,2014-05-28,Ciężko,21*61'294,51*89'886,G,Obszar zabudowany,,Nieokreślone (puste pole),Jednojezdniowa dwukierunkowa,N,POWIAT GARWOLIŃSKI,GARWOLIN - OBSZAR MIEJSKI
1,0,0,2014,Pochmurno,Zderzenie pojazdów boczne,Pochmurno,Światło dzienne,Jezdnia,EWK-98260204N,13,2014-05-28,Nieokreślone (puste pole),21*61'294,51*89'886,G,Obszar zabudowany,,Nieokreślone (puste pole),Jednojezdniowa dwukierunkowa,N,POWIAT GARWOLIŃSKI,GARWOLIN - OBSZAR MIEJSKI
1,1,0,2014,Pochmurno,Zderzenie pojazdów boczne,Pochmurno,Światło dzienne,Jezdnia,EWK-98262463T,12,2014-06-02,Nieokreślone (puste pole),22*35'041,52*17'367,3590N,Obszar zabudowany,"Zakręt, łuk",Droga powiatowa,Jednojezdniowa dwukierunkowa,N,POWIAT SIEDLECKI,PRZESMYKI - OBSZAR WIEJSKI
1,0,1,2014,Pochmurno,Zderzenie pojazdów boczne,Pochmurno,Światło dzienne,Jezdnia,EWK-98268264L,19,2014-06-03,Lekko,21*37'261,52*48'030,4401W,Obszar niezabudowany,Odcinek prosty,Droga powiatowa,Jednojezdniowa dwukierunkowa,T,POWIAT WYSZKOWSKI,DŁUGOSIODŁO - OBSZAR WIEJSKI
1,0,0,2014,Pochmurno,Zderzenie pojazdów boczne,Pochmurno,Światło dzienne,Jezdnia,EWK-98268264L,19,2014-06-03,Nieokreślone (puste pole),21*37'261,52*48'030,4401W,Obszar niezabudowany,Odcinek prosty,Droga powiatowa,Jednojezdniowa dwukierunkowa,T,POWIAT WYSZKOWSKI,DŁUGOSIODŁO - OBSZAR WIEJSKI
1,0,1,2014,Pochmurno,Zderzenie pojazdów boczne,Pochmurno,Światło dzienne,Jezdnia,EWK-98276278K,10,2014-06-14,Lekko,20*28'360,52*41'350,50,Obszar zabudowany,,Droga krajowa,Jednojezdniowa dwukierunkowa,N,POWIAT PŁOŃSKI,SOCHOCIN - OBSZAR WIEJSKI
1,0,0,2014,Pochmurno,Zderzenie pojazdów boczne,Pochmurno,Światło dzienne,Jezdnia,EWK-98276278K,10,2014-06-14,Nieokreślone (puste pole),20*28'360,52*41'350,50,Obszar zabudowany,,Droga krajowa,Jednojezdniowa dwukierunkowa,N,POWIAT PŁOŃSKI,SOCHOCIN - OBSZAR WIEJSKI
1,0,1,2014,Pochmurno,Zderzenie pojazdów boczne,Pochmurno,Światło dzienne,Jezdnia,EWK-98280006C,13,2014-06-17,Lekko,21*12'144,51*25'078,G530308W,Obszar zabudowany,Odcinek prosty,Droga gminna,Dwie jezdnie jednokierunkowe,N,POWIAT RADOM,RADOM - OBSZAR MIEJSKI
1,0,0,2014,Pochmurno,Zderzenie pojazdów boczne,Pochmurno,Światło dzienne,Jezdnia,EWK-98280006C,13,2014-06-17,Nieokreślone (puste pole),21*12'144,51*25'078,G530308W,Obszar zabudowany,Odcinek prosty,Droga gminna,Dwie jezdnie jednokierunkowe,N,POWIAT RADOM,RADOM - OBSZAR MIEJSKI
1,0,1,2014,Pochmurno,Zderzenie pojazdów boczne,Pochmurno,Światło dzienne,Jezdnia,EWK-98297183U,15,2014-06-28,Lekko,19*40'064,52*51'232,,Obszar zabudowany,Odcinek prosty,Nieokreślone (puste pole),Jednojezdniowa dwukierunkowa,N,POWIAT SIERPECKI,SIERPC - OBSZAR MIEJSKI