Liczba wypadków,Liczba zabitych,Liczba rannych,Rok,Warunki atmosferyczne,Rodzaj zdarzenia,Warunki atmosferyczne,Oświetlenie,Charakterystyka miejsca zdarzenia,IDKSIP zdarzenia,Godzina,Dzień,Ranny,GPS x,GPS y,Numer drogi,Obszar,Geometria drogi,Kategoria drogi 1,Rodzaj drogi,Czy w zdarzeniu był sprawca nietrzeźwy,Powiat,Gmina
1,0,0,2014,Pochmurno,Zderzenie pojazdów boczne,Pochmurno,Światło dzienne,Jezdnia,EWK-98297183U,15,2014-06-28,Nieokreślone (puste pole),19*40'064,52*51'232,,Obszar zabudowany,Odcinek prosty,Nieokreślone (puste pole),Jednojezdniowa dwukierunkowa,N,POWIAT SIERPECKI,SIERPC - OBSZAR MIEJSKI
1,0,3,2014,Pochmurno,Zderzenie pojazdów boczne,Pochmurno,Światło dzienne,Jezdnia,EWK-98326310F,13,2014-07-20,Lekko,19*30'075,52*26'018,S60G,Obszar niezabudowany,,Droga krajowa,Jednojezdniowa dwukierunkowa,N,POWIAT GOSTYNIŃSKI,GOSTYNIN - OBSZAR WIEJSKI
1,0,0,2014,Pochmurno,Zderzenie pojazdów boczne,Pochmurno,Światło dzienne,Jezdnia,EWK-98326310F,13,2014-07-20,Nieokreślone (puste pole),19*30'075,52*26'018,S60G,Obszar niezabudowany,,Droga krajowa,Jednojezdniowa dwukierunkowa,N,POWIAT GOSTYNIŃSKI,GOSTYNIN - OBSZAR WIEJSKI
1,0,1,2014,Pochmurno,Zderzenie pojazdów boczne,Pochmurno,Światło dzienne,Jezdnia,EWK-98330891D,14,2014-07-23,Ciężko,21*51'229,52*19'240,GMINNA,Obszar niezabudowany,"Zakręt, łuk",Droga gminna,Jednojezdniowa dwukierunkowa,N,POWIAT WĘGROWSKI,WIERZBNO - OBSZAR WIEJSKI
1,0,0,2014,Pochmurno,Zderzenie pojazdów boczne,Pochmurno,Światło dzienne,Jezdnia,EWK-98330891D,14,2014-07-23,Nieokreślone (puste pole),21*51'229,52*19'240,GMINNA,Obszar niezabudowany,"Zakręt, łuk",Droga gminna,Jednojezdniowa dwukierunkowa,N,POWIAT WĘGROWSKI,WIERZBNO - OBSZAR WIEJSKI
1,0,2,2014,Pochmurno,Zderzenie pojazdów boczne,Pochmurno,Światło dzienne,Jezdnia,EWK-98363998G,16,2014-08-15,Lekko,21*33'524,52*52'011,60,Obszar niezabudowany,,Droga krajowa,Jednojezdniowa dwukierunkowa,N,POWIAT OSTROŁĘCKI,GOWOROWO - OBSZAR WIEJSKI
1,0,0,2014,Pochmurno,Zderzenie pojazdów boczne,Pochmurno,Światło dzienne,Jezdnia,EWK-98363998G,16,2014-08-15,Nieokreślone (puste pole),21*33'524,52*52'011,60,Obszar niezabudowany,,Droga krajowa,Jednojezdniowa dwukierunkowa,N,POWIAT OSTROŁĘCKI,GOWOROWO - OBSZAR WIEJSKI
1,0,1,2014,Pochmurno,Zderzenie pojazdów boczne,Pochmurno,Światło dzienne,Jezdnia,EWK-98365011A,19,2014-08-12,Lekko,21*32'014,53*03'490,61,Obszar niezabudowany,Odcinek prosty,Droga krajowa,Jednojezdniowa dwukierunkowa,N,POWIAT OSTROŁĘCKI,OLSZEWO-BORKI - OBSZAR WIEJSKI
1,0,0,2014,Pochmurno,Zderzenie pojazdów boczne,Pochmurno,Światło dzienne,Jezdnia,EWK-98365011A,19,2014-08-12,Nieokreślone (puste pole),21*32'014,53*03'490,61,Obszar niezabudowany,Odcinek prosty,Droga krajowa,Jednojezdniowa dwukierunkowa,N,POWIAT OSTROŁĘCKI,OLSZEWO-BORKI - OBSZAR WIEJSKI
1,0,1,2014,Pochmurno,Zderzenie pojazdów boczne,Pochmurno,Światło dzienne,Jezdnia,EWK-98365275R,6,2014-08-14,Lekko,20*49'432,52*39'224,P2422W,Obszar niezabudowany,,Droga powiatowa,Jednojezdniowa dwukierunkowa,N,POWIAT PUŁTUSKI,ŚWIERCZE - OBSZAR WIEJSKI
1,0,0,2014,Pochmurno,Zderzenie pojazdów boczne,Pochmurno,Światło dzienne,Jezdnia,EWK-98365275R,6,2014-08-14,Nieokreślone (puste pole),20*49'432,52*39'224,P2422W,Obszar niezabudowany,,Droga powiatowa,Jednojezdniowa dwukierunkowa,N,POWIAT PUŁTUSKI,ŚWIERCZE - OBSZAR WIEJSKI
1,0,1,2014,Pochmurno,Zderzenie pojazdów boczne,Pochmurno,Światło dzienne,Jezdnia,EWK-98365989C,15,2014-08-08,Ciężko,21*31'059,53*02'294,61,Obszar niezabudowany,"Zakręt, łuk",Droga krajowa,Jednojezdniowa dwukierunkowa,N,POWIAT OSTROŁĘCKI,OLSZEWO-BORKI - OBSZAR WIEJSKI
1,0,0,2014,Pochmurno,Zderzenie pojazdów boczne,Pochmurno,Światło dzienne,Jezdnia,EWK-98365989C,15,2014-08-08,Nieokreślone (puste pole),21*31'059,53*02'294,61,Obszar niezabudowany,"Zakręt, łuk",Droga krajowa,Jednojezdniowa dwukierunkowa,N,POWIAT OSTROŁĘCKI,OLSZEWO-BORKI - OBSZAR WIEJSKI
1,0,1,2014,Pochmurno,Zderzenie pojazdów boczne,Pochmurno,Światło dzienne,Jezdnia,EWK-98376551Y,16,2014-08-18,Lekko,21*23'144,52*33'334,P4418W,Obszar zabudowany,Odcinek prosty,Droga powiatowa,Jednojezdniowa dwukierunkowa,N,POWIAT WYSZKOWSKI,WYSZKÓW - OBSZAR WIEJSKI
1,0,0,2014,Pochmurno,Zderzenie pojazdów boczne,Pochmurno,Światło dzienne,Jezdnia,EWK-98376551Y,16,2014-08-18,Nieokreślone (puste pole),21*23'144,52*33'334,P4418W,Obszar zabudowany,Odcinek prosty,Droga powiatowa,Jednojezdniowa dwukierunkowa,N,POWIAT WYSZKOWSKI,WYSZKÓW - OBSZAR WIEJSKI
1,0,1,2014,Pochmurno,Zderzenie pojazdów boczne,Pochmurno,Światło dzienne,Jezdnia,EWK-98378034H,19,2014-08-19,Ciężko,21*43'009,51*08'345,GMINNA,Obszar zabudowany,,Droga gminna,Jednojezdniowa dwukierunkowa,N,POWIAT LIPSKI,SOLEC NAD WISŁĄ - OBSZAR WIEJSKI
1,0,1,2014,Pochmurno,Zderzenie pojazdów boczne,Pochmurno,Światło dzienne,Jezdnia,EWK-98378034H,19,2014-08-19,Lekko,21*43'009,51*08'345,GMINNA,Obszar zabudowany,,Droga gminna,Jednojezdniowa dwukierunkowa,N,POWIAT LIPSKI,SOLEC NAD WISŁĄ - OBSZAR WIEJSKI
1,0,0,2014,Pochmurno,Zderzenie pojazdów boczne,Pochmurno,Światło dzienne,Jezdnia,EWK-98378034H,19,2014-08-19,Nieokreślone (puste pole),21*43'009,51*08'345,GMINNA,Obszar zabudowany,,Droga gminna,Jednojezdniowa dwukierunkowa,N,POWIAT LIPSKI,SOLEC NAD WISŁĄ - OBSZAR WIEJSKI
1,0,1,2014,Pochmurno,Zderzenie pojazdów boczne,Pochmurno,Światło dzienne,Jezdnia,EWK-98391968F,9,2014-08-30,Lekko,21*48'562,51*28'139,738,Obszar zabudowany,,Droga wojewódzka,Jednojezdniowa dwukierunkowa,N,POWIAT KOZIENICKI,GNIEWOSZÓW - OBSZAR WIEJSKI
1,0,0,2014,Pochmurno,Zderzenie pojazdów boczne,Pochmurno,Światło dzienne,Jezdnia,EWK-98391968F,9,2014-08-30,Nieokreślone (puste pole),21*48'562,51*28'139,738,Obszar zabudowany,,Droga wojewódzka,Jednojezdniowa dwukierunkowa,N,POWIAT KOZIENICKI,GNIEWOSZÓW - OBSZAR WIEJSKI
1,0,1,2014,Pochmurno,Zderzenie pojazdów boczne,Pochmurno,Światło dzienne,Jezdnia,EWK-98420515X,17,2014-09-21,Lekko,21*16'470,51*13'299,P3544W,Obszar zabudowany,"Zakręt, łuk",Droga powiatowa,Jednojezdniowa dwukierunkowa,N,POWIAT RADOMSKI,IŁŻA - OBSZAR WIEJSKI
1,0,0,2014,Pochmurno,Zderzenie pojazdów boczne,Pochmurno,Światło dzienne,Jezdnia,EWK-98420515X,17,2014-09-21,Nieokreślone (puste pole),21*16'470,51*13'299,P3544W,Obszar zabudowany,"Zakręt, łuk",Droga powiatowa,Jednojezdniowa dwukierunkowa,N,POWIAT RADOMSKI,IŁŻA - OBSZAR WIEJSKI
1,0,1,2014,Pochmurno,Zderzenie pojazdów boczne,Pochmurno,Światło dzienne,Jezdnia,EWK-98464918F,12,2014-10-16,Lekko,20*15'114,52*15'268,3815W,Obszar zabudowany,Odcinek prosty,Droga powiatowa,Jednojezdniowa dwukierunkowa,N,POWIAT SOCHACZEWSKI,SOCHACZEW - OBSZAR WIEJSKI
1,0,0,2014,Pochmurno,Zderzenie pojazdów boczne,Pochmurno,Światło dzienne,Jezdnia,EWK-98464918F,12,2014-10-16,Nieokreślone (puste pole),20*15'114,52*15'268,3815W,Obszar zabudowany,Odcinek prosty,Droga powiatowa,Jednojezdniowa dwukierunkowa,N,POWIAT SOCHACZEWSKI,SOCHACZEW - OBSZAR WIEJSKI
1,0,1,2014,Pochmurno,Zderzenie pojazdów boczne,Pochmurno,Światło dzienne,Jezdnia,EWK-98560233F,12,2014-10-20,Ciężko,22*17'443,52*40'456,63,Obszar zabudowany,,Droga krajowa,Jednojezdniowa dwukierunkowa,N,POWIAT OSTROWSKI,NUR - OBSZAR WIEJSKI
1,0,0,2014,Pochmurno,Zderzenie pojazdów boczne,Pochmurno,Światło dzienne,Jezdnia,EWK-98560233F,12,2014-10-20,Nieokreślone (puste pole),22*17'443,52*40'456,63,Obszar zabudowany,,Droga krajowa,Jednojezdniowa dwukierunkowa,N,POWIAT OSTROWSKI,NUR - OBSZAR WIEJSKI
1,0,1,2014,Pochmurno,Zderzenie pojazdów boczne,Pochmurno,Światło dzienne,Jezdnia,EWK-98613887E,10,2014-10-22,Lekko,19*41'557,52*33'046,P,Obszar zabudowany,,Droga powiatowa,Jednojezdniowa dwukierunkowa,N,POWIAT PŁOCK,PŁOCK - OBSZAR MIEJSKI
1,0,0,2014,Pochmurno,Zderzenie pojazdów boczne,Pochmurno,Światło dzienne,Jezdnia,EWK-98613887E,10,2014-10-22,Nieokreślone (puste pole),19*41'557,52*33'046,P,Obszar zabudowany,,Droga powiatowa,Jednojezdniowa dwukierunkowa,N,POWIAT PŁOCK,PŁOCK - OBSZAR MIEJSKI
1,0,1,2014,Pochmurno,Zderzenie pojazdów boczne,Pochmurno,Światło dzienne,Jezdnia,EWK-98616651R,8,2014-10-20,Lekko,21*21'351,52*41'160,P4410W,Obszar zabudowany,Odcinek prosty,Droga powiatowa,Jednojezdniowa dwukierunkowa,N,POWIAT WYSZKOWSKI,RZĄŚNIK - OBSZAR WIEJSKI
1,0,0,2014,Pochmurno,Zderzenie pojazdów boczne,Pochmurno,Światło dzienne,Jezdnia,EWK-98616651R,8,2014-10-20,Nieokreślone (puste pole),21*21'351,52*41'160,P4410W,Obszar zabudowany,Odcinek prosty,Droga powiatowa,Jednojezdniowa dwukierunkowa,N,POWIAT WYSZKOWSKI,RZĄŚNIK - OBSZAR WIEJSKI
1,0,1,2014,Pochmurno,Zderzenie pojazdów boczne,Pochmurno,Światło dzienne,Jezdnia,EWK-98618957C,9,2014-10-25,Lekko,19*36'557,52*28'241,60,Obszar niezabudowany,Odcinek prosty,Droga krajowa,Jednojezdniowa dwukierunkowa,N,POWIAT PŁOCKI,ŁĄCK - OBSZAR WIEJSKI
1,0,0,2014,Pochmurno,Zderzenie pojazdów boczne,Pochmurno,Światło dzienne,Jezdnia,EWK-98618957C,9,2014-10-25,Nieokreślone (puste pole),19*36'557,52*28'241,60,Obszar niezabudowany,Odcinek prosty,Droga krajowa,Jednojezdniowa dwukierunkowa,N,POWIAT PŁOCKI,ŁĄCK - OBSZAR WIEJSKI
1,0,1,2014,Pochmurno,Zderzenie pojazdów boczne,Pochmurno,Światło dzienne,Jezdnia,EWK-98629402Y,11,2014-10-17,Lekko,21*36'060,51*54'424,,Obszar zabudowany,,Nieokreślone (puste pole),Jednojezdniowa dwukierunkowa,N,POWIAT GARWOLIŃSKI,GARWOLIN - OBSZAR MIEJSKI
1,0,0,2014,Pochmurno,Zderzenie pojazdów boczne,Pochmurno,Światło dzienne,Jezdnia,EWK-98629402Y,11,2014-10-17,Nieokreślone (puste pole),21*36'060,51*54'424,,Obszar zabudowany,,Nieokreślone (puste pole),Jednojezdniowa dwukierunkowa,N,POWIAT GARWOLIŃSKI,GARWOLIN - OBSZAR MIEJSKI
1,0,3,2014,Pochmurno,Zderzenie pojazdów boczne,Pochmurno,Światło dzienne,Jezdnia,EWK-98638398P,8,2014-11-07,Lekko,20*47'169,51*49'254,725,Obszar zabudowany,"Zakręt, łuk",Droga wojewódzka,Jednojezdniowa dwukierunkowa,N,POWIAT GRÓJECKI,BELSK DUŻY - OBSZAR WIEJSKI
1,0,0,2014,Pochmurno,Zderzenie pojazdów boczne,Pochmurno,Światło dzienne,Jezdnia,EWK-98638398P,8,2014-11-07,Nieokreślone (puste pole),20*47'169,51*49'254,725,Obszar zabudowany,"Zakręt, łuk",Droga wojewódzka,Jednojezdniowa dwukierunkowa,N,POWIAT GRÓJECKI,BELSK DUŻY - OBSZAR WIEJSKI
1,0,4,2014,Pochmurno,Zderzenie pojazdów boczne,Pochmurno,Światło dzienne,Jezdnia,EWK-98638915F,9,2014-11-08,Lekko,19*27'320,52*36'547,562,Obszar zabudowany,,Droga wojewódzka,Jednojezdniowa dwukierunkowa,N,POWIAT PŁOCKI,BRUDZEŃ DUŻY - OBSZAR WIEJSKI
1,0,0,2014,Pochmurno,Zderzenie pojazdów boczne,Pochmurno,Światło dzienne,Jezdnia,EWK-98638915F,9,2014-11-08,Nieokreślone (puste pole),19*27'320,52*36'547,562,Obszar zabudowany,,Droga wojewódzka,Jednojezdniowa dwukierunkowa,N,POWIAT PŁOCKI,BRUDZEŃ DUŻY - OBSZAR WIEJSKI
1,0,1,2014,Pochmurno,Zderzenie pojazdów boczne,Pochmurno,Światło dzienne,Jezdnia,EWK-98640686W,9,2014-11-09,Ciężko,22*14'505,52*15'280,63,Obszar zabudowany,Odcinek prosty,Droga krajowa,Jednojezdniowa dwukierunkowa,T,POWIAT SIEDLECKI,SUCHOŻEBRY - OBSZAR WIEJSKI
1,0,0,2014,Pochmurno,Zderzenie pojazdów boczne,Pochmurno,Światło dzienne,Jezdnia,EWK-98640686W,9,2014-11-09,Nieokreślone (puste pole),22*14'505,52*15'280,63,Obszar zabudowany,Odcinek prosty,Droga krajowa,Jednojezdniowa dwukierunkowa,T,POWIAT SIEDLECKI,SUCHOŻEBRY - OBSZAR WIEJSKI
1,0,1,2014,Pochmurno,Zderzenie pojazdów boczne,Pochmurno,Światło dzienne,Jezdnia,EWK-98641999M,7,2014-11-12,Lekko,21*10'134,51*24'056,P5329W,Obszar zabudowany,,Droga powiatowa,Jednojezdniowa dwukierunkowa,N,POWIAT RADOM,RADOM - OBSZAR MIEJSKI
1,0,0,2014,Pochmurno,Zderzenie pojazdów boczne,Pochmurno,Światło dzienne,Jezdnia,EWK-98641999M,7,2014-11-12,Nieokreślone (puste pole),21*10'134,51*24'056,P5329W,Obszar zabudowany,,Droga powiatowa,Jednojezdniowa dwukierunkowa,N,POWIAT RADOM,RADOM - OBSZAR MIEJSKI
1,0,1,2014,Pochmurno,Zderzenie pojazdów boczne,Pochmurno,Światło dzienne,Jezdnia,EWK-98650569A,14,2014-11-06,Ciężko,20*56'364,51*40'290,731,Obszar zabudowany,,Droga wojewódzka,Jednojezdniowa dwukierunkowa,N,POWIAT BIAŁOBRZESKI,PROMNA - OBSZAR WIEJSKI
1,0,1,2014,Pochmurno,Zderzenie pojazdów boczne,Pochmurno,Światło dzienne,Jezdnia,EWK-98650569A,14,2014-11-06,Lekko,20*56'364,51*40'290,731,Obszar zabudowany,,Droga wojewódzka,Jednojezdniowa dwukierunkowa,N,POWIAT BIAŁOBRZESKI,PROMNA - OBSZAR WIEJSKI
1,0,0,2014,Pochmurno,Zderzenie pojazdów boczne,Pochmurno,Światło dzienne,Jezdnia,EWK-98650569A,14,2014-11-06,Nieokreślone (puste pole),20*56'364,51*40'290,731,Obszar zabudowany,,Droga wojewódzka,Jednojezdniowa dwukierunkowa,N,POWIAT BIAŁOBRZESKI,PROMNA - OBSZAR WIEJSKI
1,0,1,2014,Pochmurno,Zderzenie pojazdów boczne,Pochmurno,Światło dzienne,Jezdnia,EWK-98654223P,10,2014-11-18,Lekko,21*48'249,53*02'384,2555W,Obszar niezabudowany,"Zakręt, łuk",Droga powiatowa,Jednojezdniowa dwukierunkowa,N,POWIAT OSTROŁĘCKI,TROSZYN - OBSZAR WIEJSKI
1,0,0,2014,Pochmurno,Zderzenie pojazdów boczne,Pochmurno,Światło dzienne,Jezdnia,EWK-98654223P,10,2014-11-18,Nieokreślone (puste pole),21*48'249,53*02'384,2555W,Obszar niezabudowany,"Zakręt, łuk",Droga powiatowa,Jednojezdniowa dwukierunkowa,N,POWIAT OSTROŁĘCKI,TROSZYN - OBSZAR WIEJSKI
1,0,3,2014,Pochmurno,Zderzenie pojazdów boczne,Pochmurno,Światło dzienne,Jezdnia,EWK-98655609Q,11,2014-11-22,Lekko,21*08'208,51*24'408,P5302W,Obszar zabudowany,,Droga powiatowa,Jednojezdniowa dwukierunkowa,N,POWIAT RADOM,RADOM - OBSZAR MIEJSKI
1,0,0,2014,Pochmurno,Zderzenie pojazdów boczne,Pochmurno,Światło dzienne,Jezdnia,EWK-98655609Q,11,2014-11-22,Nieokreślone (puste pole),21*08'208,51*24'408,P5302W,Obszar zabudowany,,Droga powiatowa,Jednojezdniowa dwukierunkowa,N,POWIAT RADOM,RADOM - OBSZAR MIEJSKI
1,0,1,2014,Pochmurno,Zderzenie pojazdów boczne,Pochmurno,Światło dzienne,Jezdnia,EWK-98661777Q,8,2014-11-26,Lekko,21*06'297,51*23'480,7,Obszar zabudowany,,Droga krajowa,Dwie jezdnie jednokierunkowe,N,POWIAT RADOM,RADOM - OBSZAR MIEJSKI
1,0,0,2014,Pochmurno,Zderzenie pojazdów boczne,Pochmurno,Światło dzienne,Jezdnia,EWK-98661777Q,8,2014-11-26,Nieokreślone (puste pole),21*06'297,51*23'480,7,Obszar zabudowany,,Droga krajowa,Dwie jezdnie jednokierunkowe,N,POWIAT RADOM,RADOM - OBSZAR MIEJSKI
1,0,2,2014,Pochmurno,Zderzenie pojazdów boczne,Pochmurno,Światło dzienne,Jezdnia,EWK-98668908E,15,2014-11-20,Lekko,21*41'058,51*49'462,17,Obszar niezabudowany,,Droga krajowa,Jednojezdniowa dwukierunkowa,N,POWIAT GARWOLIŃSKI,GÓRZNO - OBSZAR WIEJSKI
1,0,0,2014,Pochmurno,Zderzenie pojazdów boczne,Pochmurno,Światło dzienne,Jezdnia,EWK-98668908E,15,2014-11-20,Nieokreślone (puste pole),21*41'058,51*49'462,17,Obszar niezabudowany,,Droga krajowa,Jednojezdniowa dwukierunkowa,N,POWIAT GARWOLIŃSKI,GÓRZNO - OBSZAR WIEJSKI
1,0,1,2014,Pochmurno,Zderzenie pojazdów boczne,Pochmurno,Światło dzienne,Jezdnia,EWK-98668946G,14,2014-11-27,Lekko,21*54'540,51*48'357,807,Obszar zabudowany,Odcinek prosty,Droga wojewódzka,Jednojezdniowa dwukierunkowa,N,POWIAT GARWOLIŃSKI,ŻELECHÓW - OBSZAR MIEJSKI
1,0,0,2014,Pochmurno,Zderzenie pojazdów boczne,Pochmurno,Światło dzienne,Jezdnia,EWK-98668946G,14,2014-11-27,Nieokreślone (puste pole),21*54'540,51*48'357,807,Obszar zabudowany,Odcinek prosty,Droga wojewódzka,Jednojezdniowa dwukierunkowa,N,POWIAT GARWOLIŃSKI,ŻELECHÓW - OBSZAR MIEJSKI
1,2,0,2014,Pochmurno,Zderzenie pojazdów boczne,Pochmurno,Światło dzienne,Jezdnia,EWK-98676372D,11,2014-12-10,Nieokreślone (puste pole),20*16'317,52*13'336,92,Obszar niezabudowany,Odcinek prosty,Droga krajowa,Jednojezdniowa dwukierunkowa,N,POWIAT SOCHACZEWSKI,SOCHACZEW - OBSZAR WIEJSKI
1,0,4,2014,Pochmurno,Zderzenie pojazdów boczne,Pochmurno,Światło dzienne,Jezdnia,EWK-98678937H,7,2014-12-06,Lekko,20*21'185,51*59'032,719,Obszar niezabudowany,Odcinek prosty,Droga wojewódzka,Jednojezdniowa dwukierunkowa,N,POWIAT ŻYRARDOWSKI,PUSZCZA MARIAŃSKA - OBSZAR WIEJSKI
1,0,0,2014,Pochmurno,Zderzenie pojazdów boczne,Pochmurno,Światło dzienne,Jezdnia,EWK-98678937H,7,2014-12-06,Nieokreślone (puste pole),20*21'185,51*59'032,719,Obszar niezabudowany,Odcinek prosty,Droga wojewódzka,Jednojezdniowa dwukierunkowa,N,POWIAT ŻYRARDOWSKI,PUSZCZA MARIAŃSKA - OBSZAR WIEJSKI
1,0,1,2014,Pochmurno,Zderzenie pojazdów boczne,Pochmurno,Światło dzienne,Jezdnia,EWK-98682516E,14,2014-12-13,Lekko,22*01'058,52*23'410,,Obszar zabudowany,,Nieokreślone (puste pole),Jednojezdniowa dwukierunkowa,N,POWIAT WĘGROWSKI,WĘGRÓW - OBSZAR MIEJSKI
1,0,0,2014,Pochmurno,Zderzenie pojazdów boczne,Pochmurno,Światło dzienne,Jezdnia,EWK-98682516E,14,2014-12-13,Nieokreślone (puste pole),22*01'058,52*23'410,,Obszar zabudowany,,Nieokreślone (puste pole),Jednojezdniowa dwukierunkowa,N,POWIAT WĘGROWSKI,WĘGRÓW - OBSZAR MIEJSKI
1,0,1,2014,Pochmurno,Zderzenie pojazdów boczne,Pochmurno,Światło dzienne,Jezdnia,EWK-98684616K,13,2014-12-13,Lekko,22*14'561,52*24'267,62,Obszar zabudowany,Odcinek prosty; Spadek,Droga krajowa,Jednojezdniowa dwukierunkowa,N,POWIAT SOKOŁOWSKI,SOKOŁÓW PODLASKI - OBSZAR MIEJSKI
1,0,0,2014,Pochmurno,Zderzenie pojazdów boczne,Pochmurno,Światło dzienne,Jezdnia,EWK-98684616K,13,2014-12-13,Nieokreślone (puste pole),22*14'561,52*24'267,62,Obszar zabudowany,Odcinek prosty; Spadek,Droga krajowa,Jednojezdniowa dwukierunkowa,N,POWIAT SOKOŁOWSKI,SOKOŁÓW PODLASKI - OBSZAR MIEJSKI
1,0,1,2014,Pochmurno,Zderzenie pojazdów boczne,Pochmurno,Światło dzienne,Jezdnia,EWK-98686224H,8,2014-12-12,Ciężko,21*26'025,52*35'477,G440516W,Obszar zabudowany,Odcinek prosty,Droga gminna,Jednojezdniowa dwukierunkowa,N,POWIAT WYSZKOWSKI,WYSZKÓW - OBSZAR MIEJSKI
1,0,0,2014,Pochmurno,Zderzenie pojazdów boczne,Pochmurno,Światło dzienne,Jezdnia,EWK-98686224H,8,2014-12-12,Nieokreślone (puste pole),21*26'025,52*35'477,G440516W,Obszar zabudowany,Odcinek prosty,Droga gminna,Jednojezdniowa dwukierunkowa,N,POWIAT WYSZKOWSKI,WYSZKÓW - OBSZAR MIEJSKI
1,0,1,2014,Pochmurno,Zderzenie pojazdów boczne,Pochmurno,Światło dzienne,Jezdnia,EWK-98701515Q,11,2014-12-24,Lekko,20*56'263,51*49'132,GMINNA,Obszar zabudowany,Odcinek prosty,Droga gminna,Jednojezdniowa dwukierunkowa,N,POWIAT GRÓJECKI,JASIENIEC - OBSZAR WIEJSKI
1,0,0,2014,Pochmurno,Zderzenie pojazdów boczne,Pochmurno,Światło dzienne,Jezdnia,EWK-98701515Q,11,2014-12-24,Nieokreślone (puste pole),20*56'263,51*49'132,GMINNA,Obszar zabudowany,Odcinek prosty,Droga gminna,Jednojezdniowa dwukierunkowa,N,POWIAT GRÓJECKI,JASIENIEC - OBSZAR WIEJSKI
1,0,1,2014,Pochmurno,Zderzenie pojazdów boczne,Pochmurno,Światło dzienne,Jezdnia,EWK-98706610G,8,2014-12-30,Lekko,21*22'592,53*17'306,53,Obszar niezabudowany,,Droga krajowa,Jednojezdniowa dwukierunkowa,N,POWIAT OSTROŁĘCKI,KADZIDŁO - OBSZAR WIEJSKI
1,0,0,2014,Pochmurno,Zderzenie pojazdów boczne,Pochmurno,Światło dzienne,Jezdnia,EWK-98706610G,8,2014-12-30,Nieokreślone (puste pole),21*22'592,53*17'306,53,Obszar niezabudowany,,Droga krajowa,Jednojezdniowa dwukierunkowa,N,POWIAT OSTROŁĘCKI,KADZIDŁO - OBSZAR WIEJSKI
1,0,1,2014,Pochmurno,Zderzenie pojazdów boczne,Pochmurno,Światło dzienne,Jezdnia,EWK-98708479Y,15,2014-12-30,Lekko,21*25'124,52*35'131,62,Obszar niezabudowany,Odcinek prosty,Droga krajowa,Jednojezdniowa dwukierunkowa,T,POWIAT WYSZKOWSKI,WYSZKÓW - OBSZAR WIEJSKI
1,0,0,2014,Pochmurno,Zderzenie pojazdów boczne,Pochmurno,Światło dzienne,Jezdnia,EWK-98708479Y,15,2014-12-30,Nieokreślone (puste pole),21*25'124,52*35'131,62,Obszar niezabudowany,Odcinek prosty,Droga krajowa,Jednojezdniowa dwukierunkowa,T,POWIAT WYSZKOWSKI,WYSZKÓW - OBSZAR WIEJSKI
1,0,2,2014,Pochmurno,Zderzenie pojazdów boczne,Pochmurno,Światło dzienne,Jezdnia,EWK-98710089C,15,2014-12-31,Ciężko,21*10'039,51*20'548,34441W,Obszar zabudowany,,Droga powiatowa,Jednojezdniowa dwukierunkowa,N,POWIAT RADOMSKI,SKARYSZEW - OBSZAR WIEJSKI
1,0,0,2014,Pochmurno,Zderzenie pojazdów boczne,Pochmurno,Światło dzienne,Jezdnia,EWK-98710089C,15,2014-12-31,Nieokreślone (puste pole),21*10'039,51*20'548,34441W,Obszar zabudowany,,Droga powiatowa,Jednojezdniowa dwukierunkowa,N,POWIAT RADOMSKI,SKARYSZEW - OBSZAR WIEJSKI
1,1,0,2014,Pochmurno,Zderzenie pojazdów boczne,Pochmurno,Światło dzienne,Przejazd kolejowy strzeżony,EWK-98651640L,7,2014-11-19,Nieokreślone (puste pole),20*23'775,52*12'198,3848N,Obszar niezabudowany,Odcinek prosty,Droga powiatowa,Jednojezdniowa dwukierunkowa,N,POWIAT SOCHACZEWSKI,TERESIN - OBSZAR WIEJSKI
1,0,1,2014,Pochmurno,Zderzenie pojazdów boczne,Pochmurno,Światło dzienne,Przejście dla pieszych,EWK-98615769T,11,2014-10-20,Ciężko,21*25'415,52*36'079,618,Obszar zabudowany,Odcinek prosty,Droga wojewódzka,Jednojezdniowa dwukierunkowa,N,POWIAT WYSZKOWSKI,WYSZKÓW - OBSZAR MIEJSKI
1,0,0,2014,Pochmurno,Zderzenie pojazdów boczne,Pochmurno,Światło dzienne,Przejście dla pieszych,EWK-98615769T,11,2014-10-20,Nieokreślone (puste pole),21*25'415,52*36'079,618,Obszar zabudowany,Odcinek prosty,Droga wojewódzka,Jednojezdniowa dwukierunkowa,N,POWIAT WYSZKOWSKI,WYSZKÓW - OBSZAR MIEJSKI
1,1,0,2014,Pochmurno,Zderzenie pojazdów boczne,Pochmurno,Światło dzienne,"Wjazd, wyjazd z posesji, pola",EWK-98404384E,15,2014-09-10,Nieokreślone (puste pole),20*12'575,52*46'269,P3020W,Obszar niezabudowany,Odcinek prosty,Droga powiatowa,Jednojezdniowa dwukierunkowa,T,POWIAT PŁOŃSKI,RACIĄŻ - OBSZAR WIEJSKI
1,0,2,2014,Pochmurno,Zderzenie pojazdów boczne,Pochmurno,Światło dzienne,"Wjazd, wyjazd z posesji, pola",EWK-98428574E,18,2014-09-30,Lekko,19*50'371,52*35'124,567,Obszar niezabudowany,Odcinek prosty,Droga wojewódzka,Jednojezdniowa dwukierunkowa,N,POWIAT PŁOCKI,RADZANOWO - OBSZAR WIEJSKI
1,0,1,2014,Pochmurno,Zderzenie pojazdów czołowe,Pochmurno,Noc - droga nieoświetlona,Jezdnia,EWK-98094316X,18,2014-01-15,Ciężko,21*37'044,51*12'387,79,Obszar niezabudowany,Odcinek prosty,Droga krajowa,Jednojezdniowa dwukierunkowa,N,POWIAT LIPSKI,CIEPIELÓW - OBSZAR WIEJSKI
1,0,0,2014,Pochmurno,Zderzenie pojazdów czołowe,Pochmurno,Noc - droga nieoświetlona,Jezdnia,EWK-98094316X,18,2014-01-15,Nieokreślone (puste pole),21*37'044,51*12'387,79,Obszar niezabudowany,Odcinek prosty,Droga krajowa,Jednojezdniowa dwukierunkowa,N,POWIAT LIPSKI,CIEPIELÓW - OBSZAR WIEJSKI