Liczba wypadków,Liczba zabitych,Liczba rannych,Rok,Warunki atmosferyczne,Rodzaj zdarzenia,Warunki atmosferyczne,Oświetlenie,Charakterystyka miejsca zdarzenia,IDKSIP zdarzenia,Godzina,Dzień,Ranny,GPS x,GPS y,Numer drogi,Obszar,Geometria drogi,Kategoria drogi 1,Rodzaj drogi,Czy w zdarzeniu był sprawca nietrzeźwy,Powiat,Gmina
1,0,0,2014,Pochmurno,Zderzenie pojazdów czołowe,Pochmurno,Światło dzienne,Jezdnia,EWK-98688966Q,10,2014-12-16,Nieokreślone (puste pole),22*17'313,52*07'113,63,Obszar niezabudowany,Odcinek prosty,Droga krajowa,Jednojezdniowa dwukierunkowa,N,POWIAT SIEDLECKI,WIŚNIEW - OBSZAR WIEJSKI
1,0,1,2014,Pochmurno,Zderzenie pojazdów czołowe,Pochmurno,Światło dzienne,Jezdnia,EWK-98696541M,13,2014-12-19,Ciężko,21*11'020,51*25'468,P1715W,Obszar niezabudowany,"Zakręt, łuk",Droga powiatowa,Jednojezdniowa dwukierunkowa,N,POWIAT RADOM,RADOM - OBSZAR MIEJSKI
1,0,0,2014,Pochmurno,Zderzenie pojazdów czołowe,Pochmurno,Światło dzienne,Jezdnia,EWK-98696541M,13,2014-12-19,Nieokreślone (puste pole),21*11'020,51*25'468,P1715W,Obszar niezabudowany,"Zakręt, łuk",Droga powiatowa,Jednojezdniowa dwukierunkowa,N,POWIAT RADOM,RADOM - OBSZAR MIEJSKI
1,1,0,2014,Pochmurno,Zderzenie pojazdów czołowe,Pochmurno,Światło dzienne,Jezdnia,EWK-98697327P,13,2014-12-19,Nieokreślone (puste pole),21*05'174,52*38'586,61,Obszar niezabudowany,Odcinek prosty,Droga krajowa,Jednojezdniowa dwukierunkowa,N,POWIAT PUŁTUSKI,POKRZYWNICA - OBSZAR WIEJSKI
1,0,1,2014,Pochmurno,Zderzenie pojazdów czołowe,Pochmurno,Światło dzienne,Jezdnia,EWK-98704335M,10,2014-12-24,Lekko,21*11'515,51*23'486,P3528W,Obszar zabudowany,,Droga powiatowa,Jednojezdniowa dwukierunkowa,N,POWIAT RADOM,RADOM - OBSZAR MIEJSKI
1,0,0,2014,Pochmurno,Zderzenie pojazdów czołowe,Pochmurno,Światło dzienne,Jezdnia,EWK-98704335M,10,2014-12-24,Nieokreślone (puste pole),21*11'515,51*23'486,P3528W,Obszar zabudowany,,Droga powiatowa,Jednojezdniowa dwukierunkowa,N,POWIAT RADOM,RADOM - OBSZAR MIEJSKI
1,0,1,2014,Pochmurno,Zderzenie pojazdów tylne,Pochmurno,Noc - droga nieoświetlona,Jezdnia,EWK-98084841A,6,2014-01-08,Lekko,21*04'523,52*40'254,61,Obszar niezabudowany,Odcinek prosty,Droga krajowa,Jednojezdniowa dwukierunkowa,N,POWIAT PUŁTUSKI,PUŁTUSK - OBSZAR WIEJSKI
1,0,0,2014,Pochmurno,Zderzenie pojazdów tylne,Pochmurno,Noc - droga nieoświetlona,Jezdnia,EWK-98084841A,6,2014-01-08,Nieokreślone (puste pole),21*04'523,52*40'254,61,Obszar niezabudowany,Odcinek prosty,Droga krajowa,Jednojezdniowa dwukierunkowa,N,POWIAT PUŁTUSKI,PUŁTUSK - OBSZAR WIEJSKI
1,1,0,2014,Pochmurno,Zderzenie pojazdów tylne,Pochmurno,Noc - droga nieoświetlona,Jezdnia,EWK-98097596N,6,2014-01-18,Nieokreślone (puste pole),21*33'093,52*38'515,8,Obszar niezabudowany,Odcinek prosty,Droga krajowa,Jednojezdniowa dwukierunkowa,T,POWIAT WYSZKOWSKI,BRAŃSZCZYK - OBSZAR WIEJSKI
1,1,0,2014,Pochmurno,Zderzenie pojazdów tylne,Pochmurno,Noc - droga nieoświetlona,Jezdnia,EWK-98211708U,20,2014-04-23,Nieokreślone (puste pole),21*14'502,51*12'499,9,Obszar niezabudowany,Odcinek prosty,Droga krajowa,Jednojezdniowa dwukierunkowa,N,POWIAT RADOMSKI,IŁŻA - OBSZAR WIEJSKI
1,0,2,2014,Pochmurno,Zderzenie pojazdów tylne,Pochmurno,Noc - droga nieoświetlona,Jezdnia,EWK-98224941D,21,2014-05-07,Ciężko,20*20'476,52*41'442,7,Obszar niezabudowany,Odcinek prosty,Droga krajowa,Jednojezdniowa dwukierunkowa,N,POWIAT PŁOŃSKI,BABOSZEWO - OBSZAR WIEJSKI
1,1,0,2014,Pochmurno,Zderzenie pojazdów tylne,Pochmurno,Noc - droga nieoświetlona,Jezdnia,EWK-98224941D,21,2014-05-07,Nieokreślone (puste pole),20*20'476,52*41'442,7,Obszar niezabudowany,Odcinek prosty,Droga krajowa,Jednojezdniowa dwukierunkowa,N,POWIAT PŁOŃSKI,BABOSZEWO - OBSZAR WIEJSKI
1,0,1,2014,Pochmurno,Zderzenie pojazdów tylne,Pochmurno,Noc - droga nieoświetlona,Jezdnia,EWK-98633666K,17,2014-11-03,Ciężko,21*04'342,51*13'481,,Obszar niezabudowany,Odcinek prosty,Nieokreślone (puste pole),Jednojezdniowa dwukierunkowa,T,POWIAT RADOMSKI,WIERZBICA - OBSZAR WIEJSKI
1,0,0,2014,Pochmurno,Zderzenie pojazdów tylne,Pochmurno,Noc - droga nieoświetlona,Jezdnia,EWK-98633666K,17,2014-11-03,Nieokreślone (puste pole),21*04'342,51*13'481,,Obszar niezabudowany,Odcinek prosty,Nieokreślone (puste pole),Jednojezdniowa dwukierunkowa,T,POWIAT RADOMSKI,WIERZBICA - OBSZAR WIEJSKI
1,0,1,2014,Pochmurno,Zderzenie pojazdów tylne,Pochmurno,Noc - droga nieoświetlona,Jezdnia,EWK-98660640Y,20,2014-11-25,Lekko,21*22'427,52*30'002,8,Obszar niezabudowany,Odcinek prosty,Droga krajowa,Ekspresowa,N,POWIAT WYSZKOWSKI,ZABRODZIE - OBSZAR WIEJSKI
1,0,0,2014,Pochmurno,Zderzenie pojazdów tylne,Pochmurno,Noc - droga nieoświetlona,Jezdnia,EWK-98660640Y,20,2014-11-25,Nieokreślone (puste pole),21*22'427,52*30'002,8,Obszar niezabudowany,Odcinek prosty,Droga krajowa,Ekspresowa,N,POWIAT WYSZKOWSKI,ZABRODZIE - OBSZAR WIEJSKI
1,0,1,2014,Pochmurno,Zderzenie pojazdów tylne,Pochmurno,Noc - droga oświetlona,Jezdnia,EWK-98105290W,2,2014-01-22,Lekko,21*32'076,53*04'008,61,Obszar zabudowany,Odcinek prosty,Droga krajowa,Jednojezdniowa dwukierunkowa,N,POWIAT OSTROŁĘKA,OSTROŁĘKA - OBSZAR MIEJSKI
1,0,0,2014,Pochmurno,Zderzenie pojazdów tylne,Pochmurno,Noc - droga oświetlona,Jezdnia,EWK-98105290W,2,2014-01-22,Nieokreślone (puste pole),21*32'076,53*04'008,61,Obszar zabudowany,Odcinek prosty,Droga krajowa,Jednojezdniowa dwukierunkowa,N,POWIAT OSTROŁĘKA,OSTROŁĘKA - OBSZAR MIEJSKI
1,0,1,2014,Pochmurno,Zderzenie pojazdów tylne,Pochmurno,Noc - droga oświetlona,Jezdnia,EWK-98651684L,19,2014-11-19,Lekko,21*07'025,51*30'322,7,Obszar niezabudowany,,Droga krajowa,Dwie jezdnie jednokierunkowe,N,POWIAT RADOMSKI,JEDLIŃSK - OBSZAR WIEJSKI
1,0,0,2014,Pochmurno,Zderzenie pojazdów tylne,Pochmurno,Noc - droga oświetlona,Jezdnia,EWK-98651684L,19,2014-11-19,Nieokreślone (puste pole),21*07'025,51*30'322,7,Obszar niezabudowany,,Droga krajowa,Dwie jezdnie jednokierunkowe,N,POWIAT RADOMSKI,JEDLIŃSK - OBSZAR WIEJSKI
1,0,1,2014,Pochmurno,Zderzenie pojazdów tylne,Pochmurno,"Zmrok, świt",Jezdnia,EWK-98086541E,16,2014-01-09,Lekko,21*09'105,51*24'319,P5339W,Obszar zabudowany,,Droga powiatowa,Jednojezdniowa dwukierunkowa,T,POWIAT RADOM,RADOM - OBSZAR MIEJSKI
1,0,0,2014,Pochmurno,Zderzenie pojazdów tylne,Pochmurno,"Zmrok, świt",Jezdnia,EWK-98086541E,16,2014-01-09,Nieokreślone (puste pole),21*09'105,51*24'319,P5339W,Obszar zabudowany,,Droga powiatowa,Jednojezdniowa dwukierunkowa,T,POWIAT RADOM,RADOM - OBSZAR MIEJSKI
1,0,1,2014,Pochmurno,Zderzenie pojazdów tylne,Pochmurno,"Zmrok, świt",Jezdnia,EWK-98118033U,16,2014-01-04,Lekko,22*13'421,52*48'325,P,Obszar niezabudowany,Odcinek prosty,Droga powiatowa,Jednojezdniowa dwukierunkowa,N,POWIAT OSTROWSKI,ANDRZEJEWO - OBSZAR WIEJSKI
1,0,0,2014,Pochmurno,Zderzenie pojazdów tylne,Pochmurno,"Zmrok, świt",Jezdnia,EWK-98118033U,16,2014-01-04,Nieokreślone (puste pole),22*13'421,52*48'325,P,Obszar niezabudowany,Odcinek prosty,Droga powiatowa,Jednojezdniowa dwukierunkowa,N,POWIAT OSTROWSKI,ANDRZEJEWO - OBSZAR WIEJSKI
1,0,1,2014,Pochmurno,Zderzenie pojazdów tylne,Pochmurno,"Zmrok, świt",Jezdnia,EWK-98421622Y,6,2014-09-20,Ciężko,22*35'252,52*12'555,698,Obszar niezabudowany,Odcinek prosty,Droga wojewódzka,Jednojezdniowa dwukierunkowa,N,POWIAT SIEDLECKI,MORDY - OBSZAR WIEJSKI
1,0,0,2014,Pochmurno,Zderzenie pojazdów tylne,Pochmurno,"Zmrok, świt",Jezdnia,EWK-98421622Y,6,2014-09-20,Nieokreślone (puste pole),22*35'252,52*12'555,698,Obszar niezabudowany,Odcinek prosty,Droga wojewódzka,Jednojezdniowa dwukierunkowa,N,POWIAT SIEDLECKI,MORDY - OBSZAR WIEJSKI
1,0,1,2014,Pochmurno,Zderzenie pojazdów tylne,Pochmurno,"Zmrok, świt",Jezdnia,EWK-98646316E,16,2014-11-14,Lekko,21*33'368,53*05'135,4403W,Obszar zabudowany,Odcinek prosty,Droga powiatowa,Jednojezdniowa dwukierunkowa,N,POWIAT OSTROŁĘKA,OSTROŁĘKA - OBSZAR MIEJSKI
1,0,0,2014,Pochmurno,Zderzenie pojazdów tylne,Pochmurno,"Zmrok, świt",Jezdnia,EWK-98646316E,16,2014-11-14,Nieokreślone (puste pole),21*33'368,53*05'135,4403W,Obszar zabudowany,Odcinek prosty,Droga powiatowa,Jednojezdniowa dwukierunkowa,N,POWIAT OSTROŁĘKA,OSTROŁĘKA - OBSZAR MIEJSKI
1,0,1,2014,Pochmurno,Zderzenie pojazdów tylne,Pochmurno,Światło dzienne,Jezdnia,EWK-98084408Y,13,2014-01-02,Ciężko,21*11'382,51*46'466,731,Obszar niezabudowany,Odcinek prosty,Droga wojewódzka,Jednojezdniowa dwukierunkowa,N,POWIAT GRÓJECKI,WARKA - OBSZAR MIEJSKI
1,0,0,2014,Pochmurno,Zderzenie pojazdów tylne,Pochmurno,Światło dzienne,Jezdnia,EWK-98084408Y,13,2014-01-02,Nieokreślone (puste pole),21*11'382,51*46'466,731,Obszar niezabudowany,Odcinek prosty,Droga wojewódzka,Jednojezdniowa dwukierunkowa,N,POWIAT GRÓJECKI,WARKA - OBSZAR MIEJSKI
1,0,1,2014,Pochmurno,Zderzenie pojazdów tylne,Pochmurno,Światło dzienne,Jezdnia,EWK-98085193C,14,2014-01-03,Lekko,21*15'057,51*18'419,9,Obszar zabudowany,Odcinek prosty,Droga krajowa,Jednojezdniowa dwukierunkowa,N,POWIAT RADOM,RADOM - OBSZAR MIEJSKI
1,0,0,2014,Pochmurno,Zderzenie pojazdów tylne,Pochmurno,Światło dzienne,Jezdnia,EWK-98085193C,14,2014-01-03,Nieokreślone (puste pole),21*15'057,51*18'419,9,Obszar zabudowany,Odcinek prosty,Droga krajowa,Jednojezdniowa dwukierunkowa,N,POWIAT RADOM,RADOM - OBSZAR MIEJSKI
1,0,1,2014,Pochmurno,Zderzenie pojazdów tylne,Pochmurno,Światło dzienne,Jezdnia,EWK-98090233P,9,2014-01-11,Lekko,21*10'371,51*23'554,P3528W,Obszar zabudowany,,Droga powiatowa,Jednojezdniowa dwukierunkowa,N,POWIAT RADOM,RADOM - OBSZAR MIEJSKI
1,0,0,2014,Pochmurno,Zderzenie pojazdów tylne,Pochmurno,Światło dzienne,Jezdnia,EWK-98090233P,9,2014-01-11,Nieokreślone (puste pole),21*10'371,51*23'554,P3528W,Obszar zabudowany,,Droga powiatowa,Jednojezdniowa dwukierunkowa,N,POWIAT RADOM,RADOM - OBSZAR MIEJSKI
1,0,1,2014,Pochmurno,Zderzenie pojazdów tylne,Pochmurno,Światło dzienne,Jezdnia,EWK-98115109Y,10,2014-01-08,Lekko,20*24'516,52*02'131,719,Obszar niezabudowany,Odcinek prosty,Droga wojewódzka,Jednojezdniowa dwukierunkowa,N,POWIAT ŻYRARDOWSKI,WISKITKI - OBSZAR WIEJSKI
1,0,0,2014,Pochmurno,Zderzenie pojazdów tylne,Pochmurno,Światło dzienne,Jezdnia,EWK-98115109Y,10,2014-01-08,Nieokreślone (puste pole),20*24'516,52*02'131,719,Obszar niezabudowany,Odcinek prosty,Droga wojewódzka,Jednojezdniowa dwukierunkowa,N,POWIAT ŻYRARDOWSKI,WISKITKI - OBSZAR WIEJSKI
1,0,1,2014,Pochmurno,Zderzenie pojazdów tylne,Pochmurno,Światło dzienne,Jezdnia,EWK-98118786M,14,2014-01-22,Ciężko,21*28'160,51*44'459,801,Obszar zabudowany,Odcinek prosty,Droga wojewódzka,Jednojezdniowa dwukierunkowa,N,POWIAT GARWOLIŃSKI,MACIEJOWICE - OBSZAR WIEJSKI
1,0,0,2014,Pochmurno,Zderzenie pojazdów tylne,Pochmurno,Światło dzienne,Jezdnia,EWK-98118786M,14,2014-01-22,Nieokreślone (puste pole),21*28'160,51*44'459,801,Obszar zabudowany,Odcinek prosty,Droga wojewódzka,Jednojezdniowa dwukierunkowa,N,POWIAT GARWOLIŃSKI,MACIEJOWICE - OBSZAR WIEJSKI
1,0,1,2014,Pochmurno,Zderzenie pojazdów tylne,Pochmurno,Światło dzienne,Jezdnia,EWK-98121850R,13,2014-02-06,Lekko,21*07'007,51*24'109,7,Obszar zabudowany,,Droga krajowa,Dwie jezdnie jednokierunkowe,N,POWIAT RADOM,RADOM - OBSZAR MIEJSKI
1,0,0,2014,Pochmurno,Zderzenie pojazdów tylne,Pochmurno,Światło dzienne,Jezdnia,EWK-98121850R,13,2014-02-06,Nieokreślone (puste pole),21*07'007,51*24'109,7,Obszar zabudowany,,Droga krajowa,Dwie jezdnie jednokierunkowe,N,POWIAT RADOM,RADOM - OBSZAR MIEJSKI
1,0,1,2014,Pochmurno,Zderzenie pojazdów tylne,Pochmurno,Światło dzienne,Jezdnia,EWK-98130164M,16,2014-02-13,Lekko,21*09'206,51*23'143,12,Obszar zabudowany,,Droga krajowa,Dwie jezdnie jednokierunkowe,N,POWIAT RADOM,RADOM - OBSZAR MIEJSKI
1,0,0,2014,Pochmurno,Zderzenie pojazdów tylne,Pochmurno,Światło dzienne,Jezdnia,EWK-98130164M,16,2014-02-13,Nieokreślone (puste pole),21*09'206,51*23'143,12,Obszar zabudowany,,Droga krajowa,Dwie jezdnie jednokierunkowe,N,POWIAT RADOM,RADOM - OBSZAR MIEJSKI
1,0,1,2014,Pochmurno,Zderzenie pojazdów tylne,Pochmurno,Światło dzienne,Jezdnia,EWK-98185485C,16,2014-04-05,Lekko,20*45'279,51*21'470,12,Obszar niezabudowany,Odcinek prosty,Droga krajowa,Jednojezdniowa dwukierunkowa,N,POWIAT PRZYSUSKI,WIENIAWA - OBSZAR WIEJSKI
1,0,0,2014,Pochmurno,Zderzenie pojazdów tylne,Pochmurno,Światło dzienne,Jezdnia,EWK-98185485C,16,2014-04-05,Nieokreślone (puste pole),20*45'279,51*21'470,12,Obszar niezabudowany,Odcinek prosty,Droga krajowa,Jednojezdniowa dwukierunkowa,N,POWIAT PRZYSUSKI,WIENIAWA - OBSZAR WIEJSKI
1,0,1,2014,Pochmurno,Zderzenie pojazdów tylne,Pochmurno,Światło dzienne,Jezdnia,EWK-98191481Q,7,2014-04-09,Lekko,21*03'352,51*32'329,S7,Obszar niezabudowany,Odcinek prosty,Droga krajowa,Ekspresowa,N,POWIAT BIAŁOBRZESKI,STARA BŁOTNICA - OBSZAR WIEJSKI
1,0,0,2014,Pochmurno,Zderzenie pojazdów tylne,Pochmurno,Światło dzienne,Jezdnia,EWK-98191481Q,7,2014-04-09,Nieokreślone (puste pole),21*03'352,51*32'329,S7,Obszar niezabudowany,Odcinek prosty,Droga krajowa,Ekspresowa,N,POWIAT BIAŁOBRZESKI,STARA BŁOTNICA - OBSZAR WIEJSKI
1,0,3,2014,Pochmurno,Zderzenie pojazdów tylne,Pochmurno,Światło dzienne,Jezdnia,EWK-98197585M,13,2014-04-14,Lekko,21*07'492,51*23'018,744,Obszar zabudowany,,Droga wojewódzka,Jednojezdniowa dwukierunkowa,N,POWIAT RADOM,RADOM - OBSZAR MIEJSKI
1,0,0,2014,Pochmurno,Zderzenie pojazdów tylne,Pochmurno,Światło dzienne,Jezdnia,EWK-98197585M,13,2014-04-14,Nieokreślone (puste pole),21*07'492,51*23'018,744,Obszar zabudowany,,Droga wojewódzka,Jednojezdniowa dwukierunkowa,N,POWIAT RADOM,RADOM - OBSZAR MIEJSKI
1,0,1,2014,Pochmurno,Zderzenie pojazdów tylne,Pochmurno,Światło dzienne,Jezdnia,EWK-98229596X,9,2014-05-10,Lekko,21*19'212,51*23'041,12,Obszar zabudowany,Odcinek prosty,Droga krajowa,Jednojezdniowa dwukierunkowa,N,POWIAT RADOMSKI,GÓZD - OBSZAR WIEJSKI
1,0,0,2014,Pochmurno,Zderzenie pojazdów tylne,Pochmurno,Światło dzienne,Jezdnia,EWK-98229596X,9,2014-05-10,Nieokreślone (puste pole),21*19'212,51*23'041,12,Obszar zabudowany,Odcinek prosty,Droga krajowa,Jednojezdniowa dwukierunkowa,N,POWIAT RADOMSKI,GÓZD - OBSZAR WIEJSKI
1,1,0,2014,Pochmurno,Zderzenie pojazdów tylne,Pochmurno,Światło dzienne,Jezdnia,EWK-98229650K,8,2014-05-10,Nieokreślone (puste pole),19*56'463,52*22'511,P,Obszar zabudowany,Odcinek prosty,Droga powiatowa,Jednojezdniowa dwukierunkowa,N,POWIAT PŁOCKI,SŁUBICE - OBSZAR WIEJSKI
1,0,1,2014,Pochmurno,Zderzenie pojazdów tylne,Pochmurno,Światło dzienne,Jezdnia,EWK-98230570Y,17,2014-05-12,Lekko,21*09'041,51*25'398,9,Obszar zabudowany,Odcinek prosty,Droga krajowa,Dwie jezdnie jednokierunkowe,N,POWIAT RADOM,RADOM - OBSZAR MIEJSKI
1,0,0,2014,Pochmurno,Zderzenie pojazdów tylne,Pochmurno,Światło dzienne,Jezdnia,EWK-98230570Y,17,2014-05-12,Nieokreślone (puste pole),21*09'041,51*25'398,9,Obszar zabudowany,Odcinek prosty,Droga krajowa,Dwie jezdnie jednokierunkowe,N,POWIAT RADOM,RADOM - OBSZAR MIEJSKI
1,0,2,2014,Pochmurno,Zderzenie pojazdów tylne,Pochmurno,Światło dzienne,Jezdnia,EWK-98230586Q,15,2014-05-12,Lekko,21*10'130,51*24'049,P5329W,Obszar zabudowany,Odcinek prosty,Droga powiatowa,Jednojezdniowa dwukierunkowa,N,POWIAT RADOM,RADOM - OBSZAR MIEJSKI
1,0,0,2014,Pochmurno,Zderzenie pojazdów tylne,Pochmurno,Światło dzienne,Jezdnia,EWK-98230586Q,15,2014-05-12,Nieokreślone (puste pole),21*10'130,51*24'049,P5329W,Obszar zabudowany,Odcinek prosty,Droga powiatowa,Jednojezdniowa dwukierunkowa,N,POWIAT RADOM,RADOM - OBSZAR MIEJSKI
1,0,1,2014,Pochmurno,Zderzenie pojazdów tylne,Pochmurno,Światło dzienne,Jezdnia,EWK-98237357Q,14,2014-05-15,Lekko,21*27'045,52*36'436,GMINNA,Obszar zabudowany,Odcinek prosty,Droga gminna,Jednojezdniowa dwukierunkowa,N,POWIAT WYSZKOWSKI,WYSZKÓW - OBSZAR MIEJSKI
1,0,0,2014,Pochmurno,Zderzenie pojazdów tylne,Pochmurno,Światło dzienne,Jezdnia,EWK-98237357Q,14,2014-05-15,Nieokreślone (puste pole),21*27'045,52*36'436,GMINNA,Obszar zabudowany,Odcinek prosty,Droga gminna,Jednojezdniowa dwukierunkowa,N,POWIAT WYSZKOWSKI,WYSZKÓW - OBSZAR MIEJSKI
1,0,1,2014,Pochmurno,Zderzenie pojazdów tylne,Pochmurno,Światło dzienne,Jezdnia,EWK-98260543U,8,2014-06-02,Lekko,20*53'578,51*28'242,34361W,Obszar niezabudowany,Odcinek prosty,Droga powiatowa,Jednojezdniowa dwukierunkowa,N,POWIAT RADOMSKI,PRZYTYK - OBSZAR WIEJSKI
1,0,0,2014,Pochmurno,Zderzenie pojazdów tylne,Pochmurno,Światło dzienne,Jezdnia,EWK-98260543U,8,2014-06-02,Nieokreślone (puste pole),20*53'578,51*28'242,34361W,Obszar niezabudowany,Odcinek prosty,Droga powiatowa,Jednojezdniowa dwukierunkowa,N,POWIAT RADOMSKI,PRZYTYK - OBSZAR WIEJSKI
1,0,1,2014,Pochmurno,Zderzenie pojazdów tylne,Pochmurno,Światło dzienne,Jezdnia,EWK-98274527L,19,2014-06-14,Lekko,19*28'153,52*35'059,62,Obszar zabudowany,Odcinek prosty,Droga krajowa,Jednojezdniowa dwukierunkowa,N,POWIAT PŁOCKI,NOWY DUNINÓW - OBSZAR WIEJSKI
1,0,0,2014,Pochmurno,Zderzenie pojazdów tylne,Pochmurno,Światło dzienne,Jezdnia,EWK-98274527L,19,2014-06-14,Nieokreślone (puste pole),19*28'153,52*35'059,62,Obszar zabudowany,Odcinek prosty,Droga krajowa,Jednojezdniowa dwukierunkowa,N,POWIAT PŁOCKI,NOWY DUNINÓW - OBSZAR WIEJSKI
1,0,1,2014,Pochmurno,Zderzenie pojazdów tylne,Pochmurno,Światło dzienne,Jezdnia,EWK-98284251H,17,2014-06-22,Ciężko,20*52'538,51*49'207,S7,Obszar niezabudowany,Odcinek prosty,Droga krajowa,Ekspresowa,N,POWIAT GRÓJECKI,GRÓJEC - OBSZAR WIEJSKI
1,0,0,2014,Pochmurno,Zderzenie pojazdów tylne,Pochmurno,Światło dzienne,Jezdnia,EWK-98284251H,17,2014-06-22,Nieokreślone (puste pole),20*52'538,51*49'207,S7,Obszar niezabudowany,Odcinek prosty,Droga krajowa,Ekspresowa,N,POWIAT GRÓJECKI,GRÓJEC - OBSZAR WIEJSKI
1,0,1,2014,Pochmurno,Zderzenie pojazdów tylne,Pochmurno,Światło dzienne,Jezdnia,EWK-98285760Y,13,2014-06-24,Ciężko,20*11'492,52*13'294,50,Obszar niezabudowany,Odcinek prosty,Droga krajowa,Jednojezdniowa dwukierunkowa,N,POWIAT SOCHACZEWSKI,SOCHACZEW - OBSZAR WIEJSKI
1,1,0,2014,Pochmurno,Zderzenie pojazdów tylne,Pochmurno,Światło dzienne,Jezdnia,EWK-98285760Y,13,2014-06-24,Nieokreślone (puste pole),20*11'492,52*13'294,50,Obszar niezabudowany,Odcinek prosty,Droga krajowa,Jednojezdniowa dwukierunkowa,N,POWIAT SOCHACZEWSKI,SOCHACZEW - OBSZAR WIEJSKI
1,0,1,2014,Pochmurno,Zderzenie pojazdów tylne,Pochmurno,Światło dzienne,Jezdnia,EWK-98335182Y,15,2014-07-25,Ciężko,19*39'079,52*36'208,GMINNA,Obszar zabudowany,,Droga gminna,Jednojezdniowa dwukierunkowa,N,POWIAT PŁOCKI,STARA BIAŁA - OBSZAR WIEJSKI
1,0,0,2014,Pochmurno,Zderzenie pojazdów tylne,Pochmurno,Światło dzienne,Jezdnia,EWK-98335182Y,15,2014-07-25,Nieokreślone (puste pole),19*39'079,52*36'208,GMINNA,Obszar zabudowany,,Droga gminna,Jednojezdniowa dwukierunkowa,N,POWIAT PŁOCKI,STARA BIAŁA - OBSZAR WIEJSKI
1,0,1,2014,Pochmurno,Zderzenie pojazdów tylne,Pochmurno,Światło dzienne,Jezdnia,EWK-98343300U,9,2014-07-01,Lekko,21*51'089,51*48'133,807,Obszar zabudowany,Odcinek prosty,Droga wojewódzka,Jednojezdniowa dwukierunkowa,N,POWIAT GARWOLIŃSKI,ŻELECHÓW - OBSZAR WIEJSKI
1,0,0,2014,Pochmurno,Zderzenie pojazdów tylne,Pochmurno,Światło dzienne,Jezdnia,EWK-98343300U,9,2014-07-01,Nieokreślone (puste pole),21*51'089,51*48'133,807,Obszar zabudowany,Odcinek prosty,Droga wojewódzka,Jednojezdniowa dwukierunkowa,N,POWIAT GARWOLIŃSKI,ŻELECHÓW - OBSZAR WIEJSKI
1,0,1,2014,Pochmurno,Zderzenie pojazdów tylne,Pochmurno,Światło dzienne,Jezdnia,EWK-98349355C,10,2014-08-06,Ciężko,21*14'363,51*25'554,737,Obszar zabudowany,"Zakręt, łuk",Droga wojewódzka,Jednojezdniowa dwukierunkowa,N,POWIAT RADOMSKI,JEDLNIA-LETNISKO - OBSZAR WIEJSKI
1,0,2,2014,Pochmurno,Zderzenie pojazdów tylne,Pochmurno,Światło dzienne,Jezdnia,EWK-98349355C,10,2014-08-06,Lekko,21*14'363,51*25'554,737,Obszar zabudowany,"Zakręt, łuk",Droga wojewódzka,Jednojezdniowa dwukierunkowa,N,POWIAT RADOMSKI,JEDLNIA-LETNISKO - OBSZAR WIEJSKI
1,0,0,2014,Pochmurno,Zderzenie pojazdów tylne,Pochmurno,Światło dzienne,Jezdnia,EWK-98349355C,10,2014-08-06,Nieokreślone (puste pole),21*14'363,51*25'554,737,Obszar zabudowany,"Zakręt, łuk",Droga wojewódzka,Jednojezdniowa dwukierunkowa,N,POWIAT RADOMSKI,JEDLNIA-LETNISKO - OBSZAR WIEJSKI
1,0,1,2014,Pochmurno,Zderzenie pojazdów tylne,Pochmurno,Światło dzienne,Jezdnia,EWK-98391957H,7,2014-08-30,Ciężko,21*24'248,51*36'030,48,Obszar niezabudowany,Odcinek prosty,Droga krajowa,Jednojezdniowa dwukierunkowa,N,POWIAT KOZIENICKI,GŁOWACZÓW - OBSZAR WIEJSKI
1,0,0,2014,Pochmurno,Zderzenie pojazdów tylne,Pochmurno,Światło dzienne,Jezdnia,EWK-98391957H,7,2014-08-30,Nieokreślone (puste pole),21*24'248,51*36'030,48,Obszar niezabudowany,Odcinek prosty,Droga krajowa,Jednojezdniowa dwukierunkowa,N,POWIAT KOZIENICKI,GŁOWACZÓW - OBSZAR WIEJSKI
1,0,1,2014,Pochmurno,Zderzenie pojazdów tylne,Pochmurno,Światło dzienne,Jezdnia,EWK-98451315W,13,2014-10-05,Lekko,21*34'530,52*55'289,4403W,Obszar zabudowany,Odcinek prosty,Droga powiatowa,Jednojezdniowa dwukierunkowa,N,POWIAT OSTROŁĘCKI,GOWOROWO - OBSZAR WIEJSKI
1,0,0,2014,Pochmurno,Zderzenie pojazdów tylne,Pochmurno,Światło dzienne,Jezdnia,EWK-98451315W,13,2014-10-05,Nieokreślone (puste pole),21*34'530,52*55'289,4403W,Obszar zabudowany,Odcinek prosty,Droga powiatowa,Jednojezdniowa dwukierunkowa,N,POWIAT OSTROŁĘCKI,GOWOROWO - OBSZAR WIEJSKI
1,0,1,2014,Pochmurno,Zderzenie pojazdów tylne,Pochmurno,Światło dzienne,Jezdnia,EWK-98571237K,8,2014-10-20,Lekko,21*09'531,51*23'157,P5331W,Obszar zabudowany,Odcinek prosty,Droga powiatowa,Jednojezdniowa dwukierunkowa,N,POWIAT RADOM,RADOM - OBSZAR MIEJSKI
1,0,0,2014,Pochmurno,Zderzenie pojazdów tylne,Pochmurno,Światło dzienne,Jezdnia,EWK-98571237K,8,2014-10-20,Nieokreślone (puste pole),21*09'531,51*23'157,P5331W,Obszar zabudowany,Odcinek prosty,Droga powiatowa,Jednojezdniowa dwukierunkowa,N,POWIAT RADOM,RADOM - OBSZAR MIEJSKI
1,0,1,2014,Pochmurno,Zderzenie pojazdów tylne,Pochmurno,Światło dzienne,Jezdnia,EWK-98612416E,7,2014-10-21,Lekko,19*42'364,52*30'256,60,Obszar niezabudowany,Odcinek prosty,Droga krajowa,Dwie jezdnie jednokierunkowe,N,POWIAT PŁOCK,PŁOCK - OBSZAR MIEJSKI