Liczba wypadków,Liczba zabitych,Liczba rannych,Rok,Warunki atmosferyczne,Rodzaj zdarzenia,Warunki atmosferyczne,Oświetlenie,Charakterystyka miejsca zdarzenia,IDKSIP zdarzenia,Godzina,Dzień,Ranny,GPS x,GPS y,Numer drogi,Obszar,Geometria drogi,Kategoria drogi 1,Rodzaj drogi,Czy w zdarzeniu był sprawca nietrzeźwy,Powiat,Gmina
1,0,0,2014,Pochmurno,Zderzenie pojazdów tylne,Pochmurno,Światło dzienne,Jezdnia,EWK-98612416E,7,2014-10-21,Nieokreślone (puste pole),19*42'364,52*30'256,60,Obszar niezabudowany,Odcinek prosty,Droga krajowa,Dwie jezdnie jednokierunkowe,N,POWIAT PŁOCK,PŁOCK - OBSZAR MIEJSKI
1,0,1,2014,Pochmurno,Zderzenie pojazdów tylne,Pochmurno,Światło dzienne,Jezdnia,EWK-98613895N,14,2014-10-22,Lekko,19*43'186,52*32'341,60,Obszar zabudowany,Odcinek prosty,Droga krajowa,Dwie jezdnie jednokierunkowe,N,POWIAT PŁOCK,PŁOCK - OBSZAR MIEJSKI
1,0,0,2014,Pochmurno,Zderzenie pojazdów tylne,Pochmurno,Światło dzienne,Jezdnia,EWK-98613895N,14,2014-10-22,Nieokreślone (puste pole),19*43'186,52*32'341,60,Obszar zabudowany,Odcinek prosty,Droga krajowa,Dwie jezdnie jednokierunkowe,N,POWIAT PŁOCK,PŁOCK - OBSZAR MIEJSKI
1,0,1,2014,Pochmurno,Zderzenie pojazdów tylne,Pochmurno,Światło dzienne,Jezdnia,EWK-98616657J,9,2014-10-23,Lekko,19*41'244,52*32'566,GMINNA,Obszar zabudowany,Odcinek prosty,Droga gminna,Jednojezdniowa dwukierunkowa,N,POWIAT PŁOCK,PŁOCK - OBSZAR MIEJSKI
1,0,0,2014,Pochmurno,Zderzenie pojazdów tylne,Pochmurno,Światło dzienne,Jezdnia,EWK-98616657J,9,2014-10-23,Nieokreślone (puste pole),19*41'244,52*32'566,GMINNA,Obszar zabudowany,Odcinek prosty,Droga gminna,Jednojezdniowa dwukierunkowa,N,POWIAT PŁOCK,PŁOCK - OBSZAR MIEJSKI
1,0,1,2014,Pochmurno,Zderzenie pojazdów tylne,Pochmurno,Światło dzienne,Jezdnia,EWK-98641642W,11,2014-11-11,Lekko,19*42'240,52*32'466,P,Obszar zabudowany,,Droga powiatowa,Dwie jezdnie jednokierunkowe,N,POWIAT PŁOCK,PŁOCK - OBSZAR MIEJSKI
1,0,0,2014,Pochmurno,Zderzenie pojazdów tylne,Pochmurno,Światło dzienne,Jezdnia,EWK-98641642W,11,2014-11-11,Nieokreślone (puste pole),19*42'240,52*32'466,P,Obszar zabudowany,,Droga powiatowa,Dwie jezdnie jednokierunkowe,N,POWIAT PŁOCK,PŁOCK - OBSZAR MIEJSKI
1,0,1,2014,Pochmurno,Zderzenie pojazdów tylne,Pochmurno,Światło dzienne,Jezdnia,EWK-98661401M,6,2014-11-27,Lekko,21*08'576,51*25'458,7,Obszar zabudowany,Odcinek prosty,Droga krajowa,Dwie jezdnie jednokierunkowe,N,POWIAT RADOM,RADOM - OBSZAR MIEJSKI
1,0,0,2014,Pochmurno,Zderzenie pojazdów tylne,Pochmurno,Światło dzienne,Jezdnia,EWK-98661401M,6,2014-11-27,Nieokreślone (puste pole),21*08'576,51*25'458,7,Obszar zabudowany,Odcinek prosty,Droga krajowa,Dwie jezdnie jednokierunkowe,N,POWIAT RADOM,RADOM - OBSZAR MIEJSKI
1,0,1,2014,Pochmurno,Zderzenie pojazdów tylne,Pochmurno,Światło dzienne,Jezdnia,EWK-98668272M,13,2014-11-27,Lekko,21*40'389,51*50'108,17,Obszar niezabudowany,Odcinek prosty,Droga krajowa,Jednojezdniowa dwukierunkowa,N,POWIAT GARWOLIŃSKI,GÓRZNO - OBSZAR WIEJSKI
1,0,0,2014,Pochmurno,Zderzenie pojazdów tylne,Pochmurno,Światło dzienne,Jezdnia,EWK-98668272M,13,2014-11-27,Nieokreślone (puste pole),21*40'389,51*50'108,17,Obszar niezabudowany,Odcinek prosty,Droga krajowa,Jednojezdniowa dwukierunkowa,N,POWIAT GARWOLIŃSKI,GÓRZNO - OBSZAR WIEJSKI
1,0,2,2014,Pochmurno,Zderzenie pojazdów tylne,Pochmurno,Światło dzienne,Jezdnia,EWK-98688449F,7,2014-12-17,Lekko,21*10'105,51*25'038,G530115W,Obszar zabudowany,Odcinek prosty,Droga gminna,Jednojezdniowa dwukierunkowa,N,POWIAT RADOM,RADOM - OBSZAR MIEJSKI
1,0,1,2014,Pochmurno,Zderzenie pojazdów tylne,Pochmurno,Światło dzienne,Przystanek komunikacji publicznej,EWK-98380623T,11,2014-08-19,Ciężko,21*11'591,51*07'086,P3553W,Obszar zabudowany,Odcinek prosty,Droga powiatowa,Jednojezdniowa dwukierunkowa,N,POWIAT RADOMSKI,IŁŻA - OBSZAR WIEJSKI
1,0,0,2014,Pochmurno,Zderzenie pojazdów tylne,Pochmurno,Światło dzienne,Przystanek komunikacji publicznej,EWK-98380623T,11,2014-08-19,Nieokreślone (puste pole),21*11'591,51*07'086,P3553W,Obszar zabudowany,Odcinek prosty,Droga powiatowa,Jednojezdniowa dwukierunkowa,N,POWIAT RADOMSKI,IŁŻA - OBSZAR WIEJSKI
1,0,2,2014,Pochmurno,Zderzenie pojazdów tylne,Pochmurno,Światło dzienne,"Wjazd, wyjazd z posesji, pola",EWK-98695983E,8,2014-12-20,Ciężko,19*48'276,52*34'210,567,Obszar zabudowany,Odcinek prosty,Droga wojewódzka,Jednojezdniowa dwukierunkowa,N,POWIAT PŁOCKI,RADZANOWO - OBSZAR WIEJSKI
1,0,0,2014,Pochmurno,Zderzenie pojazdów tylne,Pochmurno,Światło dzienne,"Wjazd, wyjazd z posesji, pola",EWK-98695983E,8,2014-12-20,Nieokreślone (puste pole),19*48'276,52*34'210,567,Obszar zabudowany,Odcinek prosty,Droga wojewódzka,Jednojezdniowa dwukierunkowa,N,POWIAT PŁOCKI,RADZANOWO - OBSZAR WIEJSKI
1,0,1,2014,"Pochmurno; Mgła, dym",Najechanie na drzewo,"Pochmurno; Mgła, dym",Noc - droga nieoświetlona,"Skarpa, rów",EWK-98264868G,0,2014-06-05,Ciężko,21*20'191,53*19'399,G250808W,Obszar niezabudowany,"Zakręt, łuk",Droga gminna,Jednojezdniowa dwukierunkowa,T,POWIAT OSTROŁĘCKI,MYSZYNIEC - OBSZAR WIEJSKI
1,0,1,2014,"Pochmurno; Mgła, dym",Najechanie na drzewo,"Pochmurno; Mgła, dym","Zmrok, świt",Jezdnia,EWK-98140724G,6,2014-02-21,Ciężko,21*18'343,52*35'212,G440403W,Obszar zabudowany,Odcinek prosty,Droga gminna,Jednojezdniowa dwukierunkowa,N,POWIAT WYSZKOWSKI,SOMIANKA - OBSZAR WIEJSKI
1,0,2,2014,"Pochmurno; Mgła, dym",Najechanie na drzewo,"Pochmurno; Mgła, dym",Światło dzienne,Jezdnia,EWK-98144778P,7,2014-02-24,Lekko,21*30'573,53*17'142,2519W,Obszar niezabudowany,"Zakręt, łuk",Droga powiatowa,Jednojezdniowa dwukierunkowa,N,POWIAT OSTROŁĘCKI,ŁYSE - OBSZAR WIEJSKI
1,1,0,2014,"Pochmurno; Mgła, dym",Najechanie na pieszego,"Pochmurno; Mgła, dym",Noc - droga nieoświetlona,Jezdnia,EWK-98628680X,23,2014-10-31,Nieokreślone (puste pole),21*48'017,51*28'442,738,Obszar niezabudowany,Odcinek prosty,Droga wojewódzka,Jednojezdniowa dwukierunkowa,T,POWIAT KOZIENICKI,GNIEWOSZÓW - OBSZAR WIEJSKI
1,0,1,2014,"Pochmurno; Mgła, dym",Wywrócenie się pojazdu,"Pochmurno; Mgła, dym",Noc - droga oświetlona,Pas dzielący jezdnie,EWK-98656237X,0,2014-11-23,Ciężko,20*46'400,51*30'099,740,Obszar zabudowany,Odcinek prosty,Droga wojewódzka,Jednojezdniowa dwukierunkowa,N,POWIAT PRZYSUSKI,POTWORÓW - OBSZAR WIEJSKI
1,0,2,2014,"Pochmurno; Mgła, dym",Wywrócenie się pojazdu,"Pochmurno; Mgła, dym",Noc - droga oświetlona,Pas dzielący jezdnie,EWK-98656237X,0,2014-11-23,Lekko,20*46'400,51*30'099,740,Obszar zabudowany,Odcinek prosty,Droga wojewódzka,Jednojezdniowa dwukierunkowa,N,POWIAT PRZYSUSKI,POTWORÓW - OBSZAR WIEJSKI
1,0,1,2014,"Pochmurno; Mgła, dym",Zderzenie pojazdów boczne,"Pochmurno; Mgła, dym",Noc - droga nieoświetlona,Jezdnia,EWK-98130527E,22,2014-02-12,Lekko,20*20'291,53*02'341,7,Obszar niezabudowany,,Droga krajowa,Jednojezdniowa dwukierunkowa,N,POWIAT MŁAWSKI,WIŚNIEWO - OBSZAR WIEJSKI
1,0,0,2014,"Pochmurno; Mgła, dym",Zderzenie pojazdów boczne,"Pochmurno; Mgła, dym",Noc - droga nieoświetlona,Jezdnia,EWK-98130527E,22,2014-02-12,Nieokreślone (puste pole),20*20'291,53*02'341,7,Obszar niezabudowany,,Droga krajowa,Jednojezdniowa dwukierunkowa,N,POWIAT MŁAWSKI,WIŚNIEWO - OBSZAR WIEJSKI
1,0,1,2014,"Pochmurno; Mgła, dym",Zderzenie pojazdów boczne,"Pochmurno; Mgła, dym",Światło dzienne,Jezdnia,EWK-98145618R,7,2014-02-24,Ciężko,21*05'293,51*45'541,GMINNA,Obszar zabudowany,"Zakręt, łuk",Droga gminna,Jednojezdniowa dwukierunkowa,N,POWIAT GRÓJECKI,WARKA - OBSZAR WIEJSKI
1,0,2,2014,"Pochmurno; Mgła, dym",Zderzenie pojazdów boczne,"Pochmurno; Mgła, dym",Światło dzienne,Jezdnia,EWK-98145618R,7,2014-02-24,Lekko,21*05'293,51*45'541,GMINNA,Obszar zabudowany,"Zakręt, łuk",Droga gminna,Jednojezdniowa dwukierunkowa,N,POWIAT GRÓJECKI,WARKA - OBSZAR WIEJSKI
1,0,0,2014,"Pochmurno; Mgła, dym",Zderzenie pojazdów boczne,"Pochmurno; Mgła, dym",Światło dzienne,Jezdnia,EWK-98145618R,7,2014-02-24,Nieokreślone (puste pole),21*05'293,51*45'541,GMINNA,Obszar zabudowany,"Zakręt, łuk",Droga gminna,Jednojezdniowa dwukierunkowa,N,POWIAT GRÓJECKI,WARKA - OBSZAR WIEJSKI
1,0,1,2014,"Pochmurno; Mgła, dym",Zderzenie pojazdów boczne,"Pochmurno; Mgła, dym",Światło dzienne,Jezdnia,EWK-98666058M,10,2014-11-25,Lekko,21*22'281,53*11'090,2536W,Obszar zabudowany,,Droga powiatowa,Jednojezdniowa dwukierunkowa,N,POWIAT OSTROŁĘCKI,BARANOWO - OBSZAR WIEJSKI
1,0,0,2014,"Pochmurno; Mgła, dym",Zderzenie pojazdów boczne,"Pochmurno; Mgła, dym",Światło dzienne,Jezdnia,EWK-98666058M,10,2014-11-25,Nieokreślone (puste pole),21*22'281,53*11'090,2536W,Obszar zabudowany,,Droga powiatowa,Jednojezdniowa dwukierunkowa,N,POWIAT OSTROŁĘCKI,BARANOWO - OBSZAR WIEJSKI
1,0,1,2014,"Pochmurno; Mgła, dym",Zderzenie pojazdów czołowe,"Pochmurno; Mgła, dym",Światło dzienne,Jezdnia,EWK-98672386C,8,2014-12-07,Lekko,19*35'218,52*56'180,560,Obszar niezabudowany,Odcinek prosty,Droga wojewódzka,Jednojezdniowa dwukierunkowa,N,POWIAT SIERPECKI,SZCZUTOWO - OBSZAR WIEJSKI
1,0,0,2014,"Pochmurno; Mgła, dym",Zderzenie pojazdów czołowe,"Pochmurno; Mgła, dym",Światło dzienne,Jezdnia,EWK-98672386C,8,2014-12-07,Nieokreślone (puste pole),19*35'218,52*56'180,560,Obszar niezabudowany,Odcinek prosty,Droga wojewódzka,Jednojezdniowa dwukierunkowa,N,POWIAT SIERPECKI,SZCZUTOWO - OBSZAR WIEJSKI
1,0,1,2014,"Pochmurno; Mgła, dym",Zderzenie pojazdów czołowe,"Pochmurno; Mgła, dym",Światło dzienne,Jezdnia,EWK-98690126K,8,2014-12-15,Ciężko,20*21'165,52*35'438,50,Obszar niezabudowany,Odcinek prosty,Droga krajowa,Jednojezdniowa dwukierunkowa,N,POWIAT PŁOŃSKI,PŁOŃSK - OBSZAR WIEJSKI
1,0,0,2014,"Pochmurno; Mgła, dym",Zderzenie pojazdów czołowe,"Pochmurno; Mgła, dym",Światło dzienne,Jezdnia,EWK-98690126K,8,2014-12-15,Nieokreślone (puste pole),20*21'165,52*35'438,50,Obszar niezabudowany,Odcinek prosty,Droga krajowa,Jednojezdniowa dwukierunkowa,N,POWIAT PŁOŃSKI,PŁOŃSK - OBSZAR WIEJSKI
1,0,1,2014,Pochmurno; Opady deszczu,Inne,Pochmurno; Opady deszczu,Noc - droga oświetlona,Jezdnia,EWK-98709897W,19,2014-12-23,Lekko,21*35'250,53*20'443,645,Obszar niezabudowany,"Zakręt, łuk",Droga wojewódzka,Jednojezdniowa dwukierunkowa,N,POWIAT OSTROŁĘCKI,ŁYSE - OBSZAR WIEJSKI
1,0,1,2014,Pochmurno; Opady deszczu,Inne,Pochmurno; Opady deszczu,Światło dzienne,"Skarpa, rów",EWK-98693417E,11,2014-12-19,Ciężko,19*59'113,52*30'134,P2952W,Obszar niezabudowany,"Zakręt, łuk",Droga powiatowa,Jednojezdniowa dwukierunkowa,N,POWIAT PŁOCKI,BODZANÓW - OBSZAR WIEJSKI
1,0,0,2014,Pochmurno; Opady deszczu,Inne,Pochmurno; Opady deszczu,Światło dzienne,"Skarpa, rów",EWK-98693417E,11,2014-12-19,Nieokreślone (puste pole),19*59'113,52*30'134,P2952W,Obszar niezabudowany,"Zakręt, łuk",Droga powiatowa,Jednojezdniowa dwukierunkowa,N,POWIAT PŁOCKI,BODZANÓW - OBSZAR WIEJSKI
1,0,1,2014,Pochmurno; Opady deszczu,Najechanie na barierę ochronną,Pochmurno; Opady deszczu,Noc - droga oświetlona,Jezdnia,EWK-98299821C,0,2014-06-30,Lekko,19*39'536,52*33'375,559,Obszar zabudowany,"Zakręt, łuk",Droga wojewódzka,Jednojezdniowa dwukierunkowa,N,POWIAT PŁOCK,PŁOCK - OBSZAR MIEJSKI
1,0,0,2014,Pochmurno; Opady deszczu,Najechanie na barierę ochronną,Pochmurno; Opady deszczu,Noc - droga oświetlona,Jezdnia,EWK-98299821C,0,2014-06-30,Nieokreślone (puste pole),19*39'536,52*33'375,559,Obszar zabudowany,"Zakręt, łuk",Droga wojewódzka,Jednojezdniowa dwukierunkowa,N,POWIAT PŁOCK,PŁOCK - OBSZAR MIEJSKI
1,0,1,2014,Pochmurno; Opady deszczu,Najechanie na drzewo,Pochmurno; Opady deszczu,Noc - droga nieoświetlona,"Skarpa, rów",EWK-98382205G,3,2014-08-24,Ciężko,21*13'050,52*57'570,626,Obszar zabudowany,"Zakręt, łuk",Droga wojewódzka,Jednojezdniowa dwukierunkowa,N,POWIAT MAKOWSKI,SYPNIEWO - OBSZAR WIEJSKI
1,0,3,2014,Pochmurno; Opady deszczu,Najechanie na drzewo,Pochmurno; Opady deszczu,Noc - droga nieoświetlona,"Skarpa, rów",EWK-98382205G,3,2014-08-24,Lekko,21*13'050,52*57'570,626,Obszar zabudowany,"Zakręt, łuk",Droga wojewódzka,Jednojezdniowa dwukierunkowa,N,POWIAT MAKOWSKI,SYPNIEWO - OBSZAR WIEJSKI
1,0,2,2014,Pochmurno; Opady deszczu,Najechanie na drzewo,Pochmurno; Opady deszczu,Noc - droga oświetlona,Jezdnia,EWK-98646306P,5,2014-11-15,Lekko,21*34'086,53*21'376,645,Obszar zabudowany,Odcinek prosty,Droga wojewódzka,Jednojezdniowa dwukierunkowa,N,POWIAT OSTROŁĘCKI,ŁYSE - OBSZAR WIEJSKI
1,0,0,2014,Pochmurno; Opady deszczu,Najechanie na drzewo,Pochmurno; Opady deszczu,Noc - droga oświetlona,Jezdnia,EWK-98646306P,5,2014-11-15,Nieokreślone (puste pole),21*34'086,53*21'376,645,Obszar zabudowany,Odcinek prosty,Droga wojewódzka,Jednojezdniowa dwukierunkowa,N,POWIAT OSTROŁĘCKI,ŁYSE - OBSZAR WIEJSKI
1,0,1,2014,Pochmurno; Opady deszczu,Najechanie na drzewo,Pochmurno; Opady deszczu,"Zmrok, świt","Skarpa, rów",EWK-98252505L,5,2014-05-28,Ciężko,20*00'475,52*24'465,P2963W,Obszar niezabudowany,Odcinek prosty,Droga powiatowa,Jednojezdniowa dwukierunkowa,N,POWIAT PŁOCKI,MAŁA WIEŚ - OBSZAR WIEJSKI
1,0,1,2014,Pochmurno; Opady deszczu,Najechanie na drzewo,Pochmurno; Opady deszczu,Światło dzienne,Jezdnia,EWK-98088948L,12,2014-01-12,Ciężko,20*10'419,52*17'046,GMINNA,Obszar niezabudowany,Odcinek prosty,Droga gminna,Jednojezdniowa dwukierunkowa,T,POWIAT SOCHACZEWSKI,MŁODZIESZYN - OBSZAR WIEJSKI
1,0,0,2014,Pochmurno; Opady deszczu,Najechanie na drzewo,Pochmurno; Opady deszczu,Światło dzienne,Jezdnia,EWK-98088948L,12,2014-01-12,Nieokreślone (puste pole),20*10'419,52*17'046,GMINNA,Obszar niezabudowany,Odcinek prosty,Droga gminna,Jednojezdniowa dwukierunkowa,T,POWIAT SOCHACZEWSKI,MŁODZIESZYN - OBSZAR WIEJSKI
1,1,0,2014,Pochmurno; Opady deszczu,Najechanie na drzewo,Pochmurno; Opady deszczu,Światło dzienne,Jezdnia,EWK-98283823Y,6,2014-06-23,Nieokreślone (puste pole),20*18'387,53*04'403,P4640W,Obszar niezabudowany,"Zakręt, łuk",Droga powiatowa,Jednojezdniowa dwukierunkowa,N,POWIAT MŁAWSKI,WIŚNIEWO - OBSZAR WIEJSKI
1,0,1,2014,Pochmurno; Opady deszczu,Najechanie na drzewo,Pochmurno; Opady deszczu,Światło dzienne,Pobocze,EWK-98321268Y,10,2014-07-12,Ciężko,19*43'573,52*22'103,P6907W,Obszar niezabudowany,Odcinek prosty,Droga powiatowa,Jednojezdniowa dwukierunkowa,N,POWIAT PŁOCKI,GĄBIN - OBSZAR WIEJSKI
1,0,0,2014,Pochmurno; Opady deszczu,Najechanie na drzewo,Pochmurno; Opady deszczu,Światło dzienne,Pobocze,EWK-98321268Y,10,2014-07-12,Nieokreślone (puste pole),19*43'573,52*22'103,P6907W,Obszar niezabudowany,Odcinek prosty,Droga powiatowa,Jednojezdniowa dwukierunkowa,N,POWIAT PŁOCKI,GĄBIN - OBSZAR WIEJSKI
1,1,0,2014,Pochmurno; Opady deszczu,Najechanie na pieszego,Pochmurno; Opady deszczu,Noc - droga nieoświetlona,Jezdnia,EWK-98415634A,20,2014-09-21,Nieokreślone (puste pole),21*20'284,52*34'274,62,Obszar niezabudowany,Odcinek prosty,Droga krajowa,Jednojezdniowa dwukierunkowa,T,POWIAT WYSZKOWSKI,SOMIANKA - OBSZAR WIEJSKI
1,1,0,2014,Pochmurno; Opady deszczu,Najechanie na pieszego,Pochmurno; Opady deszczu,Noc - droga nieoświetlona,Jezdnia,EWK-98696778M,0,2014-12-23,Nieokreślone (puste pole),21*32'547,52*46'230,G440206W,Obszar zabudowany,Odcinek prosty,Droga gminna,Jednojezdniowa dwukierunkowa,N,POWIAT WYSZKOWSKI,DŁUGOSIODŁO - OBSZAR WIEJSKI
1,0,1,2014,Pochmurno; Opady deszczu,Najechanie na pieszego,Pochmurno; Opady deszczu,Noc - droga oświetlona,Jezdnia,EWK-98172340H,3,2014-03-24,Lekko,22*08'378,52*37'118,GMINNA,Obszar zabudowany,Odcinek prosty,Droga gminna,Jednojezdniowa dwukierunkowa,N,POWIAT SOKOŁOWSKI,KOSÓW LACKI - OBSZAR WIEJSKI
1,0,0,2014,Pochmurno; Opady deszczu,Najechanie na pieszego,Pochmurno; Opady deszczu,Noc - droga oświetlona,Jezdnia,EWK-98172340H,3,2014-03-24,Nieokreślone (puste pole),22*08'378,52*37'118,GMINNA,Obszar zabudowany,Odcinek prosty,Droga gminna,Jednojezdniowa dwukierunkowa,N,POWIAT SOKOŁOWSKI,KOSÓW LACKI - OBSZAR WIEJSKI
1,0,1,2014,Pochmurno; Opady deszczu,Najechanie na pieszego,Pochmurno; Opady deszczu,Noc - droga oświetlona,Jezdnia,EWK-98693498T,21,2014-12-21,Ciężko,19*42'415,52*33'045,P,Obszar zabudowany,,Droga powiatowa,Dwie jezdnie jednokierunkowe,N,POWIAT PŁOCK,PŁOCK - OBSZAR MIEJSKI
1,0,0,2014,Pochmurno; Opady deszczu,Najechanie na pieszego,Pochmurno; Opady deszczu,Noc - droga oświetlona,Jezdnia,EWK-98693498T,21,2014-12-21,Nieokreślone (puste pole),19*42'415,52*33'045,P,Obszar zabudowany,,Droga powiatowa,Dwie jezdnie jednokierunkowe,N,POWIAT PŁOCK,PŁOCK - OBSZAR MIEJSKI
1,0,1,2014,Pochmurno; Opady deszczu,Najechanie na pieszego,Pochmurno; Opady deszczu,Noc - droga oświetlona,Przejście dla pieszych,EWK-98647816Y,18,2014-11-17,Ciężko,21*07'330,51*24'237,P5347W,Obszar zabudowany,Odcinek prosty,Droga powiatowa,Jednojezdniowa dwukierunkowa,T,POWIAT RADOM,RADOM - OBSZAR MIEJSKI
1,0,0,2014,Pochmurno; Opady deszczu,Najechanie na pieszego,Pochmurno; Opady deszczu,Noc - droga oświetlona,Przejście dla pieszych,EWK-98647816Y,18,2014-11-17,Nieokreślone (puste pole),21*07'330,51*24'237,P5347W,Obszar zabudowany,Odcinek prosty,Droga powiatowa,Jednojezdniowa dwukierunkowa,T,POWIAT RADOM,RADOM - OBSZAR MIEJSKI
1,0,1,2014,Pochmurno; Opady deszczu,Najechanie na pieszego,Pochmurno; Opady deszczu,Noc - droga oświetlona,Przejście dla pieszych,EWK-98686188E,20,2014-12-15,Lekko,20*37'427,52*52'494,G120101W,Obszar zabudowany,,Droga gminna,Dwie jezdnie jednokierunkowe,N,POWIAT CIECHANOWSKI,CIECHANÓW - OBSZAR MIEJSKI
1,0,0,2014,Pochmurno; Opady deszczu,Najechanie na pieszego,Pochmurno; Opady deszczu,Noc - droga oświetlona,Przejście dla pieszych,EWK-98686188E,20,2014-12-15,Nieokreślone (puste pole),20*37'427,52*52'494,G120101W,Obszar zabudowany,,Droga gminna,Dwie jezdnie jednokierunkowe,N,POWIAT CIECHANOWSKI,CIECHANÓW - OBSZAR MIEJSKI
1,0,1,2014,Pochmurno; Opady deszczu,Najechanie na pieszego,Pochmurno; Opady deszczu,Noc - droga oświetlona,Przejście dla pieszych,EWK-98693448Q,16,2014-12-19,Ciężko,19*40'560,52*33'274,P,Obszar zabudowany,Odcinek prosty,Droga powiatowa,Jednojezdniowa dwukierunkowa,N,POWIAT PŁOCK,PŁOCK - OBSZAR MIEJSKI
1,1,0,2014,Pochmurno; Opady deszczu,Najechanie na pieszego,Pochmurno; Opady deszczu,Noc - droga oświetlona,Przejście dla pieszych,EWK-98693448Q,16,2014-12-19,Nieokreślone (puste pole),19*40'560,52*33'274,P,Obszar zabudowany,Odcinek prosty,Droga powiatowa,Jednojezdniowa dwukierunkowa,N,POWIAT PŁOCK,PŁOCK - OBSZAR MIEJSKI
1,0,1,2014,Pochmurno; Opady deszczu,Najechanie na pieszego,Pochmurno; Opady deszczu,Noc - droga oświetlona,Przejście dla pieszych,EWK-98698754E,15,2014-12-22,Lekko,19*42'017,52*33'032,P,Obszar zabudowany,,Droga powiatowa,Jednojezdniowa dwukierunkowa,N,POWIAT PŁOCK,PŁOCK - OBSZAR MIEJSKI
1,0,0,2014,Pochmurno; Opady deszczu,Najechanie na pieszego,Pochmurno; Opady deszczu,Noc - droga oświetlona,Przejście dla pieszych,EWK-98698754E,15,2014-12-22,Nieokreślone (puste pole),19*42'017,52*33'032,P,Obszar zabudowany,,Droga powiatowa,Jednojezdniowa dwukierunkowa,N,POWIAT PŁOCK,PŁOCK - OBSZAR MIEJSKI
1,1,0,2014,Pochmurno; Opady deszczu,Najechanie na pieszego,Pochmurno; Opady deszczu,Noc - droga oświetlona,Przejście dla pieszych,EWK-98698977C,6,2014-12-22,Nieokreślone (puste pole),21*19'008,51*37'281,730,Obszar zabudowany,,Droga wojewódzka,Jednojezdniowa dwukierunkowa,N,POWIAT KOZIENICKI,GŁOWACZÓW - OBSZAR WIEJSKI
1,1,0,2014,Pochmurno; Opady deszczu,Najechanie na pieszego,Pochmurno; Opady deszczu,Noc - droga oświetlona,Przejście dla pieszych,EWK-98699052P,17,2014-12-23,Nieokreślone (puste pole),21*41'015,53*02'079,627,Obszar zabudowany,,Droga wojewódzka,Jednojezdniowa dwukierunkowa,N,POWIAT OSTROŁĘCKI,TROSZYN - OBSZAR WIEJSKI
1,0,1,2014,Pochmurno; Opady deszczu,Najechanie na pieszego,Pochmurno; Opady deszczu,"Zmrok, świt",Przejście dla pieszych,EWK-98484095X,6,2014-10-17,Lekko,19*42'080,52*32'188,P,Obszar zabudowany,Odcinek prosty,Droga powiatowa,Jednojezdniowa dwukierunkowa,N,POWIAT PŁOCK,PŁOCK - OBSZAR MIEJSKI
1,0,0,2014,Pochmurno; Opady deszczu,Najechanie na pieszego,Pochmurno; Opady deszczu,"Zmrok, świt",Przejście dla pieszych,EWK-98484095X,6,2014-10-17,Nieokreślone (puste pole),19*42'080,52*32'188,P,Obszar zabudowany,Odcinek prosty,Droga powiatowa,Jednojezdniowa dwukierunkowa,N,POWIAT PŁOCK,PŁOCK - OBSZAR MIEJSKI
1,0,1,2014,Pochmurno; Opady deszczu,Najechanie na pieszego,Pochmurno; Opady deszczu,"Zmrok, świt",Przejście dla pieszych,EWK-98649334H,5,2014-11-18,Lekko,21*34'592,53*05'056,P5112W,Obszar zabudowany,Odcinek prosty,Droga powiatowa,Jednojezdniowa dwukierunkowa,N,POWIAT OSTROŁĘKA,OSTROŁĘKA - OBSZAR MIEJSKI
1,0,0,2014,Pochmurno; Opady deszczu,Najechanie na pieszego,Pochmurno; Opady deszczu,"Zmrok, świt",Przejście dla pieszych,EWK-98649334H,5,2014-11-18,Nieokreślone (puste pole),21*34'592,53*05'056,P5112W,Obszar zabudowany,Odcinek prosty,Droga powiatowa,Jednojezdniowa dwukierunkowa,N,POWIAT OSTROŁĘKA,OSTROŁĘKA - OBSZAR MIEJSKI
1,1,0,2014,Pochmurno; Opady deszczu,Najechanie na pieszego,Pochmurno; Opady deszczu,"Zmrok, świt",Przejście dla pieszych,EWK-98692781M,7,2014-12-18,Nieokreślone (puste pole),20*25'479,52*03'476,GMINNA,Obszar zabudowany,Odcinek prosty,Droga gminna,Jednojezdniowa dwukierunkowa,N,POWIAT ŻYRARDOWSKI,ŻYRARDÓW - OBSZAR MIEJSKI
1,0,1,2014,Pochmurno; Opady deszczu,Najechanie na pieszego,Pochmurno; Opady deszczu,"Zmrok, świt",Przejście dla pieszych,EWK-98693643J,15,2014-12-22,Lekko,21*34'170,53*04'528,P5107W,Obszar zabudowany,,Droga powiatowa,Dwie jezdnie jednokierunkowe,N,POWIAT OSTROŁĘKA,OSTROŁĘKA - OBSZAR MIEJSKI
1,0,0,2014,Pochmurno; Opady deszczu,Najechanie na pieszego,Pochmurno; Opady deszczu,"Zmrok, świt",Przejście dla pieszych,EWK-98693643J,15,2014-12-22,Nieokreślone (puste pole),21*34'170,53*04'528,P5107W,Obszar zabudowany,,Droga powiatowa,Dwie jezdnie jednokierunkowe,N,POWIAT OSTROŁĘKA,OSTROŁĘKA - OBSZAR MIEJSKI
1,0,1,2014,Pochmurno; Opady deszczu,Najechanie na pieszego,Pochmurno; Opady deszczu,"Zmrok, świt",Przejście dla pieszych,EWK-98698081G,15,2014-12-22,Lekko,20*22'294,53*06'465,P4640W,Obszar zabudowany,Odcinek prosty,Droga powiatowa,Jednojezdniowa dwukierunkowa,T,POWIAT MŁAWSKI,MŁAWA - OBSZAR MIEJSKI