Liczba wypadków,Liczba zabitych,Liczba rannych,Rok,Warunki atmosferyczne,Rodzaj zdarzenia,Warunki atmosferyczne,Oświetlenie,Charakterystyka miejsca zdarzenia,IDKSIP zdarzenia,Godzina,Dzień,Ranny,GPS x,GPS y,Numer drogi,Obszar,Geometria drogi,Kategoria drogi 1,Rodzaj drogi,Czy w zdarzeniu był sprawca nietrzeźwy,Powiat,Gmina
1,0,0,2014,Pochmurno; Opady deszczu,Zderzenie pojazdów tylne,Pochmurno; Opady deszczu,Światło dzienne,Jezdnia,EWK-98127259D,6,2014-02-11,Nieokreślone (puste pole),19*42'541,52*32'512,567,Obszar zabudowany,Odcinek prosty,Droga wojewódzka,Jednojezdniowa dwukierunkowa,N,POWIAT PŁOCK,PŁOCK - OBSZAR MIEJSKI
1,0,2,2014,Pochmurno; Opady deszczu,Zderzenie pojazdów tylne,Pochmurno; Opady deszczu,Światło dzienne,Jezdnia,EWK-98182586P,9,2014-04-03,Lekko,19*42'098,52*32'515,60,Obszar zabudowany,Odcinek prosty,Droga krajowa,Dwie jezdnie jednokierunkowe,N,POWIAT PŁOCK,PŁOCK - OBSZAR MIEJSKI
1,0,0,2014,Pochmurno; Opady deszczu,Zderzenie pojazdów tylne,Pochmurno; Opady deszczu,Światło dzienne,Jezdnia,EWK-98182586P,9,2014-04-03,Nieokreślone (puste pole),19*42'098,52*32'515,60,Obszar zabudowany,Odcinek prosty,Droga krajowa,Dwie jezdnie jednokierunkowe,N,POWIAT PŁOCK,PŁOCK - OBSZAR MIEJSKI
1,0,2,2014,Pochmurno; Opady deszczu,Zderzenie pojazdów tylne,Pochmurno; Opady deszczu,Światło dzienne,Jezdnia,EWK-98193143J,5,2014-04-10,Lekko,20*23'466,53*07'104,7,Obszar niezabudowany,,Droga krajowa,Jednojezdniowa dwukierunkowa,N,POWIAT MŁAWSKI,MŁAWA - OBSZAR MIEJSKI
1,0,0,2014,Pochmurno; Opady deszczu,Zderzenie pojazdów tylne,Pochmurno; Opady deszczu,Światło dzienne,Jezdnia,EWK-98193143J,5,2014-04-10,Nieokreślone (puste pole),20*23'466,53*07'104,7,Obszar niezabudowany,,Droga krajowa,Jednojezdniowa dwukierunkowa,N,POWIAT MŁAWSKI,MŁAWA - OBSZAR MIEJSKI
1,0,1,2014,Pochmurno; Opady deszczu,Zderzenie pojazdów tylne,Pochmurno; Opady deszczu,Światło dzienne,Jezdnia,EWK-98199206J,14,2014-04-14,Lekko,19*40'335,52*34'162,P,Obszar zabudowany,,Droga powiatowa,Jednojezdniowa dwukierunkowa,N,POWIAT PŁOCK,PŁOCK - OBSZAR MIEJSKI
1,0,0,2014,Pochmurno; Opady deszczu,Zderzenie pojazdów tylne,Pochmurno; Opady deszczu,Światło dzienne,Jezdnia,EWK-98199206J,14,2014-04-14,Nieokreślone (puste pole),19*40'335,52*34'162,P,Obszar zabudowany,,Droga powiatowa,Jednojezdniowa dwukierunkowa,N,POWIAT PŁOCK,PŁOCK - OBSZAR MIEJSKI
1,0,1,2014,Pochmurno; Opady deszczu,Zderzenie pojazdów tylne,Pochmurno; Opady deszczu,Światło dzienne,Jezdnia,EWK-98262089M,14,2014-06-02,Ciężko,20*28'493,52*34'374,7,Obszar niezabudowany,Odcinek prosty,Droga krajowa,Dwie jezdnie jednokierunkowe,N,POWIAT PŁOŃSKI,ZAŁUSKI - OBSZAR WIEJSKI
1,0,1,2014,Pochmurno; Opady deszczu,Zderzenie pojazdów tylne,Pochmurno; Opady deszczu,Światło dzienne,Jezdnia,EWK-98262089M,14,2014-06-02,Lekko,20*28'493,52*34'374,7,Obszar niezabudowany,Odcinek prosty,Droga krajowa,Dwie jezdnie jednokierunkowe,N,POWIAT PŁOŃSKI,ZAŁUSKI - OBSZAR WIEJSKI
1,0,0,2014,Pochmurno; Opady deszczu,Zderzenie pojazdów tylne,Pochmurno; Opady deszczu,Światło dzienne,Jezdnia,EWK-98262089M,14,2014-06-02,Nieokreślone (puste pole),20*28'493,52*34'374,7,Obszar niezabudowany,Odcinek prosty,Droga krajowa,Dwie jezdnie jednokierunkowe,N,POWIAT PŁOŃSKI,ZAŁUSKI - OBSZAR WIEJSKI
1,1,0,2014,Pochmurno; Opady deszczu,Zderzenie pojazdów tylne,Pochmurno; Opady deszczu,Światło dzienne,Jezdnia,EWK-98281779T,17,2014-06-22,Nieokreślone (puste pole),20*25'537,53*11'165,7,Obszar niezabudowany,Odcinek prosty,Droga krajowa,Jednojezdniowa dwukierunkowa,N,POWIAT MŁAWSKI,WIECZFNIA KOŚCIELNA - OBSZAR WIEJSKI
1,0,1,2014,Pochmurno; Opady deszczu,Zderzenie pojazdów tylne,Pochmurno; Opady deszczu,Światło dzienne,Jezdnia,EWK-98283060K,11,2014-06-21,Lekko,21*39'355,52*32'242,62,Obszar zabudowany,Odcinek prosty,Droga krajowa,Jednojezdniowa dwukierunkowa,N,POWIAT WĘGROWSKI,ŁOCHÓW - OBSZAR WIEJSKI
1,0,0,2014,Pochmurno; Opady deszczu,Zderzenie pojazdów tylne,Pochmurno; Opady deszczu,Światło dzienne,Jezdnia,EWK-98283060K,11,2014-06-21,Nieokreślone (puste pole),21*39'355,52*32'242,62,Obszar zabudowany,Odcinek prosty,Droga krajowa,Jednojezdniowa dwukierunkowa,N,POWIAT WĘGROWSKI,ŁOCHÓW - OBSZAR WIEJSKI
1,0,1,2014,Pochmurno; Opady deszczu,Zderzenie pojazdów tylne,Pochmurno; Opady deszczu,Światło dzienne,Jezdnia,EWK-98346808U,15,2014-08-01,Lekko,19*44'364,52*37'329,5201W,Obszar niezabudowany,Odcinek prosty,Droga powiatowa,Jednojezdniowa dwukierunkowa,N,POWIAT PŁOCKI,BIELSK - OBSZAR WIEJSKI
1,0,0,2014,Pochmurno; Opady deszczu,Zderzenie pojazdów tylne,Pochmurno; Opady deszczu,Światło dzienne,Jezdnia,EWK-98346808U,15,2014-08-01,Nieokreślone (puste pole),19*44'364,52*37'329,5201W,Obszar niezabudowany,Odcinek prosty,Droga powiatowa,Jednojezdniowa dwukierunkowa,N,POWIAT PŁOCKI,BIELSK - OBSZAR WIEJSKI
1,0,1,2014,Pochmurno; Opady deszczu,Zderzenie pojazdów tylne,Pochmurno; Opady deszczu,Światło dzienne,Jezdnia,EWK-98612364R,7,2014-10-21,Lekko,19*43'266,52*34'120,60,Obszar zabudowany,,Droga krajowa,Jednojezdniowa dwukierunkowa,N,POWIAT PŁOCK,PŁOCK - OBSZAR MIEJSKI
1,0,0,2014,Pochmurno; Opady deszczu,Zderzenie pojazdów tylne,Pochmurno; Opady deszczu,Światło dzienne,Jezdnia,EWK-98612364R,7,2014-10-21,Nieokreślone (puste pole),19*43'266,52*34'120,60,Obszar zabudowany,,Droga krajowa,Jednojezdniowa dwukierunkowa,N,POWIAT PŁOCK,PŁOCK - OBSZAR MIEJSKI
1,0,1,2014,Pochmurno; Opady deszczu,Zderzenie pojazdów tylne,Pochmurno; Opady deszczu,Światło dzienne,Jezdnia,EWK-98698706E,14,2014-12-22,Lekko,19*45'479,52*32'032,62,Obszar zabudowany,Odcinek prosty,Droga krajowa,Dwie jezdnie jednokierunkowe,N,POWIAT PŁOCK,PŁOCK - OBSZAR MIEJSKI
1,0,0,2014,Pochmurno; Opady deszczu,Zderzenie pojazdów tylne,Pochmurno; Opady deszczu,Światło dzienne,Jezdnia,EWK-98698706E,14,2014-12-22,Nieokreślone (puste pole),19*45'479,52*32'032,62,Obszar zabudowany,Odcinek prosty,Droga krajowa,Dwie jezdnie jednokierunkowe,N,POWIAT PŁOCK,PŁOCK - OBSZAR MIEJSKI
1,0,2,2014,"Pochmurno; Opady deszczu; Mgła, dym",Zderzenie pojazdów czołowe,"Pochmurno; Opady deszczu; Mgła, dym",Światło dzienne,Jezdnia,EWK-98662484D,15,2014-11-25,Lekko,21*27'434,52*33'346,GMINNA,Obszar zabudowany,Odcinek prosty,Droga gminna,Jednojezdniowa dwukierunkowa,N,POWIAT WYSZKOWSKI,WYSZKÓW - OBSZAR WIEJSKI
1,0,1,2014,"Pochmurno; Opady śniegu, gradu",Najechanie na pieszego,"Pochmurno; Opady śniegu, gradu",Światło dzienne,"Chodnik, droga dla pieszych",EWK-98100893G,7,2014-01-20,Lekko,19*40'520,52*33'231,GMINNA,Obszar zabudowany,Odcinek prosty,Droga gminna,Jednojezdniowa dwukierunkowa,N,POWIAT PŁOCK,PŁOCK - OBSZAR MIEJSKI
1,0,0,2014,"Pochmurno; Opady śniegu, gradu",Najechanie na pieszego,"Pochmurno; Opady śniegu, gradu",Światło dzienne,"Chodnik, droga dla pieszych",EWK-98100893G,7,2014-01-20,Nieokreślone (puste pole),19*40'520,52*33'231,GMINNA,Obszar zabudowany,Odcinek prosty,Droga gminna,Jednojezdniowa dwukierunkowa,N,POWIAT PŁOCK,PŁOCK - OBSZAR MIEJSKI
1,0,1,2014,"Pochmurno; Opady śniegu, gradu",Zderzenie pojazdów boczne,"Pochmurno; Opady śniegu, gradu",Światło dzienne,Jezdnia,EWK-98093514G,10,2014-01-15,Lekko,21*44'440,52*31'231,62,Obszar niezabudowany,Odcinek prosty,Droga krajowa,Jednojezdniowa dwukierunkowa,N,POWIAT WĘGROWSKI,ŁOCHÓW - OBSZAR WIEJSKI
1,0,0,2014,"Pochmurno; Opady śniegu, gradu",Zderzenie pojazdów boczne,"Pochmurno; Opady śniegu, gradu",Światło dzienne,Jezdnia,EWK-98093514G,10,2014-01-15,Nieokreślone (puste pole),21*44'440,52*31'231,62,Obszar niezabudowany,Odcinek prosty,Droga krajowa,Jednojezdniowa dwukierunkowa,N,POWIAT WĘGROWSKI,ŁOCHÓW - OBSZAR WIEJSKI
1,0,1,2014,"Pochmurno; Opady śniegu, gradu",Zderzenie pojazdów czołowe,"Pochmurno; Opady śniegu, gradu",Światło dzienne,Jezdnia,EWK-98092086A,10,2014-01-15,Ciężko,19*34'159,52*36'368,555,Obszar niezabudowany,"Zakręt, łuk",Droga wojewódzka,Jednojezdniowa dwukierunkowa,N,POWIAT PŁOCKI,STARA BIAŁA - OBSZAR WIEJSKI
1,0,0,2014,"Pochmurno; Opady śniegu, gradu",Zderzenie pojazdów czołowe,"Pochmurno; Opady śniegu, gradu",Światło dzienne,Jezdnia,EWK-98092086A,10,2014-01-15,Nieokreślone (puste pole),19*34'159,52*36'368,555,Obszar niezabudowany,"Zakręt, łuk",Droga wojewódzka,Jednojezdniowa dwukierunkowa,N,POWIAT PŁOCKI,STARA BIAŁA - OBSZAR WIEJSKI
1,0,1,2014,"Pochmurno; Opady śniegu, gradu",Zderzenie pojazdów czołowe,"Pochmurno; Opady śniegu, gradu",Światło dzienne,Jezdnia,EWK-98092095L,12,2014-01-15,Lekko,19*44'004,52*35'584,5201W,Obszar niezabudowany,Odcinek prosty,Droga powiatowa,Jednojezdniowa dwukierunkowa,N,POWIAT PŁOCKI,STARA BIAŁA - OBSZAR WIEJSKI
1,0,0,2014,"Pochmurno; Opady śniegu, gradu",Zderzenie pojazdów czołowe,"Pochmurno; Opady śniegu, gradu",Światło dzienne,Jezdnia,EWK-98092095L,12,2014-01-15,Nieokreślone (puste pole),19*44'004,52*35'584,5201W,Obszar niezabudowany,Odcinek prosty,Droga powiatowa,Jednojezdniowa dwukierunkowa,N,POWIAT PŁOCKI,STARA BIAŁA - OBSZAR WIEJSKI
1,0,1,2014,Silny wiatr,Najechanie na drzewo,Silny wiatr,Noc - droga nieoświetlona,Jezdnia,EWK-98613821L,21,2014-10-22,Lekko,19*57'156,52*48'261,P3743W,Obszar niezabudowany,"Zakręt, łuk",Droga powiatowa,Jednojezdniowa dwukierunkowa,N,POWIAT SIERPECKI,ZAWIDZ - OBSZAR WIEJSKI
1,0,1,2014,Silny wiatr,Najechanie na drzewo,Silny wiatr,Noc - droga nieoświetlona,"Skarpa, rów",EWK-98165671K,19,2014-03-15,Lekko,21*19'595,51*48'270,P1706W,Obszar niezabudowany,Odcinek prosty,Droga powiatowa,Jednojezdniowa dwukierunkowa,T,POWIAT KOZIENICKI,MAGNUSZEW - OBSZAR WIEJSKI
1,0,1,2014,Silny wiatr,Najechanie na pieszego,Silny wiatr,Noc - droga nieoświetlona,Jezdnia,EWK-98117378W,18,2014-01-31,Ciężko,21*54'410,52*47'599,P,Obszar zabudowany,,Droga powiatowa,Jednojezdniowa dwukierunkowa,N,POWIAT OSTROWSKI,OSTRÓW MAZOWIECKA - OBSZAR MIEJSKI
1,0,0,2014,Silny wiatr,Najechanie na pieszego,Silny wiatr,Noc - droga nieoświetlona,Jezdnia,EWK-98117378W,18,2014-01-31,Nieokreślone (puste pole),21*54'410,52*47'599,P,Obszar zabudowany,,Droga powiatowa,Jednojezdniowa dwukierunkowa,N,POWIAT OSTROWSKI,OSTRÓW MAZOWIECKA - OBSZAR MIEJSKI
1,0,1,2014,Silny wiatr,Najechanie na pieszego,Silny wiatr,Noc - droga oświetlona,Jezdnia,EWK-98693589J,17,2014-12-21,Lekko,21*11'192,51*47'265,GMINNA,Obszar zabudowany,Odcinek prosty,Droga gminna,Jednojezdniowa dwukierunkowa,N,POWIAT GRÓJECKI,WARKA - OBSZAR MIEJSKI
1,0,0,2014,Silny wiatr,Najechanie na pieszego,Silny wiatr,Noc - droga oświetlona,Jezdnia,EWK-98693589J,17,2014-12-21,Nieokreślone (puste pole),21*11'192,51*47'265,GMINNA,Obszar zabudowany,Odcinek prosty,Droga gminna,Jednojezdniowa dwukierunkowa,N,POWIAT GRÓJECKI,WARKA - OBSZAR MIEJSKI
1,0,1,2014,Silny wiatr,Najechanie na pieszego,Silny wiatr,Noc - droga oświetlona,Jezdnia,EWK-98693769N,17,2014-12-22,Lekko,21*05'368,51*21'185,G530266W,Obszar zabudowany,"Zakręt, łuk",Droga gminna,Jednojezdniowa dwukierunkowa,N,POWIAT RADOM,RADOM - OBSZAR MIEJSKI
1,0,0,2014,Silny wiatr,Najechanie na pieszego,Silny wiatr,Noc - droga oświetlona,Jezdnia,EWK-98693769N,17,2014-12-22,Nieokreślone (puste pole),21*05'368,51*21'185,G530266W,Obszar zabudowany,"Zakręt, łuk",Droga gminna,Jednojezdniowa dwukierunkowa,N,POWIAT RADOM,RADOM - OBSZAR MIEJSKI
1,0,1,2014,Silny wiatr,Najechanie na pieszego,Silny wiatr,"Zmrok, świt",Jezdnia,EWK-98693753U,16,2014-12-22,Lekko,20*54'537,51*27'068,34365W,Obszar niezabudowany,Odcinek prosty,Droga powiatowa,Jednojezdniowa dwukierunkowa,N,POWIAT RADOMSKI,PRZYTYK - OBSZAR WIEJSKI
1,0,0,2014,Silny wiatr,Najechanie na pieszego,Silny wiatr,"Zmrok, świt",Jezdnia,EWK-98693753U,16,2014-12-22,Nieokreślone (puste pole),20*54'537,51*27'068,34365W,Obszar niezabudowany,Odcinek prosty,Droga powiatowa,Jednojezdniowa dwukierunkowa,N,POWIAT RADOMSKI,PRZYTYK - OBSZAR WIEJSKI
1,0,1,2014,Silny wiatr,Zderzenie pojazdów boczne,Silny wiatr,Noc - droga nieoświetlona,Jezdnia,EWK-98113147D,17,2014-01-29,Ciężko,20*10'009,52*16'184,50,Obszar niezabudowany,Odcinek prosty,Droga krajowa,Jednojezdniowa dwukierunkowa,N,POWIAT SOCHACZEWSKI,MŁODZIESZYN - OBSZAR WIEJSKI
1,0,0,2014,Silny wiatr,Zderzenie pojazdów boczne,Silny wiatr,Noc - droga nieoświetlona,Jezdnia,EWK-98113147D,17,2014-01-29,Nieokreślone (puste pole),20*10'009,52*16'184,50,Obszar niezabudowany,Odcinek prosty,Droga krajowa,Jednojezdniowa dwukierunkowa,N,POWIAT SOCHACZEWSKI,MŁODZIESZYN - OBSZAR WIEJSKI
1,0,2,2014,Silny wiatr,Zderzenie pojazdów czołowe,Silny wiatr,Światło dzienne,Jezdnia,EWK-98115186E,15,2014-01-31,Ciężko,21*56'400,52*12'171,2,Obszar niezabudowany,Odcinek prosty,Droga krajowa,Jednojezdniowa dwukierunkowa,N,POWIAT SIEDLECKI,KOTUŃ - OBSZAR WIEJSKI
1,1,0,2014,Silny wiatr,Zderzenie pojazdów czołowe,Silny wiatr,Światło dzienne,Jezdnia,EWK-98115186E,15,2014-01-31,Nieokreślone (puste pole),21*56'400,52*12'171,2,Obszar niezabudowany,Odcinek prosty,Droga krajowa,Jednojezdniowa dwukierunkowa,N,POWIAT SIEDLECKI,KOTUŃ - OBSZAR WIEJSKI
1,1,0,2014,Silny wiatr,Zderzenie pojazdów czołowe,Silny wiatr,Światło dzienne,Jezdnia,EWK-98118925T,14,2014-01-30,Nieokreślone (puste pole),22*01'252,52*52'196,8,Obszar niezabudowany,Odcinek prosty,Droga krajowa,Jednojezdniowa dwukierunkowa,N,POWIAT OSTROWSKI,OSTRÓW MAZOWIECKA - OBSZAR WIEJSKI
1,0,1,2014,Silny wiatr,Zderzenie pojazdów czołowe,Silny wiatr,Światło dzienne,Jezdnia,EWK-98164220D,13,2014-03-17,Lekko,20*23'582,53*06'475,7,Obszar niezabudowany,,Droga krajowa,Jednojezdniowa dwukierunkowa,N,POWIAT MŁAWSKI,MŁAWA - OBSZAR MIEJSKI
1,0,0,2014,Silny wiatr,Zderzenie pojazdów czołowe,Silny wiatr,Światło dzienne,Jezdnia,EWK-98164220D,13,2014-03-17,Nieokreślone (puste pole),20*23'582,53*06'475,7,Obszar niezabudowany,,Droga krajowa,Jednojezdniowa dwukierunkowa,N,POWIAT MŁAWSKI,MŁAWA - OBSZAR MIEJSKI
1,1,0,2014,Silny wiatr; Opady deszczu,Najechanie na pieszego,Silny wiatr; Opady deszczu,Noc - droga nieoświetlona,Przejście dla pieszych,EWK-98651649X,16,2014-11-19,Nieokreślone (puste pole),20*16'066,52*11'439,50,Obszar niezabudowany,Odcinek prosty,Droga krajowa,Jednojezdniowa dwukierunkowa,N,POWIAT SOCHACZEWSKI,SOCHACZEW - OBSZAR WIEJSKI
1,0,1,2014,Silny wiatr; Opady deszczu,Najechanie na pieszego,Silny wiatr; Opady deszczu,Noc - droga oświetlona,Przejście dla pieszych,EWK-98693426G,17,2014-12-19,Ciężko,19*40'426,52*33'046,559,Obszar zabudowany,,Droga wojewódzka,Jednojezdniowa dwukierunkowa,N,POWIAT PŁOCK,PŁOCK - OBSZAR MIEJSKI
1,0,0,2014,Silny wiatr; Opady deszczu,Najechanie na pieszego,Silny wiatr; Opady deszczu,Noc - droga oświetlona,Przejście dla pieszych,EWK-98693426G,17,2014-12-19,Nieokreślone (puste pole),19*40'426,52*33'046,559,Obszar zabudowany,,Droga wojewódzka,Jednojezdniowa dwukierunkowa,N,POWIAT PŁOCK,PŁOCK - OBSZAR MIEJSKI
1,0,1,2014,Silny wiatr; Opady deszczu,Najechanie na pieszego,Silny wiatr; Opady deszczu,Noc - droga oświetlona,Przejście dla pieszych,EWK-98700218W,6,2014-12-22,Lekko,22*00'575,52*23'500,,Obszar zabudowany,,Nieokreślone (puste pole),Jednojezdniowa dwukierunkowa,N,POWIAT WĘGROWSKI,WĘGRÓW - OBSZAR MIEJSKI
1,0,0,2014,Silny wiatr; Opady deszczu,Najechanie na pieszego,Silny wiatr; Opady deszczu,Noc - droga oświetlona,Przejście dla pieszych,EWK-98700218W,6,2014-12-22,Nieokreślone (puste pole),22*00'575,52*23'500,,Obszar zabudowany,,Nieokreślone (puste pole),Jednojezdniowa dwukierunkowa,N,POWIAT WĘGROWSKI,WĘGRÓW - OBSZAR MIEJSKI
1,1,0,2014,Silny wiatr; Opady deszczu,Najechanie na pieszego,Silny wiatr; Opady deszczu,"Zmrok, świt",Jezdnia,EWK-98697615A,15,2014-12-22,Nieokreślone (puste pole),20*22'348,52*37'135,P3078W,Obszar zabudowany,Odcinek prosty,Droga powiatowa,Jednojezdniowa dwukierunkowa,N,POWIAT PŁOŃSKI,PŁOŃSK - OBSZAR MIEJSKI
1,1,0,2014,Silny wiatr; Opady deszczu,Zderzenie pojazdów czołowe,Silny wiatr; Opady deszczu,Noc - droga nieoświetlona,Jezdnia,EWK-98696373W,18,2014-12-20,Nieokreślone (puste pole),20*21'325,52*41'096,7,Obszar niezabudowany,,Droga krajowa,Jednojezdniowa dwukierunkowa,N,POWIAT PŁOŃSKI,PŁOŃSK - OBSZAR WIEJSKI
1,0,1,2014,Silny wiatr; Opady deszczu,Zderzenie pojazdów tylne,Silny wiatr; Opady deszczu,"Zmrok, świt",Jezdnia,EWK-98616595K,16,2014-10-23,Lekko,21*06'038,51*31'200,7,Obszar niezabudowany,"Zakręt, łuk",Droga krajowa,Dwie jezdnie jednokierunkowe,N,POWIAT RADOMSKI,JEDLIŃSK - OBSZAR WIEJSKI
1,0,0,2014,Silny wiatr; Opady deszczu,Zderzenie pojazdów tylne,Silny wiatr; Opady deszczu,"Zmrok, świt",Jezdnia,EWK-98616595K,16,2014-10-23,Nieokreślone (puste pole),21*06'038,51*31'200,7,Obszar niezabudowany,"Zakręt, łuk",Droga krajowa,Dwie jezdnie jednokierunkowe,N,POWIAT RADOMSKI,JEDLIŃSK - OBSZAR WIEJSKI
1,1,0,2014,"Silny wiatr; Opady deszczu; Opady śniegu, gradu",Zderzenie pojazdów czołowe,"Silny wiatr; Opady deszczu; Opady śniegu, gradu","Zmrok, świt",Jezdnia,EWK-98100601L,17,2014-01-20,Nieokreślone (puste pole),21*07'460,51*53'385,GMINNA,Obszar niezabudowany,Odcinek prosty,Droga gminna,Jednojezdniowa dwukierunkowa,N,POWIAT GRÓJECKI,CHYNÓW - OBSZAR WIEJSKI
1,0,1,2014,"Silny wiatr; Opady śniegu, gradu",Najechanie na pieszego,"Silny wiatr; Opady śniegu, gradu",Noc - droga nieoświetlona,Jezdnia,EWK-98092145N,22,2014-01-12,Ciężko,21*36'404,51*28'561,79,Obszar zabudowany,Odcinek prosty,Droga krajowa,Jednojezdniowa dwukierunkowa,N,POWIAT KOZIENICKI,GARBATKA-LETNISKO - OBSZAR WIEJSKI
1,0,0,2014,"Silny wiatr; Opady śniegu, gradu",Najechanie na pieszego,"Silny wiatr; Opady śniegu, gradu",Noc - droga nieoświetlona,Jezdnia,EWK-98092145N,22,2014-01-12,Nieokreślone (puste pole),21*36'404,51*28'561,79,Obszar zabudowany,Odcinek prosty,Droga krajowa,Jednojezdniowa dwukierunkowa,N,POWIAT KOZIENICKI,GARBATKA-LETNISKO - OBSZAR WIEJSKI
1,0,19,2014,"Silny wiatr; Opady śniegu, gradu",Zderzenie pojazdów boczne,"Silny wiatr; Opady śniegu, gradu",Światło dzienne,Jezdnia,EWK-98113492U,8,2014-01-30,Lekko,20*20'385,53*03'044,7,Obszar zabudowany,"Zakręt, łuk",Droga krajowa,Jednojezdniowa dwukierunkowa,N,POWIAT MŁAWSKI,WIŚNIEWO - OBSZAR WIEJSKI
1,0,0,2014,"Silny wiatr; Opady śniegu, gradu",Zderzenie pojazdów boczne,"Silny wiatr; Opady śniegu, gradu",Światło dzienne,Jezdnia,EWK-98113492U,8,2014-01-30,Nieokreślone (puste pole),20*20'385,53*03'044,7,Obszar zabudowany,"Zakręt, łuk",Droga krajowa,Jednojezdniowa dwukierunkowa,N,POWIAT MŁAWSKI,WIŚNIEWO - OBSZAR WIEJSKI
1,0,1,2014,"Silny wiatr; Opady śniegu, gradu",Zderzenie pojazdów boczne,"Silny wiatr; Opady śniegu, gradu",Światło dzienne,Jezdnia,EWK-98140051H,15,2014-01-29,Lekko,20*09'264,52*55'341,GMINNA,Obszar zabudowany,"Zakręt, łuk",Droga gminna,Jednojezdniowa dwukierunkowa,N,POWIAT MŁAWSKI,RADZANÓW - OBSZAR WIEJSKI
1,0,0,2014,"Silny wiatr; Opady śniegu, gradu",Zderzenie pojazdów boczne,"Silny wiatr; Opady śniegu, gradu",Światło dzienne,Jezdnia,EWK-98140051H,15,2014-01-29,Nieokreślone (puste pole),20*09'264,52*55'341,GMINNA,Obszar zabudowany,"Zakręt, łuk",Droga gminna,Jednojezdniowa dwukierunkowa,N,POWIAT MŁAWSKI,RADZANÓW - OBSZAR WIEJSKI
1,0,1,2014,"Silny wiatr; Opady śniegu, gradu",Zderzenie pojazdów czołowe,"Silny wiatr; Opady śniegu, gradu",Noc - droga nieoświetlona,Jezdnia,EWK-98100869P,5,2014-01-17,Lekko,19*47'250,52*37'187,60,Obszar zabudowany,,Droga krajowa,Jednojezdniowa dwukierunkowa,N,POWIAT PŁOCKI,BIELSK - OBSZAR WIEJSKI
1,0,0,2014,"Silny wiatr; Opady śniegu, gradu",Zderzenie pojazdów czołowe,"Silny wiatr; Opady śniegu, gradu",Noc - droga nieoświetlona,Jezdnia,EWK-98100869P,5,2014-01-17,Nieokreślone (puste pole),19*47'250,52*37'187,60,Obszar zabudowany,,Droga krajowa,Jednojezdniowa dwukierunkowa,N,POWIAT PŁOCKI,BIELSK - OBSZAR WIEJSKI
1,0,1,2014,Silny wiatr; Pochmurno,Najechanie na pojazd unieruchomiony,Silny wiatr; Pochmurno,"Zmrok, świt","Chodnik, droga dla pieszych",EWK-98656248T,15,2014-11-18,Lekko,20*25'474,52*03'476,GMINNA,Obszar zabudowany,Odcinek prosty,Droga gminna,Jednojezdniowa dwukierunkowa,N,POWIAT ŻYRARDOWSKI,ŻYRARDÓW - OBSZAR MIEJSKI
1,0,0,2014,Silny wiatr; Pochmurno,Najechanie na pojazd unieruchomiony,Silny wiatr; Pochmurno,"Zmrok, świt","Chodnik, droga dla pieszych",EWK-98656248T,15,2014-11-18,Nieokreślone (puste pole),20*25'474,52*03'476,GMINNA,Obszar zabudowany,Odcinek prosty,Droga gminna,Jednojezdniowa dwukierunkowa,N,POWIAT ŻYRARDOWSKI,ŻYRARDÓW - OBSZAR MIEJSKI
1,0,1,2014,Silny wiatr; Pochmurno,Zderzenie pojazdów tylne,Silny wiatr; Pochmurno,Światło dzienne,Jezdnia,EWK-98165650H,15,2014-03-15,Lekko,21*13'511,51*42'520,730,Obszar zabudowany,Odcinek prosty,Droga wojewódzka,Jednojezdniowa dwukierunkowa,N,POWIAT KOZIENICKI,GRABÓW NAD PILICĄ - OBSZAR WIEJSKI
1,0,0,2014,Silny wiatr; Pochmurno,Zderzenie pojazdów tylne,Silny wiatr; Pochmurno,Światło dzienne,Jezdnia,EWK-98165650H,15,2014-03-15,Nieokreślone (puste pole),21*13'511,51*42'520,730,Obszar zabudowany,Odcinek prosty,Droga wojewódzka,Jednojezdniowa dwukierunkowa,N,POWIAT KOZIENICKI,GRABÓW NAD PILICĄ - OBSZAR WIEJSKI
1,0,1,2014,Silny wiatr; Pochmurno; Opady deszczu,Wywrócenie się pojazdu,Silny wiatr; Pochmurno; Opady deszczu,Noc - droga nieoświetlona,Pobocze,EWK-98668818K,3,2014-11-15,Lekko,21*34'079,52*56'012,G250420W,Obszar zabudowany,"Zakręt, łuk",Droga gminna,Jednojezdniowa dwukierunkowa,T,POWIAT OSTROŁĘCKI,GOWOROWO - OBSZAR WIEJSKI
1,0,1,2014,Silny wiatr; Pochmurno; Opady deszczu,Zderzenie pojazdów boczne,Silny wiatr; Pochmurno; Opady deszczu,Światło dzienne,Jezdnia,EWK-98160566J,7,2014-03-15,Ciężko,20*36'409,52*49'046,50,Obszar niezabudowany,Odcinek prosty,Droga krajowa,Jednojezdniowa dwukierunkowa,N,POWIAT CIECHANOWSKI,CIECHANÓW - OBSZAR WIEJSKI
1,0,0,2014,Silny wiatr; Pochmurno; Opady deszczu,Zderzenie pojazdów boczne,Silny wiatr; Pochmurno; Opady deszczu,Światło dzienne,Jezdnia,EWK-98160566J,7,2014-03-15,Nieokreślone (puste pole),20*36'409,52*49'046,50,Obszar niezabudowany,Odcinek prosty,Droga krajowa,Jednojezdniowa dwukierunkowa,N,POWIAT CIECHANOWSKI,CIECHANÓW - OBSZAR WIEJSKI